model_id,score_threshold,r_squared,rmse,errors,gt_values,count_accuracy_avg,count_accuracy_sd,ap_iou_50_95,ap_iou_50,ap_iou_75,ap_small,ap_medium,ap_large,ar_max_1,ar_max_10,ar_max_100,ar_small,ar_medium,ar_large
yolov5nu_dataset_1_exp_dataset_quality_1,0.29,0.9740932642487047,0.5916079783099616,"[0, 0, 1, 0, 0, 0, 0, 0, 0, 0, 2, -1, 0, 0, 0, 0, 0, 0, 0, 1]","[9, 8, 7, 15, 15, 13, 14, 7, 15, 7, 16, 13, 15, 7, 16, 16, 13, 8, 14, 6]",0.9744276556776557,0.053220862884580694,0.7058112364586502,0.9761690454759759,0.8167947549785733,0.7058112364586502,-1.0,-1.0,0.06752136752136752,0.6029914529914528,0.7820512820512822,0.7820512820512822,-1.0,-1.0
yolov5nu_dataset_1_exp_dataset_quality_1,0.4,0.9740932642487047,0.5916079783099616,"[0, 0, 1, 0, 0, 0, 0, 0, 0, 0, 2, -1, 0, 0, 0, 0, 0, 0, 0, 1]","[9, 8, 7, 15, 15, 13, 14, 7, 15, 7, 16, 13, 15, 7, 16, 16, 13, 8, 14, 6]",0.9744276556776557,0.053220862884580694,0.7058112364586502,0.9761690454759759,0.8167947549785733,0.7058112364586502,-1.0,-1.0,0.06752136752136752,0.6029914529914528,0.7820512820512822,0.7820512820512822,-1.0,-1.0
yolov5nu_dataset_1_exp_dataset_quality_1,0.5,0.9740932642487047,0.5916079783099616,"[0, 0, 1, 0, 0, 0, 0, 0, 0, 0, 2, -1, 0, 0, 0, 0, 0, 0, 0, 1]","[9, 8, 7, 15, 15, 13, 14, 7, 15, 7, 16, 13, 15, 7, 16, 16, 13, 8, 14, 6]",0.9744276556776557,0.053220862884580694,0.7058112364586502,0.9761690454759759,0.8167947549785733,0.7058112364586502,-1.0,-1.0,0.06752136752136752,0.6029914529914528,0.7820512820512822,0.7820512820512822,-1.0,-1.0
yolov5nu_dataset_1_exp_dataset_quality_1,0.6,0.9666913397483345,0.6708203932499369,"[0, 1, 1, 0, 0, 0, 0, 0, 0, 0, 2, -1, 0, 0, 1, 0, 0, 0, 0, 1]","[9, 8, 7, 15, 15, 13, 14, 7, 15, 7, 16, 13, 15, 7, 16, 16, 13, 8, 14, 6]",0.9650526556776556,0.056935495651969016,0.7014377073484361,0.9662761035928921,0.8167947549785733,0.7014377073484361,-1.0,-1.0,0.06752136752136752,0.599145299145299,0.7760683760683761,0.7760683760683761,-1.0,-1.0
yolov5nu_dataset_1_exp_dataset_quality_1,0.7,0.9185788304959289,1.0488088481701516,"[0, 2, 1, 0, 0, 0, 0, 0, 0, 0, 2, -1, 1, 0, 3, 0, 1, 0, 0, 1]","[9, 8, 7, 15, 15, 13, 14, 7, 15, 7, 16, 13, 15, 7, 16, 16, 13, 8, 14, 6]",0.9453731684981685,0.07683233063481992,0.6852283411940809,0.9464727722772276,0.798576633335447,0.6852283411940809,-1.0,-1.0,0.06752136752136752,0.5957264957264956,0.7576923076923077,0.7576923076923077,-1.0,-1.0
yolov5nu_dataset_1_exp_dataset_quality_1,0.8,0.2450037009622501,3.1937438845342623,"[1, 4, 2, 1, 3, 2, 4, 3, 0, 4, 5, 2, 2, 0, 7, 4, 5, 0, 1, 2]","[9, 8, 7, 15, 15, 13, 14, 7, 15, 7, 16, 13, 15, 7, 16, 16, 13, 8, 14, 6]",0.766019536019536,0.1682471489529901,0.5579784674467874,0.7683059514742684,0.6437796377727216,0.5579784674467874,-1.0,-1.0,0.06752136752136752,0.5444444444444444,0.6175213675213674,0.6175213675213674,-1.0,-1.0
yolov5nu_dataset_1_exp_dataset_quality_1,0.9,-14.268553940321349,11.772142257606868,"[8, 6, 14, 14, 13, 12, 13, 14, 13, 12, 6, 12]","[9, 7, 15, 15, 14, 13, 15, 16, 16, 13, 8, 14]",0.12093889906389904,0.05364363496812612,0.0540900980854388,0.07755775577557755,0.06501650165016501,0.0540900980854388,-1.0,-1.0,0.03888888888888889,0.05683760683760684,0.05683760683760684,0.05683760683760684,-1.0,-1.0
yolov5nu_dataset_1_exp_dataset_quality_2,0.29,0.9740932642487047,0.5916079783099616,"[0, 1, 0, 0, 0, 0, 0, 0, 0, 0, 2, -1, 0, -1, 0, 0, 0, 0, 0, 0]","[9, 8, 7, 15, 15, 13, 14, 7, 15, 7, 16, 13, 15, 7, 16, 16, 13, 8, 14, 6]",0.9765109890109891,0.04823932539110706,0.6702584122216546,0.9770399453738479,0.8185806283376801,0.6702584122216546,-1.0,-1.0,0.06965811965811966,0.5658119658119658,0.7401709401709402,0.7401709401709402,-1.0,-1.0
yolov5nu_dataset_1_exp_dataset_quality_2,0.4,0.9740932642487047,0.5916079783099616,"[0, 1, 0, 0, 0, 0, 0, 0, 0, 0, 2, -1, 0, -1, 0, 0, 0, 0, 0, 0]","[9, 8, 7, 15, 15, 13, 14, 7, 15, 7, 16, 13, 15, 7, 16, 16, 13, 8, 14, 6]",0.9765109890109891,0.04823932539110706,0.6702584122216546,0.9770399453738479,0.8185806283376801,0.6702584122216546,-1.0,-1.0,0.06965811965811966,0.5658119658119658,0.7401709401709402,0.7401709401709402,-1.0,-1.0
yolov5nu_dataset_1_exp_dataset_quality_2,0.5,0.9777942264988897,0.5477225575051661,"[0, 1, 0, 0, 0, 0, 0, 0, 0, 0, 2, -1, 0, 0, 0, 0, 0, 0, 0, 0]","[9, 8, 7, 15, 15, 13, 14, 7, 15, 7, 16, 13, 15, 7, 16, 16, 13, 8, 14, 6]",0.9836538461538462,0.03988936252440681,0.6702584122216546,0.9770399453738479,0.8185806283376801,0.6702584122216546,-1.0,-1.0,0.06965811965811966,0.5658119658119658,0.7401709401709402,0.7401709401709402,-1.0,-1.0
yolov5nu_dataset_1_exp_dataset_quality_2,0.6,0.9481865284974094,0.8366600265340756,"[0, 2, 0, 0, 0, 0, 0, 0, 0, 0, 2, -1, 0, 0, 2, 0, 1, 0, 0, 0]","[9, 8, 7, 15, 15, 13, 14, 7, 15, 7, 16, 13, 15, 7, 16, 16, 13, 8, 14, 6]",0.9673076923076923,0.06488781853385765,0.6581457865591972,0.9671269758554802,0.809661052169537,0.6581457865591972,-1.0,-1.0,0.06965811965811966,0.561965811965812,0.7269230769230769,0.7269230769230769,-1.0,-1.0
yolov5nu_dataset_1_exp_dataset_quality_2,0.7,0.24870466321243523,3.1859064644147983,"[1, 6, 0, 4, 0, 2, 5, 2, 0, 1, 3, 2, 0, 0, 6, 1, 7, 0, 1, 4]","[9, 8, 7, 15, 15, 13, 14, 7, 15, 7, 16, 13, 15, 7, 16, 16, 13, 8, 14, 6]",0.7938629426129427,0.22273425758781445,0.5502587644385128,0.799046571323799,0.6841710853996291,0.5502587644385128,-1.0,-1.0,0.06965811965811966,0.5115384615384616,0.6064102564102565,0.6064102564102565,-1.0,-1.0
yolov5nu_dataset_1_exp_dataset_quality_2,0.8,-8.422418553285477,10.88577052853862,"[5, 11, 13, 6, 14, 14, 12, 12, 5, 14, 7, 11]","[7, 13, 14, 7, 15, 16, 13, 15, 7, 16, 8, 14]",0.1560363247863248,0.07270436998452001,0.06996674457361701,0.0891089108910891,0.0891089108910891,0.06996674457361701,-1.0,-1.0,0.04230769230769231,0.07307692307692307,0.07307692307692307,0.07307692307692307,-1.0,-1.0
yolov5nu_dataset_1_exp_dataset_quality_3,0.29,0.9592894152479645,0.7416198487095663,"[0, 0, 0, 0, 0, -1, 0, 0, 0, 0, 2, -2, 0, -1, 0, 0, -1, 0, 0, 0]","[9, 8, 7, 15, 15, 13, 14, 7, 15, 7, 16, 13, 15, 7, 16, 16, 13, 8, 14, 6]",0.9712225274725276,0.05242769465835733,0.6015259252092277,0.9579314623549223,0.71278071083804,0.6015259252092277,-1.0,-1.0,0.06367521367521368,0.5346153846153846,0.6995726495726495,0.6995726495726495,-1.0,-1.0
yolov5nu_dataset_1_exp_dataset_quality_3,0.4,0.9592894152479645,0.7416198487095663,"[0, 0, 0, 0, 0, -1, 0, 0, 0, 0, 2, -2, 0, -1, 0, 0, -1, 0, 0, 0]","[9, 8, 7, 15, 15, 13, 14, 7, 15, 7, 16, 13, 15, 7, 16, 16, 13, 8, 14, 6]",0.9712225274725276,0.05242769465835733,0.6015259252092277,0.9579314623549223,0.71278071083804,0.6015259252092277,-1.0,-1.0,0.06367521367521368,0.5346153846153846,0.6995726495726495,0.6995726495726495,-1.0,-1.0
yolov5nu_dataset_1_exp_dataset_quality_3,0.5,0.9703923019985197,0.6324555320336759,"[0, 0, 0, 0, 0, -1, 0, 0, 0, 0, 2, -1, 0, 0, 1, 0, -1, 0, 0, 0]","[9, 8, 7, 15, 15, 13, 14, 7, 15, 7, 16, 13, 15, 7, 16, 16, 13, 8, 14, 6]",0.9790865384615385,0.037772524286527775,0.5979305232961551,0.9483660990389297,0.7045998080019937,0.5979305232961551,-1.0,-1.0,0.06367521367521368,0.5346153846153846,0.6961538461538461,0.6961538461538461,-1.0,-1.0
yolov5nu_dataset_1_exp_dataset_quality_3,0.6,0.9518874907475944,0.806225774829855,"[0, 2, 1, 0, 1, 0, 0, 0, 0, 0, 2, -1, 0, 0, 1, 0, -1, 0, 0, 0]","[9, 8, 7, 15, 15, 13, 14, 7, 15, 7, 16, 13, 15, 7, 16, 16, 13, 8, 14, 6]",0.9599565018315019,0.06582117528765628,0.593521145718093,0.9387627178206367,0.7045928526833367,0.593521145718093,-1.0,-1.0,0.06367521367521368,0.5316239316239316,0.6897435897435897,0.6897435897435897,-1.0,-1.0
yolov5nu_dataset_1_exp_dataset_quality_3,0.7,0.23390081421169506,3.2171415884290826,"[1, 5, 2, 5, 5, 1, 3, 1, 0, 3, 5, 1, 2, 0, 7, 2, 4, 0, 2, 2]","[9, 8, 7, 15, 15, 13, 14, 7, 15, 7, 16, 13, 15, 7, 16, 16, 13, 8, 14, 6]",0.7789865689865689,0.1643746100258583,0.4775350036523453,0.7541382584086782,0.5591519270593082,0.4775350036523453,-1.0,-1.0,0.06367521367521368,0.49401709401709415,0.555982905982906,0.555982905982906,-1.0,-1.0
yolov5nu_dataset_1_exp_dataset_quality_3,0.8,-5.576954508308363,9.711462299777516,"[7, 6, 14, 11, 11, 6, 11, 6, 15, 9, 11, 5, 15, 6, 8, 4]","[8, 7, 15, 13, 14, 7, 15, 7, 16, 13, 15, 7, 16, 8, 14, 6]",0.20325091575091575,0.10414307963641686,0.09957730237309444,0.14238566713814238,0.1245874587458746,0.09957730237309444,-1.0,-1.0,0.05128205128205128,0.11025641025641027,0.11025641025641027,0.11025641025641027,-1.0,-1.0
yolov5nu_dataset_1_exp_dataset_quality_4,0.29,0.9666913397483345,0.6708203932499369,"[0, 1, 0, 0, 0, 0, 0, 0, 0, 0, 2, -1, 1, 0, 1, 0, -1, 0, 0, 0]","[9, 8, 7, 15, 15, 13, 14, 7, 15, 7, 16, 13, 15, 7, 16, 16, 13, 8, 14, 6]",0.973349358974359,0.04314503484152032,0.5727165284905543,0.9348405100321141,0.6573751323235012,0.5727165284905543,-1.0,-1.0,0.06452991452991452,0.5145299145299146,0.6653846153846155,0.6653846153846155,-1.0,-1.0
yolov5nu_dataset_1_exp_dataset_quality_4,0.4,0.9444855662472242,0.8660254037844386,"[0, 2, 0, 1, 1, 0, 1, 1, 0, 0, 2, -1, 1, 0, 1, 0, 0, 0, 0, 0]","[9, 8, 7, 15, 15, 13, 14, 7, 15, 7, 16, 13, 15, 7, 16, 16, 13, 8, 14, 6]",0.9535645604395604,0.06467880110007253,0.5638479052550759,0.9156407952211113,0.6493932768692333,0.5638479052550759,-1.0,-1.0,0.06452991452991452,0.5123931623931625,0.6542735042735044,0.6542735042735044,-1.0,-1.0
yolov5nu_dataset_1_exp_dataset_quality_4,0.5,0.3264248704663212,3.0166206257996713,"[2, 4, 2, 5, 4, 0, 5, 2, 1, 1, 5, 2, 3, 1, 3, 2, 4, 0, 3, 3]","[9, 8, 7, 15, 15, 13, 14, 7, 15, 7, 16, 13, 15, 7, 16, 16, 13, 8, 14, 6]",0.769800061050061,0.13426482423542146,0.46577478698931407,0.7506169078446306,0.5443898437466932,0.46577478698931407,-1.0,-1.0,0.06452991452991452,0.4837606837606837,0.5401709401709403,0.5401709401709403,-1.0,-1.0
yolov5nu_dataset_1_exp_dataset_quality_4,0.6,-3.9220164609053496,8.140218540969084,"[6, 7, 4, 14, 11, 6, 9, 4, 4, 5, 11, 5, 7, 2, 12, 10, 12, 8, 4]","[9, 8, 7, 15, 15, 13, 14, 7, 15, 7, 16, 13, 15, 7, 16, 16, 13, 14, 6]",0.3790943705417389,0.1850792621854001,0.2192952042918322,0.3507979033197438,0.24120559114735002,0.2192952042918322,-1.0,-1.0,0.061965811965811954,0.25170940170940176,0.2542735042735043,0.2542735042735043,-1.0,-1.0
yolov5nu_dataset_1_exp_dataset_quality_4,0.7,-9.395290159798149,11.117553687749837,"[6, 12, 13, 6, 12, 12, 12, 5, 15, 13]","[7, 13, 14, 7, 15, 13, 15, 7, 16, 14]",0.1330631868131868,0.07164880592327166,0.04780763790664781,0.06930693069306931,0.04752475247524753,0.04780763790664781,-1.0,-1.0,0.03418803418803419,0.04957264957264957,0.04957264957264957,0.04957264957264957,-1.0,-1.0
yolov5nu_dataset_1_exp_dataset_quality_5,0.29,0.9555884529977794,0.7745966692414834,"[0, 0, -1, 0, 0, 0, -1, -1, 0, 0, 1, -2, -1, 0, 1, 0, -1, 1, 0, 0]","[9, 8, 7, 15, 15, 13, 14, 7, 15, 7, 16, 13, 15, 7, 16, 16, 13, 8, 14, 6]",0.9547710622710623,0.05588961193557738,0.5228878540713463,0.9195137255066792,0.526829041050652,0.5228878540713463,-1.0,-1.0,0.055128205128205134,0.4888888888888888,0.632051282051282,0.632051282051282,-1.0,-1.0
yolov5nu_dataset_1_exp_dataset_quality_5,0.4,0.9481865284974094,0.8366600265340756,"[0, 2, 0, 0, 1, 0, 1, 0, 0, 0, 1, -1, 0, 0, 2, 0, -1, 1, 0, 0]","[9, 8, 7, 15, 15, 13, 14, 7, 15, 7, 16, 13, 15, 7, 16, 16, 13, 8, 14, 6]",0.9572779304029304,0.06423922095350355,0.5127533459056175,0.9008490296787002,0.5198106176893285,0.5127533459056175,-1.0,-1.0,0.055128205128205134,0.48205128205128195,0.617948717948718,0.617948717948718,-1.0,-1.0
yolov5nu_dataset_1_exp_dataset_quality_5,0.5,0.5262768319763138,2.5298221281347035,"[0, 3, 0, 4, 3, 0, 1, 0, 1, 2, 3, -1, 0, 1, 5, 0, 7, 1, 1, 1]","[9, 8, 7, 15, 15, 13, 14, 7, 15, 7, 16, 13, 15, 7, 16, 16, 13, 8, 14, 6]",0.8556593406593407,0.14557029241577282,0.45928271450704744,0.794613314913894,0.45527429383343904,0.45928271450704744,-1.0,-1.0,0.055128205128205134,0.45897435897435895,0.5538461538461539,0.5538461538461539,-1.0,-1.0
yolov5nu_dataset_1_exp_dataset_quality_5,0.6,-2.9710669077757688,7.363574011458174,"[5, 7, 1, 13, 10, 3, 8, 2, 5, 15, 8, 2, 5, 12, 3, 5, 3, 5]","[9, 8, 7, 15, 15, 13, 14, 7, 15, 16, 13, 15, 7, 16, 16, 8, 14, 6]",0.4700769909103243,0.2710328787294415,0.2392852736758687,0.4038787115820839,0.24477380700670062,0.2392852736758687,-1.0,-1.0,0.04957264957264957,0.2658119658119658,0.2846153846153846,0.2846153846153846,-1.0,-1.0
yolov5nu_dataset_1_exp_dataset_quality_5,0.7,-7.369565217391305,10.702591020190136,"[7, 4, 14, 6, 12, 12, 14, 6, 15, 7, 13]","[8, 7, 15, 7, 15, 13, 15, 7, 16, 8, 14]",0.13713369963369962,0.1012162258189741,0.03261669024045262,0.05577557755775577,0.028854314002828858,0.03261669024045262,-1.0,-1.0,0.02820512820512821,0.03632478632478632,0.03632478632478632,0.03632478632478632,-1.0,-1.0
yolov5nu_dataset_1_exp_dataset_quality_6,0.29,0.9518874907475944,0.806225774829855,"[0, 0, 0, 0, 0, 0, 0, -1, 0, 0, 2, -2, -1, -1, 1, 0, 0, 0, -1, 0]","[9, 8, 7, 15, 15, 13, 14, 7, 15, 7, 16, 13, 15, 7, 16, 16, 13, 8, 14, 6]",0.961742216117216,0.05669635803656247,0.5302611369015885,0.9613503446789464,0.5005090306828918,0.5302611369015885,-1.0,-1.0,0.053418803418803416,0.4880341880341881,0.6401709401709402,0.6401709401709402,-1.0,-1.0
yolov5nu_dataset_1_exp_dataset_quality_6,0.4,0.9666913397483345,0.6708203932499369,"[0, 1, 0, 0, 0, 0, 0, -1, 0, 0, 2, 0, -1, 0, 1, 0, 0, 0, -1, 0]","[9, 8, 7, 15, 15, 13, 14, 7, 15, 7, 16, 13, 15, 7, 16, 16, 13, 8, 14, 6]",0.9703273809523809,0.048734798708507346,0.5243981480657658,0.9517806232104065,0.4935902053432318,0.5243981480657658,-1.0,-1.0,0.053418803418803416,0.4850427350427351,0.6337606837606837,0.6337606837606837,-1.0,-1.0
yolov5nu_dataset_1_exp_dataset_quality_6,0.5,0.848260547742413,1.4317821063276353,"[0, 2, 0, 3, 1, 0, 1, -1, 0, 0, 2, 1, 0, 0, 2, 0, 4, 0, 0, 0]","[9, 8, 7, 15, 15, 13, 14, 7, 15, 7, 16, 13, 15, 7, 16, 16, 13, 8, 14, 6]",0.9317216117216116,0.09248178155305008,0.49748587255470283,0.9036156350377694,0.46617155438207025,0.49748587255470283,-1.0,-1.0,0.053418803418803416,0.4794871794871794,0.5974358974358974,0.5974358974358974,-1.0,-1.0
yolov5nu_dataset_1_exp_dataset_quality_6,0.6,-3.907709622960044,7.768715542254754,"[6, 6, 4, 12, 10, 4, 10, 3, 9, 12, 8, 6, 3, 11, 7, 4, 7]","[9, 8, 7, 15, 15, 13, 14, 7, 15, 16, 13, 15, 7, 16, 16, 8, 14]",0.42210191769015304,0.14100073267879323,0.1987150256285018,0.3662215058715174,0.18592743282498422,0.1987150256285018,-1.0,-1.0,0.04829059829059829,0.23076923076923075,0.23076923076923075,0.23076923076923075,-1.0,-1.0
yolov5nu_dataset_1_exp_dataset_quality_6,0.7,-12.69140625,11.840608092492547,"[8, 7, 14, 14, 14]","[9, 8, 15, 15, 15]",0.08722222222222223,0.02555555555555557,0.018613861386138613,0.0297029702970297,0.015841584158415842,0.018613861386138613,-1.0,-1.0,0.015811965811965815,0.015811965811965815,0.015811965811965815,0.015811965811965815,-1.0,-1.0
yolov5nu_dataset_1_exp_dataset_quality_7,0.29,0.9518874907475944,0.806225774829855,"[0, 0, 0, 0, 0, 0, 0, -1, -1, 0, 2, 0, 0, -1, 2, 0, -1, 0, 0, -1]","[9, 8, 7, 15, 15, 13, 14, 7, 15, 7, 16, 13, 15, 7, 16, 16, 13, 8, 14, 6]",0.9577014652014653,0.06100097851432011,0.4378862594623285,0.9254584541256259,0.34551771052719027,0.4378862594623285,-1.0,-1.0,0.04487179487179487,0.41709401709401706,0.5461538461538462,0.5461538461538462,-1.0,-1.0
yolov5nu_dataset_1_exp_dataset_quality_7,0.4,0.5928941524796447,2.345207879911715,"[2, 2, 2, 4, 2, 0, 4, 0, 2, 0, 3, 3, 3, 0, 4, 1, 3, 1, 0, 2]","[9, 8, 7, 15, 15, 13, 14, 7, 15, 7, 16, 13, 15, 7, 16, 16, 13, 8, 14, 6]",0.8401572039072042,0.11082142988474536,0.36991127443226096,0.7842958922147532,0.27592461933718665,0.36991127443226096,-1.0,-1.0,0.04487179487179487,0.3948717948717949,0.45555555555555555,0.45555555555555555,-1.0,-1.0
yolov5nu_dataset_1_exp_dataset_quality_7,0.5,-5.106054530874099,9.185228415920399,"[7, 5, 14, 10, 7, 9, 4, 8, 4, 14, 11, 7, 3, 14, 13, 12, 7, 7, 5]","[8, 7, 15, 15, 13, 14, 7, 15, 7, 16, 13, 15, 7, 16, 16, 13, 8, 14, 6]",0.2904159437054174,0.168020925002208,0.1300971557582684,0.27722772277227725,0.0858858962819359,0.1300971557582684,-1.0,-1.0,0.04401709401709402,0.1517094017094017,0.1517094017094017,0.1517094017094017,-1.0,-1.0
yolov5nu_dataset_1_exp_dataset_quality_7,0.6,,6.0,"[6, 6]","[7, 7]",0.1428571428571428,0.0,0.006435643564356435,0.009900990099009901,0.0049504950495049506,0.006435643564356435,-1.0,-1.0,0.005555555555555556,0.005555555555555556,0.005555555555555556,0.005555555555555556,-1.0,-1.0
yolov5nu_dataset_1_exp_dataset_quality_8,0.29,0.9592894152479645,0.7416198487095663,"[0, 0, 1, 0, 0, 0, 0, 1, 0, 0, 2, -1, 1, 0, 1, 0, -1, 0, 0, -1]","[9, 8, 7, 15, 15, 13, 14, 7, 15, 7, 16, 13, 15, 7, 16, 16, 13, 8, 14, 6]",0.9569803113553114,0.05804750040171525,0.5699486280125448,0.9407140996818356,0.6165526931581795,0.5699486280125448,-1.0,-1.0,0.05726495726495727,0.5132478632478633,0.6683760683760684,0.6683760683760684,-1.0,-1.0
yolov5nu_dataset_1_exp_dataset_quality_8,0.4,0.8852701702442635,1.2449899597988732,"[0, 0, 2, 0, 1, 0, 3, 1, 0, 0, 3, 0, 2, 0, 1, 0, -1, 0, 0, -1]","[9, 8, 7, 15, 15, 13, 14, 7, 15, 7, 16, 13, 15, 7, 16, 16, 13, 8, 14, 6]",0.9331776556776556,0.08764540188227338,0.5586164644548489,0.9214750076310376,0.6087545682129416,0.5586164644548489,-1.0,-1.0,0.05726495726495727,0.5132478632478633,0.6529914529914531,0.6529914529914531,-1.0,-1.0
yolov5nu_dataset_1_exp_dataset_quality_8,0.5,0.4966691339748335,2.6076809620810595,"[0, 2, 3, 3, 3, 1, 4, 1, 0, 1, 4, 2, 3, 1, 4, 3, 5, 1, 2, 1]","[9, 8, 7, 15, 15, 13, 14, 7, 15, 7, 16, 13, 15, 7, 16, 16, 13, 8, 14, 6]",0.8134867216117216,0.10362638078320632,0.4789823346747633,0.7855764031133274,0.5216568651400659,0.4789823346747633,-1.0,-1.0,0.05726495726495727,0.49102564102564106,0.5602564102564103,0.5602564102564103,-1.0,-1.0
yolov5nu_dataset_1_exp_dataset_quality_8,0.6,-9.711007648819422,11.216617137087278,"[7, 6, 14, 14, 10, 13, 6, 12, 4, 14, 12, 12, 13, 15, 12, 7]","[9, 7, 15, 15, 13, 14, 7, 15, 7, 16, 13, 15, 16, 16, 13, 8]",0.15161782661782658,0.09201129465193454,0.07420074388391219,0.1188118811881188,0.08067473414008067,0.07420074388391219,-1.0,-1.0,0.0452991452991453,0.08333333333333334,0.08333333333333334,0.08333333333333334,-1.0,-1.0
yolov5nu_dataset_1_exp_dataset_quality_9,0.29,0.9703923019985197,0.6324555320336759,"[0, 0, 0, 0, 0, 0, 0, 0, 0, 1, 2, 1, 0, 0, 1, 1, 0, 0, 0, 0]","[9, 8, 7, 15, 15, 13, 14, 7, 15, 7, 16, 13, 15, 7, 16, 16, 13, 8, 14, 6]",0.9765109890109891,0.04400463059939383,0.6001089902501194,0.9557235625239795,0.6634755813779498,0.6001089902501194,-1.0,-1.0,0.06153846153846154,0.5431623931623932,0.6854700854700855,0.6854700854700855,-1.0,-1.0
yolov5nu_dataset_1_exp_dataset_quality_9,0.4,0.9185788304959289,1.0488088481701516,"[0, 2, 1, 1, 1, 0, 0, 0, 0, 1, 2, 2, 0, 0, 2, 1, 0, 0, 0, 1]","[9, 8, 7, 15, 15, 13, 14, 7, 15, 7, 16, 13, 15, 7, 16, 16, 13, 8, 14, 6]",0.934896978021978,0.07551152654963252,0.586462606940236,0.9263518659558262,0.6473776803627025,0.586462606940236,-1.0,-1.0,0.06153846153846154,0.535897435897436,0.6688034188034189,0.6688034188034189,-1.0,-1.0
yolov5nu_dataset_1_exp_dataset_quality_9,0.5,-2.1014063656550706,6.473020933072903,"[4, 7, 4, 9, 8, 2, 6, 1, 4, 5, 7, 8, 3, 1, 10, 9, 12, 3, 8, 3]","[9, 8, 7, 15, 15, 13, 14, 7, 15, 7, 16, 13, 15, 7, 16, 16, 13, 8, 14, 6]",0.5158409645909645,0.2192906131429519,0.32399239374055927,0.5021452145214521,0.35995211572925895,0.32399239374055927,-1.0,-1.0,0.06153846153846154,0.3555555555555555,0.36666666666666664,0.36666666666666664,-1.0,-1.0
yolov5nu_dataset_1_exp_dataset_quality_9,0.6,-81.0,13.583077707206124,"[15, 12]","[16, 13]",0.06971153846153844,0.007211538461538436,0.00891089108910891,0.009900990099009901,0.009900990099009901,0.00891089108910891,-1.0,-1.0,0.007692307692307693,0.007692307692307693,0.007692307692307693,0.007692307692307693,-1.0,-1.0
yolov5nu_dataset_1_exp_dataset_quality_10,0.29,0.9592894152479645,0.7416198487095663,"[0, 0, 1, 0, 2, 0, 0, -1, 0, 0, 2, 0, -1, 0, 0, 0, 0, 0, 0, 0]","[9, 8, 7, 15, 15, 13, 14, 7, 15, 7, 16, 13, 15, 7, 16, 16, 13, 8, 14, 6]",0.9694642857142857,0.05477907986360256,0.6212181542955726,0.9377979064963899,0.7376194262320817,0.6212181542955726,-1.0,-1.0,0.06794871794871796,0.5572649572649573,0.6982905982905983,0.6982905982905983,-1.0,-1.0
yolov5nu_dataset_1_exp_dataset_quality_10,0.4,0.8519615099925981,1.4142135623730951,"[0, 0, 1, 2, 4, 0, 2, 0, 0, 0, 2, 0, -1, 0, 0, 0, 3, 0, 0, 1]","[9, 8, 7, 15, 15, 13, 14, 7, 15, 7, 16, 13, 15, 7, 16, 16, 13, 8, 14, 6]",0.9362591575091574,0.08647224279579489,0.5900915417512862,0.8993790646122015,0.7043489157749223,0.5900915417512862,-1.0,-1.0,0.06794871794871796,0.5508547008547009,0.6628205128205128,0.6628205128205128,-1.0,-1.0
yolov5nu_dataset_1_exp_dataset_quality_10,0.5,-1.531458179126573,5.848076606885378,"[4, 7, 3, 7, 10, 3, 7, 2, 5, 3, 5, 6, 5, 3, 7, 5, 9, 3, 9, 5]","[9, 8, 7, 15, 15, 13, 14, 7, 15, 7, 16, 13, 15, 7, 16, 16, 13, 8, 14, 6]",0.5255410561660562,0.17444816034146707,0.3582401470759536,0.5215878837430313,0.4438531137258153,0.3582401470759536,-1.0,-1.0,0.06794871794871796,0.391025641025641,0.3974358974358974,0.3974358974358974,-1.0,-1.0
yolov5nu_dataset_1_exp_dataset_quality_10,0.6,-11.772727272727273,11.853269591129697,"[6, 14, 12, 13, 13, 15, 4, 13]","[7, 15, 13, 16, 15, 16, 8, 14]",0.15515109890109888,0.13699323803815094,0.044332861857614335,0.0594059405940594,0.05516265912305516,0.044332861857614335,-1.0,-1.0,0.026923076923076928,0.04401709401709401,0.04401709401709401,0.04401709401709401,-1.0,-1.0
yolov5nu_dataset_1_exp_dataset_quality_11,0.29,0.9296817172464841,0.9746794344808963,"[0, 1, 1, 0, 1, 0, 2, 0, 0, 1, 2, 0, -1, 0, 2, 1, -1, 0, 0, 0]","[9, 8, 7, 15, 15, 13, 14, 7, 15, 7, 16, 13, 15, 7, 16, 16, 13, 8, 14, 6]",0.9461836080586081,0.058688886348409526,0.5839268660762795,0.9354708192906467,0.6961445937610456,0.5839268660762795,-1.0,-1.0,0.06068376068376069,0.5226495726495727,0.6645299145299146,0.6645299145299146,-1.0,-1.0
yolov5nu_dataset_1_exp_dataset_quality_11,0.4,-0.5803108808290156,4.620606020859169,"[4, 4, 3, 4, 8, 3, 10, 3, 3, 2, 5, 5, 3, 2, 4, 3, 7, 2, 5, 3]","[9, 8, 7, 15, 15, 13, 14, 7, 15, 7, 16, 13, 15, 7, 16, 16, 13, 8, 14, 6]",0.63508547008547,0.13912912063835603,0.40629921500452143,0.6398924660677989,0.4812007263053284,0.40629921500452143,-1.0,-1.0,0.06068376068376069,0.4226495726495726,0.45940170940170943,0.45940170940170943,-1.0,-1.0
yolov5nu_dataset_1_exp_dataset_quality_11,0.5,-9.0,11.183320914051723,"[7, 7, 5, 13, 13, 12, 13, 6, 13, 15, 10, 12, 6, 14, 14]","[9, 8, 7, 15, 15, 13, 14, 7, 15, 16, 13, 15, 7, 16, 16]",0.14735144485144486,0.06029549066991634,0.07093506407496937,0.10814927646610815,0.08144640551011623,0.07093506407496937,-1.0,-1.0,0.04444444444444444,0.07777777777777778,0.07777777777777778,0.07777777777777778,-1.0,-1.0
yolov5nu_dataset_1_exp_dataset_quality_11,0.6,-841.0,14.508618128546908,"[14, 15]","[15, 16]",0.06458333333333333,0.002083333333333326,0.006930693069306931,0.009900990099009901,0.009900990099009901,0.006930693069306931,-1.0,-1.0,0.005982905982905984,0.005982905982905984,0.005982905982905984,0.005982905982905984,-1.0,-1.0
yolov5nu_dataset_1_exp_dataset_quality_12,0.29,0.544781643227239,2.479919353527449,"[1, 5, 0, 3, 2, 1, 3, 2, 1, 2, 4, 1, 1, 0, 4, 1, 5, 0, 2, 1]","[9, 8, 7, 15, 15, 13, 14, 7, 15, 7, 16, 13, 15, 7, 16, 16, 13, 8, 14, 6]",0.8300511294261295,0.14799056585037224,0.48651401534468275,0.8201774739191271,0.5684705805770743,0.48651401534468275,-1.0,-1.0,0.054700854700854694,0.4679487179487179,0.5508547008547009,0.5508547008547009,-1.0,-1.0
yolov5nu_dataset_1_exp_dataset_quality_12,0.4,-10.223747016706444,10.550246078063408,"[8, 5, 12, 10, 10, 6, 12, 12, 10, 11, 15, 12, 10]","[9, 7, 15, 13, 14, 7, 15, 16, 13, 15, 16, 16, 14]",0.2155243261012492,0.06811668804559547,0.09515807070903169,0.15841584158415842,0.11349468280161348,0.09515807070903169,-1.0,-1.0,0.03717948717948718,0.10341880341880341,0.10341880341880341,0.10341880341880341,-1.0,-1.0
yolov5nu_dataset_1_exp_dataset_quality_14,0.29,-2.4048852701702446,6.782329983125268,"[4, 5, 1, 10, 10, 2, 9, 4, 7, 3, 8, 6, 6, 2, 11, 4, 10, 6, 9, 5]","[9, 8, 7, 15, 15, 13, 14, 7, 15, 7, 16, 13, 15, 7, 16, 16, 13, 8, 14, 6]",0.4805410561660561,0.19587613634579135,0.14500470016888842,0.36014851485148514,0.07524752475247526,0.14500470016888842,-1.0,-1.0,0.02606837606837607,0.2123931623931624,0.21794871794871792,0.21794871794871792,-1.0,-1.0
yolov5nu_dataset_1_exp_dataset_quality_14,0.4,-6.586538461538462,9.363047936792093,"[4, 11, 6, 11, 14, 6]","[7, 13, 7, 13, 15, 7]",0.18144078144078143,0.11456219231656968,0.007538503850385039,0.02079207920792079,0.0022002200220022,0.007538503850385039,-1.0,-1.0,0.005128205128205128,0.014102564102564103,0.014102564102564103,0.014102564102564103,-1.0,-1.0
yolov5nu_dataset_1_exp_dataset_quality_14,0.5,,12.0,[12],[13],0.07692307692307687,0.0,0.0,0.0,0.0,0.0,-1.0,-1.0,0.0,0.0,0.0,0.0,-1.0,-1.0
yolov5nu_dataset_1_exp_dataset_quality_15,0.29,-9.093856655290102,10.987005311470716,"[8, 6, 12, 6, 12, 14, 15]","[9, 7, 13, 7, 13, 15, 16]",0.09711974533403102,0.032340388233821855,0.018387553041018384,0.0297029702970297,0.015558698727015556,0.018387553041018384,-1.0,-1.0,0.01752136752136752,0.01752136752136752,0.01752136752136752,0.01752136752136752,-1.0,-1.0
yolov5nu_dataset_1_exp_dataset_quality_18,0.29,-10.795918367346939,12.020815280171307,"[8, 15]","[9, 16]",0.08680555555555558,0.02430555555555558,0.005940594059405941,0.009900990099009901,0.009900990099009901,0.005940594059405941,-1.0,-1.0,0.005128205128205129,0.005128205128205129,0.005128205128205129,0.005128205128205129,-1.0,-1.0
yolov5nu_dataset_2_exp_dataset_quality_20,0.29,0.8349056603773585,0.8366600265340756,"[-2, 1, 0, 0, 1, 0, -1, 1, 0, 0, 0, -1, 0, 0, -1, 0, 0, 0, -2, 0]","[13, 15, 13, 11, 8, 12, 15, 9, 12, 14, 12, 12, 12, 15, 15, 11, 12, 13, 9, 15]",0.955224358974359,0.0637191695283371,0.5797703379648208,0.9285034562801335,0.7012780349209384,0.5797703379648208,-1.0,-1.0,0.05483870967741935,0.5391129032258065,0.6661290322580645,0.6661290322580645,-1.0,-1.0
yolov5nu_dataset_2_exp_dataset_quality_20,0.4,0.8349056603773585,0.8366600265340756,"[-2, 1, 0, 0, 1, 0, -1, 1, 0, 0, 0, 0, 0, 1, -1, 0, 0, 0, -2, 0]","[13, 15, 13, 11, 8, 12, 15, 9, 12, 14, 12, 12, 12, 15, 15, 11, 12, 13, 9, 15]",0.9560576923076922,0.06331717136221886,0.5797703379648208,0.9285034562801335,0.7012780349209384,0.5797703379648208,-1.0,-1.0,0.05483870967741935,0.5391129032258065,0.6661290322580645,0.6661290322580645,-1.0,-1.0
yolov5nu_dataset_2_exp_dataset_quality_20,0.5,0.6698113207547169,1.1832159566199232,"[-2, 1, 1, 2, 1, 0, 1, 2, 0, 0, 0, 2, 0, 1, -1, 0, 0, 1, -2, 1]","[13, 15, 13, 11, 8, 12, 15, 9, 12, 14, 12, 12, 12, 15, 15, 11, 12, 13, 9, 15]",0.9220522533022534,0.07464389379352972,0.5617324894972359,0.8908594743315753,0.6852995073813298,0.5617324894972359,-1.0,-1.0,0.05483870967741935,0.5346774193548387,0.6463709677419354,0.6463709677419354,-1.0,-1.0
yolov5nu_dataset_2_exp_dataset_quality_20,0.6,0.16273584905660388,1.8841443681416772,"[0, 2, 1, 2, 2, 2, 1, 3, 0, 3, 2, 3, 0, 3, 0, 1, 1, 3, -1, 1]","[13, 15, 13, 11, 8, 12, 15, 9, 12, 14, 12, 12, 12, 15, 15, 11, 12, 13, 9, 15]",0.8688758463758465,0.094911764957452,0.5249881387433609,0.8339047554552194,0.6448181256681158,0.5249881387433609,-1.0,-1.0,0.05483870967741935,0.5254032258064516,0.6036290322580645,0.6036290322580645,-1.0,-1.0
yolov5nu_dataset_2_exp_dataset_quality_20,0.7,-6.252358490566037,5.545268253204709,"[5, 4, 8, 6, 4, 7, 7, 8, 0, 7, 8, 4, 2, 7, 5, 2, 2, 6, 3, 6]","[13, 15, 13, 11, 8, 12, 15, 9, 12, 14, 12, 12, 12, 15, 15, 11, 12, 13, 9, 15]",0.5869483294483294,0.19854358041350528,0.36236135859362356,0.565536353311107,0.4498370981655932,0.36236135859362356,-1.0,-1.0,0.05483870967741935,0.407258064516129,0.414516129032258,0.414516129032258,-1.0,-1.0
yolov5nu_dataset_2_exp_dataset_quality_20,0.8,-30.81701030927835,10.475367933076782,"[12, 13, 10, 7, 9, 14, 9, 11, 7, 8, 13, 9, 10, 11, 11]","[13, 15, 11, 8, 12, 15, 12, 12, 12, 12, 15, 15, 11, 12, 13]",0.17917249417249417,0.11656445871351669,0.09001752986584463,0.13861386138613863,0.11826587070471753,0.09001752986584463,-1.0,-1.0,0.042741935483870966,0.09758064516129031,0.09758064516129031,0.09758064516129031,-1.0,-1.0
yolov5nu_dataset_2_exp_dataset_quality_21,0.29,0.8466981132075472,0.806225774829855,"[-1, 0, -1, 0, 1, -1, 0, 1, 0, 0, 0, 0, 0, 1, -1, 0, -2, -1, -1, 0]","[13, 15, 13, 11, 8, 12, 15, 9, 12, 14, 12, 12, 12, 15, 15, 11, 12, 13, 9, 15]",0.9519337606837608,0.05266482753490393,0.6369763852717442,0.958600058960051,0.7995275641241439,0.6369763852717442,-1.0,-1.0,0.06411290322580644,0.5653225806451613,0.7004032258064516,0.7004032258064516,-1.0,-1.0
yolov5nu_dataset_2_exp_dataset_quality_21,0.4,0.8466981132075472,0.806225774829855,"[-1, 0, -1, 0, 1, -1, 0, 1, 0, 0, 0, 0, 0, 1, -1, 0, -2, -1, -1, 0]","[13, 15, 13, 11, 8, 12, 15, 9, 12, 14, 12, 12, 12, 15, 15, 11, 12, 13, 9, 15]",0.9519337606837608,0.05266482753490393,0.6369763852717442,0.958600058960051,0.7995275641241439,0.6369763852717442,-1.0,-1.0,0.06411290322580644,0.5653225806451613,0.7004032258064516,0.7004032258064516,-1.0,-1.0
yolov5nu_dataset_2_exp_dataset_quality_21,0.5,0.8584905660377359,0.7745966692414834,"[-1, 0, -1, 0, 1, -1, 1, 1, 0, 0, 0, 0, 0, 1, -1, 0, -2, 0, 0, 0]","[13, 15, 13, 11, 8, 12, 15, 9, 12, 14, 12, 12, 12, 15, 15, 11, 12, 13, 9, 15]",0.9580021367521369,0.051275795336008206,0.6351566380796336,0.958600058960051,0.7995275641241439,0.6351566380796336,-1.0,-1.0,0.06411290322580644,0.5653225806451613,0.6951612903225807,0.6951612903225807,-1.0,-1.0
yolov5nu_dataset_2_exp_dataset_quality_21,0.6,0.5400943396226416,1.396424004376894,"[1, 2, -1, 2, 2, 0, 1, 2, 0, 1, 2, 1, 0, 3, 1, 1, 0, 1, 1, 1]","[13, 15, 13, 11, 8, 12, 15, 9, 12, 14, 12, 12, 12, 15, 15, 11, 12, 13, 9, 15]",0.9029204129204128,0.07271472959450968,0.5930054317280812,0.87233861952259,0.7566879052631664,0.5930054317280812,-1.0,-1.0,0.06411290322580644,0.5556451612903226,0.6487903225806452,0.6487903225806452,-1.0,-1.0
yolov5nu_dataset_2_exp_dataset_quality_21,0.7,-5.674528301886792,5.319774431308154,"[5, 5, 7, 6, 3, 6, 8, 7, 2, 3, 3, 4, 2, 7, 6, 4, 6, 6, 3, 7]","[13, 15, 13, 11, 8, 12, 15, 9, 12, 14, 12, 12, 12, 15, 15, 11, 12, 13, 9, 15]",0.5944615107115107,0.14392373710287726,0.40868125158161045,0.5815814458158145,0.5337556176047364,0.40868125158161045,-1.0,-1.0,0.06411290322580644,0.4375,0.4399193548387096,0.4399193548387096,-1.0,-1.0
yolov5nu_dataset_2_exp_dataset_quality_21,0.8,-32.7300435413643,10.889050857234002,"[12, 11, 7, 11, 10, 9, 11, 7, 12, 14, 10, 11, 12, 13]","[15, 13, 8, 12, 12, 12, 12, 12, 15, 15, 11, 12, 13, 15]",0.15214368964368966,0.09116385322726599,0.08319705541982769,0.10891089108910891,0.10891089108910891,0.08319705541982769,-1.0,-1.0,0.04596774193548386,0.08508064516129032,0.08508064516129032,0.08508064516129032,-1.0,-1.0
yolov5nu_dataset_2_exp_dataset_quality_22,0.29,0.8702830188679246,0.7416198487095663,"[-1, 0, -1, 0, 0, 0, 0, 1, 0, 0, 0, 0, 1, 1, 1, 0, -2, -1, 0, 0]","[13, 15, 13, 11, 8, 12, 15, 9, 12, 14, 12, 12, 12, 15, 15, 11, 12, 13, 9, 15]",0.9637393162393162,0.04868856420020585,0.7306739049707175,0.9555072255799638,0.8693066920204323,0.7306739049707175,-1.0,-1.0,0.0689516129032258,0.6322580645161291,0.7883064516129032,0.7883064516129032,-1.0,-1.0
yolov5nu_dataset_2_exp_dataset_quality_22,0.4,0.8584905660377359,0.7745966692414834,"[-1, 0, -1, 0, 1, 0, 0, 1, 0, 0, 0, 0, 1, 1, 1, 0, -2, -1, 0, 0]","[13, 15, 13, 11, 8, 12, 15, 9, 12, 14, 12, 12, 12, 15, 15, 11, 12, 13, 9, 15]",0.9574893162393161,0.051570391087028024,0.7280253997393161,0.9459243395805205,0.8693066920204323,0.7280253997393161,-1.0,-1.0,0.0689516129032258,0.6286290322580645,0.7846774193548388,0.7846774193548388,-1.0,-1.0
yolov5nu_dataset_2_exp_dataset_quality_22,0.5,0.8584905660377359,0.7745966692414834,"[-1, 0, -1, 0, 1, 0, 0, 1, 0, 0, 0, 0, 1, 1, 1, 0, -2, -1, 0, 0]","[13, 15, 13, 11, 8, 12, 15, 9, 12, 14, 12, 12, 12, 15, 15, 11, 12, 13, 9, 15]",0.9574893162393161,0.051570391087028024,0.7280253997393161,0.9459243395805205,0.8693066920204323,0.7280253997393161,-1.0,-1.0,0.0689516129032258,0.6286290322580645,0.7846774193548388,0.7846774193548388,-1.0,-1.0
yolov5nu_dataset_2_exp_dataset_quality_22,0.6,0.7641509433962265,1.0,"[-1, 0, -1, 0, 1, 0, 1, 2, 0, 0, 2, 0, 1, 1, 1, 0, -2, 0, 1, 0]","[13, 15, 13, 11, 8, 12, 15, 9, 12, 14, 12, 12, 12, 15, 15, 11, 12, 13, 9, 15]",0.9385576923076924,0.06690213166654882,0.7137305806959222,0.9266858303637452,0.8511146289116827,0.7137305806959222,-1.0,-1.0,0.0689516129032258,0.6237903225806452,0.769758064516129,0.769758064516129,-1.0,-1.0
yolov5nu_dataset_2_exp_dataset_quality_22,0.7,-0.16745283018867907,2.224859546128699,"[0, 2, 0, 2, 1, 1, 1, 2, 0, 0, 4, 1, 2, 4, 3, 0, 3, 5, 2, 0]","[13, 15, 13, 11, 8, 12, 15, 9, 12, 14, 12, 12, 12, 15, 15, 11, 12, 13, 9, 15]",0.8640394327894327,0.11710740194539432,0.6508520455784247,0.8300426181364458,0.777254696666249,0.6508520455784247,-1.0,-1.0,0.0689516129032258,0.605241935483871,0.6991935483870967,0.6991935483870967,-1.0,-1.0
yolov5nu_dataset_2_exp_dataset_quality_22,0.8,-17.632075471698112,8.888194417315589,"[9, 9, 10, 8, 5, 9, 12, 8, 5, 10, 7, 8, 5, 11, 11, 6, 9, 10, 7, 13]","[13, 15, 13, 11, 8, 12, 15, 9, 12, 14, 12, 12, 12, 15, 15, 11, 12, 13, 9, 15]",0.30869422244422245,0.12461872531480206,0.23641297297511227,0.29414501600535997,0.27537957356828535,0.23641297297511227,-1.0,-1.0,0.0689516129032258,0.24959677419354845,0.24959677419354845,0.24959677419354845,-1.0,-1.0
yolov5nu_dataset_2_exp_dataset_quality_23,0.29,0.7759433962264151,0.9746794344808963,"[-2, 0, -1, 0, 1, 0, 1, 2, 1, -1, 1, 0, 1, 1, -1, 0, 0, -1, 1, 0]","[13, 15, 13, 11, 8, 12, 15, 9, 12, 14, 12, 12, 12, 15, 15, 11, 12, 13, 9, 15]",0.9356272893772892,0.05884222279379765,0.6166597655577947,0.9311558651382175,0.7362265000848787,0.6166597655577947,-1.0,-1.0,0.05846774193548386,0.5592741935483871,0.7,0.7,-1.0,-1.0
yolov5nu_dataset_2_exp_dataset_quality_23,0.4,0.7523584905660378,1.02469507659596,"[-2, 0, -1, 1, 1, 0, 2, 2, 1, -1, 1, 0, 1, 1, 0, 0, 0, 0, 1, 0]","[13, 15, 13, 11, 8, 12, 15, 9, 12, 14, 12, 12, 12, 15, 15, 11, 12, 13, 9, 15]",0.9349279886779888,0.06271918363238493,0.6045886899695103,0.9215377604706078,0.7194958474277762,0.6045886899695103,-1.0,-1.0,0.05846774193548386,0.5592741935483871,0.6887096774193548,0.6887096774193548,-1.0,-1.0
yolov5nu_dataset_2_exp_dataset_quality_23,0.5,-0.4740566037735847,2.5,"[0, 1, 2, 2, 3, 3, 2, 2, 3, 0, 2, 0, 2, 4, 2, 0, 3, 6, 2, 2]","[13, 15, 13, 11, 8, 12, 15, 9, 12, 14, 12, 12, 12, 15, 15, 11, 12, 13, 9, 15]",0.8283343045843046,0.12076773134085478,0.5262042376761087,0.7932066498575323,0.6348302458554315,0.5262042376761087,-1.0,-1.0,0.05846774193548386,0.5314516129032258,0.5971774193548387,0.5971774193548387,-1.0,-1.0
yolov5nu_dataset_2_exp_dataset_quality_23,0.6,-10.497641509433961,6.98212002188447,"[5, 6, 4, 10, 7, 8, 10, 6, 7, 7, 9, 6, 4, 8, 6, 5, 7, 8, 4, 8]","[13, 15, 13, 11, 8, 12, 15, 9, 12, 14, 12, 12, 12, 15, 15, 11, 12, 13, 9, 15]",0.4446280108780109,0.16204065129585876,0.2907707406466755,0.42201749884217243,0.35964944963556056,0.2907707406466755,-1.0,-1.0,0.05846774193548386,0.32741935483870965,0.32741935483870965,0.32741935483870965,-1.0,-1.0
yolov5nu_dataset_2_exp_dataset_quality_23,0.7,-102.24038461538463,11.513277359447029,"[12, 12, 9, 13, 11, 11, 13, 10, 12]","[13, 13, 12, 14, 12, 12, 15, 11, 13]",0.10478965478965478,0.05421849195045726,0.03309288071664309,0.04785478547854785,0.04479019330504479,0.03309288071664309,-1.0,-1.0,0.023387096774193546,0.03185483870967742,0.03185483870967742,0.03185483870967742,-1.0,-1.0
yolov5nu_dataset_2_exp_dataset_quality_24,0.29,0.8584905660377359,0.7745966692414834,"[-2, 0, -1, 0, 1, 0, 0, 1, 0, -1, 0, 0, 0, 1, -1, 0, -1, 0, 1, 0]","[13, 15, 13, 11, 8, 12, 15, 9, 12, 14, 12, 12, 12, 15, 15, 11, 12, 13, 9, 15]",0.9566956654456655,0.05163924048969183,0.6874193517688294,0.9444012259369557,0.8334215832525923,0.6874193517688294,-1.0,-1.0,0.06411290322580644,0.6024193548387096,0.7524193548387096,0.7524193548387096,-1.0,-1.0
yolov5nu_dataset_2_exp_dataset_quality_24,0.4,0.8231132075471699,0.8660254037844386,"[-2, 0, -1, 0, 1, 0, 1, 2, 0, 0, 1, 0, 0, 1, 0, 0, -1, 0, 1, 0]","[13, 15, 13, 11, 8, 12, 15, 9, 12, 14, 12, 12, 12, 15, 15, 11, 12, 13, 9, 15]",0.9505448717948719,0.06356130015204253,0.6819764714971918,0.9348978659624041,0.8246339575020655,0.6819764714971918,-1.0,-1.0,0.06411290322580644,0.5995967741935484,0.7475806451612903,0.7475806451612903,-1.0,-1.0
yolov5nu_dataset_2_exp_dataset_quality_24,0.5,0.4693396226415095,1.5,"[-2, 0, 0, 2, 1, 0, 1, 2, 0, 0, 3, 1, 0, 2, 2, 0, 0, 3, 2, 0]","[13, 15, 13, 11, 8, 12, 15, 9, 12, 14, 12, 12, 12, 15, 15, 11, 12, 13, 9, 15]",0.9098727661227661,0.09256280002752831,0.6537410741025356,0.8869501552452931,0.7979214903369818,0.6537410741025356,-1.0,-1.0,0.06411290322580644,0.592741935483871,0.7173387096774193,0.7173387096774193,-1.0,-1.0
yolov5nu_dataset_2_exp_dataset_quality_24,0.6,-4.106132075471697,4.652956049652737,"[5, 4, 4, 5, 3, 4, 7, 6, 2, 4, 5, 5, 1, 5, 4, 2, 8, 6, 3, 4]","[13, 15, 13, 11, 8, 12, 15, 9, 12, 14, 12, 12, 12, 15, 15, 11, 12, 13, 9, 15]",0.6432871295371295,0.14281889143676713,0.47216255991366013,0.6261885806143065,0.569945154420292,0.47216255991366013,-1.0,-1.0,0.06411290322580644,0.503225806451613,0.5149193548387097,0.5149193548387097,-1.0,-1.0
yolov5nu_dataset_2_exp_dataset_quality_24,0.7,-33.68087855297158,9.637549114851579,"[12, 7, 8, 8, 10, 9, 11, 10, 9, 7, 12, 10, 8, 10, 10, 7, 13]","[13, 15, 13, 11, 12, 12, 14, 12, 12, 12, 15, 15, 11, 12, 13, 9, 15]",0.25240804946687295,0.1093759800123286,0.16832004884021945,0.22772277227722773,0.19432594422232924,0.16832004884021945,-1.0,-1.0,0.053629032258064514,0.17862903225806454,0.17862903225806454,0.17862903225806454,-1.0,-1.0
yolov5nu_dataset_2_exp_dataset_quality_24,0.8,-175.72727272727272,11.022703842524301,"[12, 11, 10, 11]","[13, 12, 11, 13]",0.10125291375291376,0.030765629755905716,0.02168316831683168,0.0297029702970297,0.017821782178217824,0.02168316831683168,-1.0,-1.0,0.012096774193548387,0.016129032258064512,0.016129032258064512,0.016129032258064512,-1.0,-1.0
yolov5nu_dataset_2_exp_dataset_quality_25,0.29,0.3867924528301888,1.61245154965971,"[0, 1, 0, 2, 2, 0, 3, 4, 1, 0, 2, -2, 0, 2, 0, 0, -2, 1, 0, 0]","[13, 15, 13, 11, 8, 12, 15, 9, 12, 14, 12, 12, 12, 15, 15, 11, 12, 13, 9, 15]",0.9031740481740481,0.11489137832328478,0.555996249990882,0.8659958743853678,0.6691031292294196,0.555996249990882,-1.0,-1.0,0.06532258064516128,0.519758064516129,0.6350806451612904,0.6350806451612904,-1.0,-1.0
yolov5nu_dataset_2_exp_dataset_quality_25,0.4,-6.971698113207546,5.813776741499453,"[9, 4, 5, 5, 4, 6, 10, 6, 5, 8, 5, 5, 2, 7, 6, 4, 3, 6, 4, 6]","[13, 15, 13, 11, 8, 12, 15, 9, 12, 14, 12, 12, 12, 15, 15, 11, 12, 13, 9, 15]",0.5547075147075147,0.13159066793836433,0.3565883512661146,0.5243652018324938,0.45392079824228915,0.3565883512661146,-1.0,-1.0,0.06532258064516128,0.3975806451612903,0.39959677419354833,0.39959677419354833,-1.0,-1.0
yolov5nu_dataset_2_exp_dataset_quality_25,0.5,-26.62593984962406,9.5248213748197,"[11, 9, 11, 10, 6, 7, 14, 10, 12, 9, 7, 7, 10, 8, 7, 7, 10, 12]","[13, 15, 13, 11, 8, 12, 15, 12, 14, 12, 12, 12, 15, 15, 11, 12, 13, 15]",0.27421467421467427,0.12661510498398715,0.17030118925049934,0.2433984262213597,0.21065973028085647,0.17030118925049934,-1.0,-1.0,0.058870967741935475,0.18669354838709679,0.18669354838709679,0.18669354838709679,-1.0,-1.0
yolov5nu_dataset_2_exp_dataset_quality_25,0.6,-80.3235294117647,10.623424252901833,"[10, 10, 11, 10, 9, 12, 12]","[11, 12, 12, 12, 12, 15, 13]",0.14778554778554778,0.06129279336956572,0.04281226199543031,0.0594059405940594,0.048743335872048744,0.04281226199543031,-1.0,-1.0,0.021774193548387093,0.041532258064516124,0.041532258064516124,0.041532258064516124,-1.0,-1.0
yolov5nu_dataset_2_exp_dataset_quality_26,0.29,0.7877358490566038,0.9486832980505138,"[0, 0, 0, 1, 1, 0, 1, 1, 1, 0, 1, 0, 2, 1, 0, -1, -2, -1, 1, 0]","[13, 15, 13, 11, 8, 12, 15, 9, 12, 14, 12, 12, 12, 15, 15, 11, 12, 13, 9, 15]",0.9380351592851592,0.05670226937471788,0.6465547091555865,0.9062296022715882,0.7918462763638585,0.6465547091555865,-1.0,-1.0,0.058870967741935475,0.5899193548387097,0.7221774193548387,0.7221774193548387,-1.0,-1.0
yolov5nu_dataset_2_exp_dataset_quality_26,0.4,0.20990566037735858,1.8303005217723127,"[0, 0, 2, 1, 1, 0, 2, 2, 1, 2, 2, 0, 3, 4, 2, -1, -1, 3, 2, 0]","[13, 15, 13, 11, 8, 12, 15, 9, 12, 14, 12, 12, 12, 15, 15, 11, 12, 13, 9, 15]",0.880229908979909,0.08723142701489492,0.6022439037797145,0.8393962623148234,0.7477028024614787,0.6022439037797145,-1.0,-1.0,0.058870967741935475,0.5834677419354838,0.6709677419354839,0.6709677419354839,-1.0,-1.0
yolov5nu_dataset_2_exp_dataset_quality_26,0.5,-14.68396226415094,8.154753215150045,"[9, 5, 10, 7, 7, 8, 10, 7, 6, 11, 7, 6, 7, 13, 8, 4, 8, 7, 4, 12]","[13, 15, 13, 11, 8, 12, 15, 9, 12, 14, 12, 12, 12, 15, 15, 11, 12, 13, 9, 15]",0.3708531746031746,0.15290828954020497,0.2624530937730073,0.34888690732427285,0.3176308278361212,0.2624530937730073,-1.0,-1.0,0.058870967741935475,0.28790322580645156,0.28790322580645156,0.28790322580645156,-1.0,-1.0
yolov5nu_dataset_2_exp_dataset_quality_26,0.6,-39.53543307086614,11.274356350191843,"[11, 14, 12, 11, 11, 9, 14, 10, 8]","[13, 15, 13, 12, 12, 12, 15, 11, 9]",0.10919882586549254,0.055930776940974515,0.040511551155115504,0.04950495049504951,0.048679867986798686,0.040511551155115504,-1.0,-1.0,0.02782258064516129,0.0375,0.0375,0.0375,-1.0,-1.0
yolov5nu_dataset_2_exp_dataset_quality_27,0.29,0.7405660377358492,1.0488088481701516,"[-2, 1, 0, 0, 1, 0, 0, 2, 1, -2, 0, 2, 0, 1, -1, 0, 0, 0, -1, 0]","[13, 15, 13, 11, 8, 12, 15, 9, 12, 14, 12, 12, 12, 15, 15, 11, 12, 13, 9, 15]",0.9397481684981684,0.06959888251593647,0.5386758728810426,0.8946403519731098,0.6162522352904843,0.5386758728810426,-1.0,-1.0,0.049193548387096775,0.4983870967741935,0.634274193548387,0.634274193548387,-1.0,-1.0
yolov5nu_dataset_2_exp_dataset_quality_27,0.4,0.5165094339622642,1.4317821063276353,"[-2, 1, 1, 1, 2, 0, 2, 2, 1, 1, 1, 3, 0, 3, -1, 0, 0, 0, 0, 0]","[13, 15, 13, 11, 8, 12, 15, 9, 12, 14, 12, 12, 12, 15, 15, 11, 12, 13, 9, 15]",0.9125668775668775,0.08514680149002739,0.5123406910238533,0.8569761773923865,0.5785516982842618,0.5123406910238533,-1.0,-1.0,0.049193548387096775,0.4915322580645161,0.6016129032258065,0.6016129032258065,-1.0,-1.0
yolov5nu_dataset_2_exp_dataset_quality_27,0.5,-5.68632075471698,5.324471804789654,"[0, 3, 11, 2, 4, 3, 4, 4, 2, 8, 7, 5, 2, 11, 5, 3, 3, 5, 4, 5]","[13, 15, 13, 11, 8, 12, 15, 9, 12, 14, 12, 12, 12, 15, 15, 11, 12, 13, 9, 15]",0.6327183927183927,0.20131761686710528,0.35424583963361345,0.5831864799272091,0.41661055261857033,0.35424583963361345,-1.0,-1.0,0.049193548387096775,0.3947580645161291,0.4100806451612903,0.4100806451612903,-1.0,-1.0
yolov5nu_dataset_2_exp_dataset_quality_27,0.6,-25.140625,10.22558066810878,"[8, 10, 7, 11, 11, 8, 7, 12, 11, 11, 9, 12, 9, 10, 12, 13]","[13, 15, 8, 12, 15, 9, 12, 14, 12, 12, 12, 15, 11, 12, 13, 15]",0.18993697274947274,0.10688434512065893,0.09683501750836816,0.14771206850414773,0.1247945257846248,0.09683501750836816,-1.0,-1.0,0.04032258064516129,0.10604838709677422,0.10604838709677422,0.10604838709677422,-1.0,-1.0
yolov5nu_dataset_2_exp_dataset_quality_27,0.7,-97.78571428571428,12.396235987858034,"[12, 14, 11]","[13, 15, 12]",0.07564102564102564,0.006864264275303012,0.011386138613861386,0.019801980198019802,0.009900990099009901,0.011386138613861386,-1.0,-1.0,0.007258064516129032,0.007258064516129032,0.007258064516129032,0.007258064516129032,-1.0,-1.0
yolov5nu_dataset_2_exp_dataset_quality_28,0.29,0.5518867924528302,1.378404875209022,"[0, 1, 1, 0, 3, 1, 1, 2, 0, 0, 1, -1, 0, 3, 0, 1, -2, 2, 0, 1]","[13, 15, 13, 11, 8, 12, 15, 9, 12, 14, 12, 12, 12, 15, 15, 11, 12, 13, 9, 15]",0.9132216394716395,0.09465536038717251,0.5656464342035425,0.8415641004179892,0.711784894258369,0.5656464342035425,-1.0,-1.0,0.06814516129032258,0.5435483870967742,0.6403225806451613,0.6403225806451613,-1.0,-1.0
yolov5nu_dataset_2_exp_dataset_quality_28,0.4,-7.301886792452828,5.932958789676531,"[6, 5, 7, 7, 5, 5, 11, 7, 5, 8, 5, 4, 3, 7, 5, 3, 3, 7, 3, 6]","[13, 15, 13, 11, 8, 12, 15, 9, 12, 14, 12, 12, 12, 15, 15, 11, 12, 13, 9, 15]",0.5447453934953935,0.1508360589463139,0.34973624268258785,0.5040965464365181,0.44245430133453073,0.34973624268258785,-1.0,-1.0,0.06814516129032258,0.3903225806451613,0.3903225806451613,0.3903225806451613,-1.0,-1.0
yolov5nu_dataset_2_exp_dataset_quality_28,0.5,-59.706278026905835,10.969655114602888,"[12, 12, 12, 10, 11, 10, 10, 9, 9, 11, 12, 8, 11, 12, 14]","[13, 15, 13, 11, 12, 12, 12, 12, 12, 15, 15, 11, 12, 13, 15]",0.15518259518259517,0.0771023301312553,0.09182404161741226,0.12871287128712872,0.10326365969930328,0.09182404161741226,-1.0,-1.0,0.050806451612903224,0.09274193548387097,0.09274193548387097,0.09274193548387097,-1.0,-1.0
yolov5nu_dataset_2_exp_dataset_quality_28,0.6,-69.44444444444444,12.589678312014172,"[14, 11, 11, 14]","[15, 12, 12, 15]",0.07500000000000001,0.00833333333333336,0.017574257425742576,0.019801980198019802,0.019801980198019802,0.017574257425742576,-1.0,-1.0,0.01411290322580645,0.01411290322580645,0.01411290322580645,0.01411290322580645,-1.0,-1.0
yolov5nu_dataset_2_exp_dataset_quality_29,0.29,0.8466981132075472,0.806225774829855,"[-1, 0, 0, 0, -1, 0, 2, 0, 0, 0, 0, 0, 0, 1, 0, -1, -2, 0, -1, 0]","[13, 15, 13, 11, 8, 12, 15, 9, 12, 14, 12, 12, 12, 15, 15, 11, 12, 13, 9, 15]",0.9614695027195028,0.055883949919421624,0.683258256277026,0.9415223435986285,0.819607382644597,0.683258256277026,-1.0,-1.0,0.06733870967741935,0.6068548387096774,0.7495967741935484,0.7495967741935484,-1.0,-1.0
yolov5nu_dataset_2_exp_dataset_quality_29,0.4,0.5165094339622642,1.4317821063276353,"[-1, 1, 0, 0, 1, 0, 4, 1, 0, 1, 3, 1, 0, 2, 1, -1, -2, 0, 0, 0]","[13, 15, 13, 11, 8, 12, 15, 9, 12, 14, 12, 12, 12, 15, 15, 11, 12, 13, 9, 15]",0.9245647408147409,0.08013887191462038,0.6619001946860154,0.9034304708900688,0.8021844783324276,0.6619001946860154,-1.0,-1.0,0.06733870967741935,0.5987903225806452,0.725,0.725,-1.0,-1.0
yolov5nu_dataset_2_exp_dataset_quality_29,0.5,-8.280660377358489,6.272957835024878,"[2, 6, 10, 7, 4, 5, 11, 2, 3, 5, 10, 5, 3, 8, 7, 0, 9, 6, 5, 3]","[13, 15, 13, 11, 8, 12, 15, 9, 12, 14, 12, 12, 12, 15, 15, 11, 12, 13, 9, 15]",0.5547050172050172,0.22049387621145286,0.4047198521978338,0.5371832824482244,0.5035692745118706,0.4047198521978338,-1.0,-1.0,0.06733870967741935,0.4229838709677419,0.43588709677419357,0.43588709677419357,-1.0,-1.0
yolov5nu_dataset_2_exp_dataset_quality_29,0.6,-15.78158844765343,10.713439119992131,"[14, 7, 11, 14, 7, 9, 9, 8, 14]","[15, 8, 12, 15, 9, 12, 11, 9, 15]",0.13038720538720538,0.06681784036635066,0.040524426068980525,0.04798172124904799,0.04798172124904799,0.040524426068980525,-1.0,-1.0,0.02782258064516129,0.0407258064516129,0.0407258064516129,0.0407258064516129,-1.0,-1.0
yolov5nu_dataset_2_exp_dataset_quality_30,0.29,-0.462264150943396,2.4899799195977463,"[0, 5, 2, 2, 4, 0, 2, 3, 1, 3, 4, 2, 1, 4, 0, 0, 2, 3, 1, 1]","[13, 15, 13, 11, 8, 12, 15, 9, 12, 14, 12, 12, 12, 15, 15, 11, 12, 13, 9, 15]",0.8320751470751471,0.1323595408416923,0.4916614683803937,0.7998333201042319,0.5718850138940061,0.4916614683803937,-1.0,-1.0,0.05564516129032258,0.5084677419354839,0.5629032258064516,0.5629032258064516,-1.0,-1.0
yolov5nu_dataset_2_exp_dataset_quality_30,0.4,-18.793233082706767,8.06225774829855,"[6, 9, 9, 9, 6, 7, 12, 4, 11, 9, 6, 3, 11, 6, 4, 8, 9, 9]","[13, 15, 13, 11, 8, 12, 15, 12, 14, 12, 12, 12, 15, 15, 11, 12, 13, 15]",0.40109150109150105,0.17082537451667706,0.22636987130713565,0.3633516097605184,0.26695256356117736,0.22636987130713565,-1.0,-1.0,0.04798387096774193,0.2516129032258065,0.2516129032258065,0.2516129032258065,-1.0,-1.0
yolov5nu_dataset_2_exp_dataset_quality_30,0.5,-59.31818181818182,10.983458637258286,"[9, 13, 11, 9, 13, 11, 10, 8, 14, 12, 9]","[13, 15, 12, 12, 14, 12, 12, 12, 15, 15, 11]",0.17069142978233887,0.09037459521170928,0.0668271764151205,0.09900990099009901,0.08535097207199711,0.0668271764151205,-1.0,-1.0,0.031451612903225803,0.06612903225806452,0.06612903225806452,0.06612903225806452,-1.0,-1.0
yolov5nu_dataset_2_exp_dataset_quality_31,0.29,0.7169811320754718,1.0954451150103321,"[-1, 1, 1, 0, 2, 0, 1, 1, 0, 1, 1, 0, 1, 3, 0, 0, -1, 1, -1, 0]","[13, 15, 13, 11, 8, 12, 15, 9, 12, 14, 12, 12, 12, 15, 15, 11, 12, 13, 9, 15]",0.932112332112332,0.06617869420314028,0.5107316024600885,0.8373846300457758,0.544590519712748,0.5107316024600885,-1.0,-1.0,0.04798387096774193,0.510483870967742,0.6116935483870968,0.6116935483870968,-1.0,-1.0
yolov5nu_dataset_2_exp_dataset_quality_31,0.4,-5.580188679245282,5.282045058497703,"[6, 3, 8, 2, 5, 5, 8, 4, 3, 3, 8, 3, 2, 11, 5, 4, 3, 6, 3, 2]","[13, 15, 13, 11, 8, 12, 15, 9, 12, 14, 12, 12, 12, 15, 15, 11, 12, 13, 9, 15]",0.6182843545343546,0.1768496665594731,0.35113093223703934,0.5618769979037092,0.38518345028896517,0.35113093223703934,-1.0,-1.0,0.04798387096774193,0.3975806451612904,0.4120967741935484,0.4120967741935484,-1.0,-1.0
yolov5nu_dataset_2_exp_dataset_quality_31,0.5,-22.46927966101695,9.923037169469168,"[11, 10, 10, 5, 10, 7, 11, 10, 7, 14, 13, 9, 9, 8, 11]","[13, 15, 11, 8, 12, 12, 12, 12, 12, 15, 15, 11, 12, 9, 15]",0.21417896917896917,0.11734247205036664,0.10312220980566134,0.15562325463315563,0.13084255391616562,0.10312220980566134,-1.0,-1.0,0.041532258064516124,0.10967741935483873,0.10967741935483873,0.10967741935483873,-1.0,-1.0
yolov5nu_dataset_2_exp_dataset_quality_31,0.6,-63.44444444444444,12.041594578792296,"[11, 13]","[12, 15]",0.10833333333333334,0.024999999999999967,0.013861386138613862,0.019801980198019802,0.019801980198019802,0.013861386138613862,-1.0,-1.0,0.00564516129032258,0.00846774193548387,0.00846774193548387,0.00846774193548387,-1.0,-1.0
yolov5nu_dataset_2_exp_dataset_quality_32,0.29,0.6462264150943396,1.224744871391589,"[0, 0, -1, 0, 1, 0, 2, 2, 0, 0, 2, 1, 1, 3, 1, 0, 0, 0, 2, 0]","[13, 15, 13, 11, 8, 12, 15, 9, 12, 14, 12, 12, 12, 15, 15, 11, 12, 13, 9, 15]",0.9310149572649573,0.0803174197568169,0.6250046238302571,0.9082562512649498,0.7573345881851585,0.6250046238302571,-1.0,-1.0,0.06491935483870967,0.5709677419354839,0.6883064516129033,0.6883064516129033,-1.0,-1.0
yolov5nu_dataset_2_exp_dataset_quality_32,0.4,-4.660377358490566,4.898979485566356,"[2, 2, 5, 5, 1, 2, 7, 2, 2, 3, 7, 4, 2, 11, 8, 2, 6, 5, 4, 4]","[13, 15, 13, 11, 8, 12, 15, 9, 12, 14, 12, 12, 12, 15, 15, 11, 12, 13, 9, 15]",0.6692303529803529,0.1722052437676426,0.4474062375234864,0.6357791812132272,0.5531348386323169,0.4474062375234864,-1.0,-1.0,0.06491935483870967,0.4762096774193549,0.4923387096774194,0.4923387096774194,-1.0,-1.0
yolov5nu_dataset_2_exp_dataset_quality_32,0.5,-27.152542372881356,10.188841936157417,"[10, 14, 10, 6, 9, 14, 6, 8, 12, 10, 11, 7, 13, 5, 10, 12]","[13, 15, 11, 8, 12, 15, 9, 12, 14, 12, 12, 12, 15, 11, 12, 13]",0.20959873459873457,0.1351986529470458,0.11647486671744099,0.15663874079715664,0.14358249011714355,0.11647486671744099,-1.0,-1.0,0.052016129032258066,0.12298387096774197,0.12298387096774197,0.12298387096774197,-1.0,-1.0
yolov5nu_dataset_2_exp_dataset_quality_32,0.6,,11.0,[11],[12],0.08333333333333337,0.0,0.006930693069306929,0.0099009900990099,0.0099009900990099,0.006930693069306929,-1.0,-1.0,0.00282258064516129,0.00282258064516129,0.00282258064516129,0.00282258064516129,-1.0,-1.0
yolov5nu_dataset_3_exp_dataset_quality_39,0.29,0.9191218948584633,0.5916079783099616,"[-1, 0, 0, -1, 0, 0, 0, 0, -2, 1, 0, 0, 0, 0, 0, 0, 0, 0, 0, 0]","[13, 14, 11, 10, 12, 14, 14, 12, 15, 9, 8, 14, 15, 11, 14, 11, 10, 11, 15, 14]",0.9789316239316239,0.04310631458978292,0.6857708941220773,0.9791242660664533,0.8387368586109893,0.6857708941220773,-1.0,-1.0,0.06680161943319839,0.6008097165991904,0.7315789473684211,0.7315789473684211,-1.0,-1.0
yolov5nu_dataset_3_exp_dataset_quality_39,0.4,0.9537839399191219,0.4472135954999579,"[-1, 0, 0, 0, 0, 0, 0, 0, -1, 1, 0, 1, 0, 0, 0, 0, 0, 0, 0, 0]","[13, 14, 11, 10, 12, 14, 14, 12, 15, 9, 8, 14, 15, 11, 14, 11, 10, 11, 15, 14]",0.9836935286935287,0.03353453735110626,0.6838778248151465,0.9695005036902158,0.8387368586109893,0.6838778248151465,-1.0,-1.0,0.06680161943319839,0.6008097165991904,0.7303643724696356,0.7303643724696356,-1.0,-1.0
yolov5nu_dataset_3_exp_dataset_quality_39,0.5,0.9306759098786829,0.5477225575051661,"[-1, 0, 0, 0, 0, 0, 0, 0, 0, 2, 0, 1, 0, 0, 0, 0, 0, 0, 0, 0]","[13, 14, 11, 10, 12, 14, 14, 12, 15, 9, 8, 14, 15, 11, 14, 11, 10, 11, 15, 14]",0.9814713064713064,0.05173763956319319,0.681055842212028,0.9695005036902158,0.8387368586109893,0.681055842212028,-1.0,-1.0,0.06680161943319839,0.5987854251012146,0.7267206477732794,0.7267206477732794,-1.0,-1.0
yolov5nu_dataset_3_exp_dataset_quality_39,0.6,0.8613518197573657,0.7745966692414834,"[0, 1, 0, 0, 0, 1, 0, 0, 1, 2, 0, 2, 0, 0, 0, 1, 0, 0, 0, 0]","[13, 14, 11, 10, 12, 14, 14, 12, 15, 9, 8, 14, 15, 11, 14, 11, 10, 11, 15, 14]",0.9667243867243867,0.05939635486473067,0.6763560991089403,0.9499025757430742,0.8300582129686472,0.6763560991089403,-1.0,-1.0,0.06680161943319839,0.5987854251012146,0.7206477732793521,0.7206477732793521,-1.0,-1.0
yolov5nu_dataset_3_exp_dataset_quality_39,0.7,-0.028307336799537897,2.1095023109728985,"[0, 1, 0, 2, 0, 4, 0, 0, 5, 2, 0, 6, 1, 0, 1, 1, 0, 0, 0, 0]","[13, 14, 11, 10, 12, 14, 14, 12, 15, 9, 8, 14, 15, 11, 14, 11, 10, 11, 15, 14]",0.9114862914862915,0.12884475282282418,0.6466944404483336,0.900680693069307,0.8035018665104067,0.6466944404483336,-1.0,-1.0,0.06680161943319839,0.5910931174089069,0.6898785425101215,0.6898785425101215,-1.0,-1.0
yolov5nu_dataset_3_exp_dataset_quality_39,0.8,-3.14789139225881,4.236744032862972,"[0, 1, 1, 7, 2, 8, 1, 1, 9, 4, 0, 10, 2, 1, 5, 1, 3, 0, 1, 0]","[13, 14, 11, 10, 12, 14, 14, 12, 15, 9, 8, 14, 15, 11, 14, 11, 10, 11, 15, 14]",0.7723556998557,0.24055352265414137,0.5625879892383219,0.7623762376237624,0.7028155930355902,0.5625879892383219,-1.0,-1.0,0.06680161943319839,0.5319838056680162,0.5979757085020243,0.5979757085020243,-1.0,-1.0
yolov5nu_dataset_3_exp_dataset_quality_39,0.9,-18.556049822064054,8.721170995308587,"[7, 7, 10, 9, 12, 7, 7, 14, 6, 8, 9, 11, 7, 6, 2, 8, 11]","[13, 14, 11, 12, 14, 14, 12, 15, 8, 15, 11, 14, 11, 10, 11, 15, 14]",0.34142230318700906,0.18553147065077696,0.2345142185065514,0.297029702970297,0.297029702970297,0.2345142185065514,-1.0,-1.0,0.05587044534412956,0.24210526315789474,0.24210526315789474,0.24210526315789474,-1.0,-1.0
yolov5nu_dataset_3_exp_dataset_quality_39,0.95,,13.0,[13],[14],0.0714285714285714,0.0,0.008910891089108907,0.0099009900990099,0.0099009900990099,0.008910891089108907,-1.0,-1.0,0.003643724696356275,0.003643724696356275,0.003643724696356275,0.003643724696356275,-1.0,-1.0
yolov5nu_dataset_3_exp_dataset_quality_40,0.29,0.8151357596764875,0.8944271909999159,"[-3, -1, 0, -2, 0, 0, 0, 0, 0, 1, 0, 0, 0, -1, 0, 0, 0, 0, 0, 0]","[13, 14, 11, 10, 12, 14, 14, 12, 15, 9, 8, 14, 15, 11, 14, 11, 10, 11, 15, 14]",0.9647890997890997,0.06861868208992818,0.6211158806498706,0.9548614381965526,0.7268251109724126,0.6211158806498706,-1.0,-1.0,0.06032388663967612,0.5574898785425101,0.6898785425101215,0.6898785425101215,-1.0,-1.0
yolov5nu_dataset_3_exp_dataset_quality_40,0.4,0.8960138648180243,0.6708203932499369,"[-2, -1, 0, -1, 0, 0, 0, 0, 0, 1, 0, 1, 0, -1, 0, 0, 0, 0, 0, 0]","[13, 14, 11, 10, 12, 14, 14, 12, 15, 9, 8, 14, 15, 11, 14, 11, 10, 11, 15, 14]",0.9700638250638252,0.04824902647307257,0.6175169493281669,0.9454319238165432,0.7268251109724126,0.6175169493281669,-1.0,-1.0,0.06032388663967612,0.5574898785425101,0.6878542510121457,0.6878542510121457,-1.0,-1.0
yolov5nu_dataset_3_exp_dataset_quality_40,0.5,0.6880415944540728,1.161895003862225,"[-1, 0, 0, 1, 1, 0, 0, 0, 3, 2, 0, 3, 0, -1, 1, 0, 0, 0, 0, 0]","[13, 14, 11, 10, 12, 14, 14, 12, 15, 9, 8, 14, 15, 11, 14, 11, 10, 11, 15, 14]",0.9470448995448996,0.07597510708979877,0.606359960345529,0.9164532166056925,0.7187243008914044,0.606359960345529,-1.0,-1.0,0.06032388663967612,0.5554655870445344,0.6757085020242914,0.6757085020242914,-1.0,-1.0
yolov5nu_dataset_3_exp_dataset_quality_40,0.6,-0.6868861929520509,2.701851217221259,"[0, 0, 3, 5, 3, 5, 2, 0, 6, 3, 0, 4, 1, 0, 3, 1, 1, 0, 1, 0]","[13, 14, 11, 10, 12, 14, 14, 12, 15, 9, 8, 14, 15, 11, 14, 11, 10, 11, 15, 14]",0.8459848484848486,0.1559232975305654,0.5454387066027193,0.809780995612287,0.6523253339216049,0.5454387066027193,-1.0,-1.0,0.06032388663967612,0.5295546558704454,0.6068825910931175,0.6068825910931175,-1.0,-1.0
yolov5nu_dataset_3_exp_dataset_quality_40,0.7,-7.977469670710573,6.232976816898969,"[4, 4, 7, 8, 5, 9, 4, 7, 10, 7, 2, 9, 3, 5, 10, 2, 7, 0, 2, 6]","[13, 14, 11, 10, 12, 14, 14, 12, 15, 9, 8, 14, 15, 11, 14, 11, 10, 11, 15, 14]",0.5445901320901322,0.23329836601407106,0.37040069166148687,0.5265671174960633,0.45381189662115096,0.37040069166148687,-1.0,-1.0,0.06032388663967612,0.3914979757085021,0.40850202429149796,0.40850202429149796,-1.0,-1.0
yolov5nu_dataset_3_exp_dataset_quality_40,0.8,-46.48247978436659,11.060440015358038,"[12, 12, 9, 9, 14, 13, 13, 9, 8, 7, 13, 11]","[13, 14, 14, 12, 15, 14, 14, 11, 10, 11, 15, 14]",0.17746003996003998,0.10087346919347213,0.0793047638097143,0.10891089108910891,0.10597726439310597,0.0793047638097143,-1.0,-1.0,0.03724696356275303,0.08380566801619434,0.08380566801619434,0.08380566801619434,-1.0,-1.0
yolov5nu_dataset_3_exp_dataset_quality_41,0.29,0.8729058347775852,0.7416198487095663,"[-2, -1, 0, -2, 0, 0, 0, 0, -1, 0, 1, 0, 0, 0, 0, 0, 0, 0, 0, 0]","[13, 14, 11, 10, 12, 14, 14, 12, 15, 9, 8, 14, 15, 11, 14, 11, 10, 11, 15, 14]",0.9691529304029304,0.059080153291734216,0.6653282678943295,0.9653379713631923,0.7763559512976362,0.6653282678943295,-1.0,-1.0,0.06275303643724697,0.5846153846153846,0.7267206477732794,0.7267206477732794,-1.0,-1.0
yolov5nu_dataset_3_exp_dataset_quality_41,0.4,0.9191218948584633,0.5916079783099616,"[-2, -1, 0, -1, 0, 0, 0, 0, 0, 0, 1, 0, 0, 0, 0, 0, 0, 0, 0, 0]","[13, 14, 11, 10, 12, 14, 14, 12, 15, 9, 8, 14, 15, 11, 14, 11, 10, 11, 15, 14]",0.9774862637362638,0.04704163765140383,0.6653282678943295,0.9653379713631923,0.7763559512976362,0.6653282678943295,-1.0,-1.0,0.06275303643724697,0.5846153846153846,0.7267206477732794,0.7267206477732794,-1.0,-1.0
yolov5nu_dataset_3_exp_dataset_quality_41,0.5,0.8960138648180243,0.6708203932499369,"[-2, -1, 0, -1, 0, 0, 0, 0, 1, 0, 1, 1, 0, 0, 0, 0, 0, 0, 0, 0]","[13, 14, 11, 10, 12, 14, 14, 12, 15, 9, 8, 14, 15, 11, 14, 11, 10, 11, 15, 14]",0.9705815018315018,0.04828726770099615,0.6620575487353557,0.965332861174754,0.7681183275352601,0.6620575487353557,-1.0,-1.0,0.06275303643724697,0.5846153846153846,0.7206477732793523,0.7206477732793523,-1.0,-1.0
yolov5nu_dataset_3_exp_dataset_quality_41,0.6,0.6880415944540728,1.161895003862225,"[-1, -1, 0, 1, 0, 2, 0, 0, 3, 0, 1, 3, 1, 0, 0, 0, 0, 0, 0, 0]","[13, 14, 11, 10, 12, 14, 14, 12, 15, 9, 8, 14, 15, 11, 14, 11, 10, 11, 15, 14]",0.9501419413919414,0.06989229409349694,0.6457301238135171,0.9268544554639194,0.7515209834895347,0.6457301238135171,-1.0,-1.0,0.06275303643724697,0.5846153846153846,0.7036437246963564,0.7036437246963564,-1.0,-1.0
yolov5nu_dataset_3_exp_dataset_quality_41,0.7,-0.5944540727902947,2.6267851073127395,"[0, 1, 0, 2, 2, 5, 0, 0, 5, 2, 1, 8, 2, 0, 0, 1, 2, 0, 0, 1]","[13, 14, 11, 10, 12, 14, 14, 12, 15, 9, 8, 14, 15, 11, 14, 11, 10, 11, 15, 14]",0.8728553391053391,0.15015146751385997,0.6073010091201007,0.8587372090547388,0.7174084094975642,0.6073010091201007,-1.0,-1.0,0.06275303643724697,0.5668016194331985,0.6603238866396761,0.6603238866396761,-1.0,-1.0
yolov5nu_dataset_3_exp_dataset_quality_41,0.8,-6.544771808203351,5.714017850864661,"[1, 6, 4, 8, 5, 10, 0, 3, 11, 5, 2, 12, 4, 4, 5, 1, 5, 0, 3, 4]","[13, 14, 11, 10, 12, 14, 14, 12, 15, 9, 8, 14, 15, 11, 14, 11, 10, 11, 15, 14]",0.624490786990787,0.24923865357765781,0.44551622166911614,0.6128327118426128,0.5284082591402803,0.44551622166911614,-1.0,-1.0,0.06275303643724697,0.45101214574898785,0.48380566801619435,0.48380566801619435,-1.0,-1.0
yolov5nu_dataset_3_exp_dataset_quality_41,0.9,-27.068181818181817,10.736231492784919,"[9, 13, 11, 11, 11, 14, 6, 11, 10, 13, 8, 9, 6, 12, 13]","[13, 14, 12, 14, 12, 15, 8, 15, 11, 14, 11, 10, 11, 15, 14]",0.17362970362970362,0.11398554851746404,0.09695667781063821,0.12871287128712872,0.10871399639963997,0.09695667781063821,-1.0,-1.0,0.04817813765182186,0.10242914979757085,0.10242914979757085,0.10242914979757085,-1.0,-1.0
yolov5nu_dataset_3_exp_dataset_quality_42,0.29,0.8382437897169266,0.8366600265340756,"[-1, -1, 0, -3, 0, 0, 0, 0, -1, 0, 1, 0, 0, 0, 0, 1, 0, 0, 0, 0]","[13, 14, 11, 10, 12, 14, 14, 12, 15, 9, 8, 14, 15, 11, 14, 11, 10, 11, 15, 14]",0.9634536297036297,0.0716381058505924,0.6626276429773038,0.9641886005866219,0.8176116776011112,0.6626276429773038,-1.0,-1.0,0.06680161943319837,0.5842105263157895,0.7226720647773279,0.7226720647773279,-1.0,-1.0
yolov5nu_dataset_3_exp_dataset_quality_42,0.4,0.9537839399191219,0.4472135954999579,"[0, -1, 0, -1, 0, 0, 0, 0, 0, 0, 1, 0, 0, 0, 0, 1, 0, 0, 0, 0]","[13, 14, 11, 10, 12, 14, 14, 12, 15, 9, 8, 14, 15, 11, 14, 11, 10, 11, 15, 14]",0.9806331168831169,0.039679957404830754,0.6626276429773038,0.9641886005866219,0.8176116776011112,0.6626276429773038,-1.0,-1.0,0.06680161943319837,0.5842105263157895,0.7226720647773279,0.7226720647773279,-1.0,-1.0
yolov5nu_dataset_3_exp_dataset_quality_42,0.5,0.6302715193529751,1.2649110640673518,"[0, -1, 0, 2, 0, 1, 0, 0, 2, 1, 1, 4, 1, 0, 1, 1, 1, 0, 0, 0]","[13, 14, 11, 10, 12, 14, 14, 12, 15, 9, 8, 14, 15, 11, 14, 11, 10, 11, 15, 14]",0.9336489898989899,0.07659863207858297,0.6385424007979454,0.9157719269994559,0.8002425773171107,0.6385424007979454,-1.0,-1.0,0.06680161943319837,0.5773279352226721,0.6959514170040487,0.6959514170040487,-1.0,-1.0
yolov5nu_dataset_3_exp_dataset_quality_42,0.6,-1.1952628538417103,3.082207001484488,"[1, 0, 3, 5, 1, 5, 3, 1, 5, 3, 1, 8, 1, 1, 1, 2, 3, 0, 0, 2]","[13, 14, 11, 10, 12, 14, 14, 12, 15, 9, 8, 14, 15, 11, 14, 11, 10, 11, 15, 14]",0.8097739760239759,0.16118182198759384,0.5661070204248281,0.7985845101620079,0.7193279488952524,0.5661070204248281,-1.0,-1.0,0.06680161943319837,0.5408906882591094,0.6149797570850203,0.6149797570850203,-1.0,-1.0
yolov5nu_dataset_3_exp_dataset_quality_42,0.7,-14.07366362451108,8.003288797672328,"[7, 10, 8, 7, 13, 5, 5, 12, 7, 5, 10, 6, 6, 13, 6, 8, 2, 3, 8]","[13, 14, 11, 12, 14, 14, 12, 15, 9, 8, 14, 15, 11, 14, 11, 10, 11, 15, 14]",0.40234078786710364,0.21134447199603643,0.28295899981839384,0.38613861386138615,0.3711894019420025,0.28295899981839384,-1.0,-1.0,0.06437246963562752,0.29311740890688254,0.3004048582995951,0.3004048582995951,-1.0,-1.0
yolov5nu_dataset_3_exp_dataset_quality_42,0.8,-72.0,12.083045973594572,"[13, 13, 10]","[14, 14, 11]",0.0779220779220779,0.009183204950474673,0.016501650165016504,0.019801980198019802,0.019801980198019802,0.016501650165016504,-1.0,-1.0,0.010526315789473684,0.010526315789473684,0.010526315789473684,0.010526315789473684,-1.0,-1.0
yolov5nu_dataset_3_exp_dataset_quality_43,0.29,0.8613518197573657,0.7745966692414834,"[-3, -1, 0, 0, 0, 1, 0, 0, 0, 0, 1, 0, 0, 0, 0, 0, 0, 0, 0, 0]","[13, 14, 11, 10, 12, 14, 14, 12, 15, 9, 8, 14, 15, 11, 14, 11, 10, 11, 15, 14]",0.9750686813186814,0.0577287218283439,0.6854736726428592,0.9643529506887667,0.8353431125566894,0.6854736726428592,-1.0,-1.0,0.0680161943319838,0.6064777327935224,0.7364372469635627,0.7364372469635627,-1.0,-1.0
yolov5nu_dataset_3_exp_dataset_quality_43,0.4,0.8960138648180243,0.6708203932499369,"[-2, -1, 0, 1, 0, 1, 0, 0, 0, 0, 1, 0, 0, 0, 0, 1, 0, 0, 0, 0]","[13, 14, 11, 10, 12, 14, 14, 12, 15, 9, 8, 14, 15, 11, 14, 11, 10, 11, 15, 14]",0.9693693806193806,0.049496205219702105,0.684523336645404,0.9643529506887667,0.8353431125566894,0.684523336645404,-1.0,-1.0,0.0680161943319838,0.6044534412955466,0.7327935222672065,0.7327935222672065,-1.0,-1.0
yolov5nu_dataset_3_exp_dataset_quality_43,0.5,0.7111496244945119,1.118033988749895,"[-1, -1, 1, 2, 1, 2, 0, 0, 3, 1, 1, 1, 0, 0, 0, 1, 0, 0, 0, 0]","[13, 14, 11, 10, 12, 14, 14, 12, 15, 9, 8, 14, 15, 11, 14, 11, 10, 11, 15, 14]",0.9368050005550005,0.06637066168150955,0.664366281086122,0.9255956074211772,0.8178194157571548,0.664366281086122,-1.0,-1.0,0.0680161943319838,0.5991902834008098,0.7113360323886639,0.7113360323886639,-1.0,-1.0
yolov5nu_dataset_3_exp_dataset_quality_43,0.6,-1.4032351242056618,3.22490309931942,"[1, 0, 3, 6, 3, 6, 2, 2, 5, 4, 1, 7, 0, 1, 2, 2, 3, 0, 0, 0]","[13, 14, 11, 10, 12, 14, 14, 12, 15, 9, 8, 14, 15, 11, 14, 11, 10, 11, 15, 14]",0.797194610944611,0.17861322340588184,0.5873191371002903,0.7885967402533929,0.7357543735244044,0.5873191371002903,-1.0,-1.0,0.0680161943319838,0.5473684210526316,0.6267206477732794,0.6267206477732794,-1.0,-1.0
yolov5nu_dataset_3_exp_dataset_quality_43,0.7,-14.661764705882353,7.691987172809551,"[8, 6, 8, 8, 11, 6, 9, 9, 5, 13, 7, 4, 10, 6, 7, 1, 3, 8]","[13, 14, 11, 12, 14, 14, 12, 15, 8, 14, 15, 11, 14, 11, 10, 11, 15, 14]",0.4328814703814704,0.2035025778927743,0.3128928178008018,0.3948394839483948,0.39320255554967265,0.3128928178008018,-1.0,-1.0,0.061133603238866394,0.31983805668016196,0.3271255060728745,0.3271255060728745,-1.0,-1.0
yolov5nu_dataset_3_exp_dataset_quality_43,0.8,-92.23529411764704,11.260550608207398,"[12, 11, 13, 10, 10]","[13, 12, 14, 11, 11]",0.0827006327006327,0.007688919280295557,0.02400990099009901,0.0297029702970297,0.0297029702970297,0.02400990099009901,-1.0,-1.0,0.017004048582995954,0.017004048582995954,0.017004048582995954,0.017004048582995954,-1.0,-1.0
yolov5nu_dataset_3_exp_dataset_quality_44,0.29,0.9422299248989023,0.5,"[0, -1, 0, 0, 0, 1, 0, 0, 1, 0, 1, 0, 0, 0, 0, 0, 0, -1, 0, 0]","[13, 14, 11, 10, 12, 14, 14, 12, 15, 9, 8, 14, 15, 11, 14, 11, 10, 11, 15, 14]",0.9787283549783551,0.03839813227780574,0.6358816401959688,0.9543439814837907,0.7581154406221067,0.6358816401959688,-1.0,-1.0,0.06113360323886641,0.5785425101214575,0.6995951417004049,0.6995951417004049,-1.0,-1.0
yolov5nu_dataset_3_exp_dataset_quality_44,0.4,-0.1900635470826113,2.2693611435820435,"[0, -1, 2, 4, 0, 4, 0, 1, 4, 3, 2, 5, 2, 0, 2, 1, 1, 0, 0, 1]","[13, 14, 11, 10, 12, 14, 14, 12, 15, 9, 8, 14, 15, 11, 14, 11, 10, 11, 15, 14]",0.8616017316017315,0.1299001660793002,0.5836751856878554,0.8475294412531835,0.7153397295038918,0.5836751856878554,-1.0,-1.0,0.06113360323886641,0.5566801619433198,0.6408906882591093,0.6408906882591093,-1.0,-1.0
yolov5nu_dataset_3_exp_dataset_quality_44,0.5,-5.689774696707106,5.380520420925842,"[3, 4, 5, 8, 4, 10, 2, 3, 6, 5, 3, 9, 3, 5, 7, 4, 6, 0, 1, 7]","[13, 14, 11, 10, 12, 14, 14, 12, 15, 9, 8, 14, 15, 11, 14, 11, 10, 11, 15, 14]",0.6065116827616828,0.20674629406706985,0.430021341680204,0.612167795726941,0.5334158415841584,0.430021341680204,-1.0,-1.0,0.06113360323886641,0.4421052631578948,0.4708502024291497,0.4708502024291497,-1.0,-1.0
yolov5nu_dataset_3_exp_dataset_quality_44,0.6,-19.24840312278211,9.383792173506166,"[9, 11, 10, 9, 13, 5, 10, 14, 8, 6, 8, 10, 11, 7, 9, 4, 10, 9]","[13, 14, 11, 12, 14, 14, 12, 15, 9, 8, 15, 11, 14, 11, 10, 11, 15, 14]",0.26299749633082964,0.17473585799852112,0.17041278569739376,0.24752475247524752,0.19915134370579915,0.17041278569739376,-1.0,-1.0,0.05465587044534413,0.18502024291497976,0.18502024291497976,0.18502024291497976,-1.0,-1.0
yolov5nu_dataset_3_exp_dataset_quality_44,0.7,-43.34615384615385,11.31861789756643,"[10, 11, 12, 13, 10, 10, 9, 13, 13]","[11, 12, 14, 15, 11, 11, 11, 15, 14]",0.11320346320346321,0.0341991341991342,0.03823305407463823,0.0594059405940594,0.043412033511043405,0.03823305407463823,-1.0,-1.0,0.026315789473684202,0.036842105263157884,0.036842105263157884,0.036842105263157884,-1.0,-1.0
yolov5nu_dataset_3_exp_dataset_quality_44,0.8,,14.0,[14],[15],0.06666666666666665,0.0,0.009900990099009898,0.0099009900990099,0.0099009900990099,0.009900990099009898,-1.0,-1.0,0.004048582995951416,0.004048582995951416,0.004048582995951416,0.004048582995951416,-1.0,-1.0
yolov5nu_dataset_3_exp_dataset_quality_45,0.29,0.8960138648180243,0.6708203932499369,"[0, -1, 0, 1, 0, 1, 0, 0, 0, -1, 1, 0, 0, -1, 0, 1, 1, -1, 0, 0]","[13, 14, 11, 10, 12, 14, 14, 12, 15, 9, 8, 14, 15, 11, 14, 11, 10, 11, 15, 14]",0.9574152236652237,0.04832126114097823,0.625354655324886,0.9452430489155873,0.7089303660543296,0.625354655324886,-1.0,-1.0,0.06558704453441296,0.5607287449392713,0.6939271255060728,0.6939271255060728,-1.0,-1.0
yolov5nu_dataset_3_exp_dataset_quality_45,0.4,0.6418255343731947,1.2449899597988732,"[0, 0, 0, 3, 1, 2, 0, 0, 2, -1, 1, 2, 0, -1, 1, 1, 2, 0, 0, 0]","[13, 14, 11, 10, 12, 14, 14, 12, 15, 9, 8, 14, 15, 11, 14, 11, 10, 11, 15, 14]",0.9254130591630592,0.0818156339989721,0.6076542263554725,0.9164409340102191,0.69311332980525,0.6076542263554725,-1.0,-1.0,0.06558704453441296,0.5566801619433199,0.6716599190283401,0.6716599190283401,-1.0,-1.0
yolov5nu_dataset_3_exp_dataset_quality_45,0.5,-3.829578278451762,4.571651780264984,"[1, 3, 1, 6, 3, 8, 2, 4, 10, 4, 1, 8, 1, 4, 5, 3, 5, 1, 2, 4]","[13, 14, 11, 10, 12, 14, 14, 12, 15, 9, 8, 14, 15, 11, 14, 11, 10, 11, 15, 14]",0.6921296758796759,0.19044421712128082,0.47508605437158563,0.6814313010248393,0.5681978917999922,0.47508605437158563,-1.0,-1.0,0.06558704453441296,0.48663967611336034,0.520242914979757,0.520242914979757,-1.0,-1.0
yolov5nu_dataset_3_exp_dataset_quality_45,0.6,-19.622555410691003,9.361174015441035,"[7, 12, 8, 8, 13, 6, 10, 14, 7, 4, 13, 11, 9, 10, 7, 8, 8, 7, 9]","[13, 14, 11, 12, 14, 14, 12, 15, 9, 8, 14, 15, 11, 14, 11, 10, 11, 15, 14]",0.2811229705966548,0.15045424316872463,0.1966135137395416,0.26732673267326734,0.2376987896158037,0.1966135137395416,-1.0,-1.0,0.062348178137651825,0.20647773279352225,0.20647773279352225,0.20647773279352225,-1.0,-1.0
yolov5nu_dataset_3_exp_dataset_quality_45,0.7,-42.59374999999999,12.449899597988733,"[14, 10, 13]","[15, 11, 15]",0.09696969696969697,0.027551882216133035,0.01617161716171617,0.019801980198019802,0.019801980198019802,0.01617161716171617,-1.0,-1.0,0.010121457489878543,0.013360323886639677,0.013360323886639677,0.013360323886639677,-1.0,-1.0
yolov5nu_dataset_3_exp_dataset_quality_46,0.29,0.6187175043327556,1.284523257866513,"[-1, 1, 2, 0, 1, 0, -1, 1, 1, 0, 0, 4, 1, -1, 0, 2, 1, 0, 0, 0]","[13, 14, 11, 10, 12, 14, 14, 12, 15, 9, 8, 14, 15, 11, 14, 11, 10, 11, 15, 14]",0.9319980019980021,0.07497546361275477,0.48619898929538785,0.8685408430199206,0.520144360902757,0.48619898929538785,-1.0,-1.0,0.05465587044534413,0.46882591093117404,0.5684210526315789,0.5684210526315789,-1.0,-1.0
yolov5nu_dataset_3_exp_dataset_quality_46,0.4,-3.298093587521664,4.312771730569565,"[0, 2, 5, 5, 5, 7, 2, 2, 9, 3, 1, 8, 3, 0, 3, 5, 5, 2, 3, 0]","[13, 14, 11, 10, 12, 14, 14, 12, 15, 9, 8, 14, 15, 11, 14, 11, 10, 11, 15, 14]",0.7147997835497836,0.19376377739311598,0.3842759785276745,0.6687780999761551,0.41825949225657805,0.3842759785276745,-1.0,-1.0,0.05465587044534413,0.40607287449392715,0.44979757085020233,0.44979757085020233,-1.0,-1.0
yolov5nu_dataset_3_exp_dataset_quality_46,0.5,-16.575619295958276,8.642002691871589,"[8, 10, 9, 8, 10, 9, 8, 14, 7, 6, 12, 9, 7, 9, 7, 6, 4, 8, 8]","[13, 14, 11, 12, 14, 14, 12, 15, 9, 8, 14, 15, 11, 14, 11, 10, 11, 15, 14]",0.32944394786500053,0.12291449576172286,0.17628976829405474,0.3033538243934284,0.1904162611659025,0.17628976829405474,-1.0,-1.0,0.051821862348178135,0.2,0.2,0.2,-1.0,-1.0
yolov5nu_dataset_3_exp_dataset_quality_46,0.6,-38.28366762177651,11.708970919769166,"[10, 13, 14, 14, 10, 13, 10, 9, 8, 14]","[13, 14, 15, 15, 11, 14, 11, 10, 11, 15]",0.11281718281718282,0.07100970099700696,0.03914396934198914,0.0594059405940594,0.04468139121604467,0.03914396934198914,-1.0,-1.0,0.027935222672064774,0.03967611336032388,0.03967611336032388,0.03967611336032388,-1.0,-1.0
yolov5nu_dataset_3_exp_dataset_quality_46,0.7,,14.0,[14],[15],0.06666666666666665,0.0,0.007920792079207917,0.0099009900990099,0.0099009900990099,0.007920792079207917,-1.0,-1.0,0.0032388663967611335,0.0032388663967611335,0.0032388663967611335,0.0032388663967611335,-1.0,-1.0
yolov5nu_dataset_3_exp_dataset_quality_47,0.29,-6.8567302137492785,5.830951894845301,"[2, 8, 5, 9, 5, 10, 4, 5, 11, 3, 2, 9, 5, 1, 5, 7, 2, 1, 2, 4]","[13, 14, 11, 10, 12, 14, 14, 12, 15, 9, 8, 14, 15, 11, 14, 11, 10, 11, 15, 14]",0.5999808524808524,0.22691163164309971,0.29320478826893026,0.5564087020946992,0.25632594477422116,0.29320478826893026,-1.0,-1.0,0.048582995951417005,0.34574898785425107,0.35789473684210527,0.35789473684210527,-1.0,-1.0
yolov5nu_dataset_3_exp_dataset_quality_47,0.4,-23.624327233584502,10.803438606031216,"[10, 10, 13, 11, 8, 7, 14, 9, 13, 10, 9, 8, 14, 12]","[13, 12, 14, 14, 9, 8, 15, 11, 14, 11, 10, 11, 15, 14]",0.1365953490953491,0.06486735014619768,0.051532626497366965,0.08668464100414619,0.04396311484695381,0.051532626497366965,-1.0,-1.0,0.03441295546558704,0.05465587044534413,0.05465587044534413,0.05465587044534413,-1.0,-1.0
yolov5nu_dataset_3_exp_dataset_quality_47,0.5,,7.0,[7],[8],0.125,0.0,0.004950495049504949,0.0099009900990099,0.0,0.004950495049504949,-1.0,-1.0,0.0020242914979757085,0.0020242914979757085,0.0020242914979757085,0.0020242914979757085,-1.0,-1.0
yolov5nu_dataset_3_exp_dataset_quality_48,0.29,-1.2530329289428077,3.122498999199199,"[1, 5, 3, 3, 1, 2, 0, 4, 6, 1, 1, 7, 2, 1, 1, 3, 4, 2, 2, 2]","[13, 14, 11, 10, 12, 14, 14, 12, 15, 9, 8, 14, 15, 11, 14, 11, 10, 11, 15, 14]",0.7935582473082473,0.1339191989934819,0.3804702051273165,0.7590719249387229,0.31085848025728285,0.3804702051273165,-1.0,-1.0,0.05060728744939271,0.41174089068825903,0.4469635627530364,0.4469635627530364,-1.0,-1.0
yolov5nu_dataset_3_exp_dataset_quality_48,0.4,-7.469093009820913,6.053924347066125,"[3, 7, 7, 8, 6, 6, 0, 8, 9, 6, 2, 10, 5, 3, 6, 4, 6, 3, 5, 7]","[13, 14, 11, 10, 12, 14, 14, 12, 15, 9, 8, 14, 15, 11, 14, 11, 10, 11, 15, 14]",0.5451173826173825,0.1951926062476527,0.2759777565563509,0.5264207545482597,0.24020130453881805,0.2759777565563509,-1.0,-1.0,0.05060728744939271,0.3153846153846155,0.31862348178137656,0.31862348178137656,-1.0,-1.0
yolov5nu_dataset_3_exp_dataset_quality_48,0.5,-16.961756373937682,8.84747295999133,"[6, 13, 9, 10, 8, 10, 11, 7, 3, 13, 8, 7, 10, 7, 7, 6, 10, 8]","[13, 14, 12, 14, 14, 12, 15, 9, 8, 14, 15, 11, 14, 11, 10, 11, 15, 14]",0.3290146581813248,0.14406892901939072,0.16309724423743258,0.29418147294181474,0.1528825313645027,0.16309724423743258,-1.0,-1.0,0.044939271255060725,0.1825910931174089,0.1825910931174089,0.1825910931174089,-1.0,-1.0
yolov5nu_dataset_3_exp_dataset_quality_48,0.6,-22.301343570057583,11.018166816671457,"[9, 11, 11, 14, 7, 12, 12, 9, 9, 14]","[13, 12, 14, 15, 8, 15, 14, 10, 11, 15]",0.14883200133200133,0.07348988038728663,0.047599299403624576,0.07920792079207921,0.048954895489548955,0.047599299403624576,-1.0,-1.0,0.02550607287449393,0.051417004048583,0.051417004048583,0.051417004048583,-1.0,-1.0
yolov5nu_dataset_3_exp_dataset_quality_49,0.29,-4.106874638937031,4.701063709417263,"[1, 7, 5, 5, 4, 7, 1, 4, 6, 3, 1, 8, 3, 1, 3, 6, 6, 1, 3, 7]","[13, 14, 11, 10, 12, 14, 14, 12, 15, 9, 8, 14, 15, 11, 14, 11, 10, 11, 15, 14]",0.6679557942057942,0.1800028581022404,0.2810472658390585,0.5846610955644629,0.25046795643623576,0.2810472658390585,-1.0,-1.0,0.04655870445344129,0.33481781376518216,0.3611336032388664,0.3611336032388664,-1.0,-1.0
yolov5nu_dataset_3_exp_dataset_quality_49,0.4,-23.89304412864622,10.135197197007182,"[8, 11, 9, 9, 13, 9, 11, 14, 8, 5, 13, 12, 8, 12, 8, 6, 9, 12]","[13, 14, 11, 12, 14, 14, 12, 15, 9, 8, 14, 15, 11, 14, 11, 11, 15, 14]",0.2251413709747043,0.1236735499723877,0.09462362863496805,0.19336366069039337,0.09066514343742066,0.09462362863496805,-1.0,-1.0,0.04291497975708501,0.11497975708502024,0.11497975708502024,0.11497975708502024,-1.0,-1.0
yolov5nu_dataset_3_exp_dataset_quality_49,0.5,-23.363636363636363,10.567244989431572,"[12, 7, 14, 10, 10, 9]","[13, 8, 15, 11, 11, 11]",0.10537101787101788,0.038633044198406095,0.01841112682696841,0.0297029702970297,0.021216407355021217,0.01841112682696841,-1.0,-1.0,0.016194331983805668,0.018623481781376516,0.018623481781376516,0.018623481781376516,-1.0,-1.0
yolov5nu_dataset_3_exp_dataset_quality_50,0.29,-1.5534373194685154,3.3241540277189325,"[-1, 4, 8, 4, 2, 4, 1, 4, 2, 2, 0, 6, 0, -1, 0, 4, 3, 2, 2, 3]","[13, 14, 11, 10, 12, 14, 14, 12, 15, 9, 8, 14, 15, 11, 14, 11, 10, 11, 15, 14]",0.7792418692418692,0.1739970972253713,0.2996461672006439,0.6490809991517205,0.2232896474242936,0.2996461672006439,-1.0,-1.0,0.04574898785425101,0.3433198380566801,0.40161943319838056,0.40161943319838056,-1.0,-1.0
yolov5nu_dataset_3_exp_dataset_quality_50,0.4,-14.239745811669556,8.120960534321048,"[4, 9, 10, 9, 7, 11, 9, 9, 10, 8, 2, 12, 8, 3, 4, 7, 5, 7, 8, 11]","[13, 14, 11, 10, 12, 14, 14, 12, 15, 9, 8, 14, 15, 11, 14, 11, 10, 11, 15, 14]",0.3816103341103341,0.2077965794464211,0.14864375941392946,0.31796648509835784,0.115839380464101,0.14864375941392946,-1.0,-1.0,0.04574898785425101,0.1902834008097166,0.1902834008097166,0.1902834008097166,-1.0,-1.0
yolov5nu_dataset_3_exp_dataset_quality_50,0.5,-36.16546762589928,11.294049564064943,"[11, 11, 14, 13, 9, 10, 10, 8, 14]","[13, 12, 15, 15, 11, 14, 11, 10, 15]",0.14025419025419025,0.0692768811208163,0.031794608032231796,0.05808580858085809,0.04440444044404441,0.031794608032231796,-1.0,-1.0,0.02105263157894737,0.031578947368421054,0.031578947368421054,0.031578947368421054,-1.0,-1.0
yolov5nu_dataset_3_exp_dataset_quality_50,0.6,-54.0,12.110601416389967,"[12, 14, 10]","[13, 15, 11]",0.07816627816627815,0.009935892688824126,0.011881188118811881,0.019801980198019802,0.019801980198019802,0.011881188118811881,-1.0,-1.0,0.00728744939271255,0.00728744939271255,0.00728744939271255,0.00728744939271255,-1.0,-1.0
yolov5nu_dataset_3_exp_dataset_quality_51,0.29,-7.596187175043328,6.099180272790763,"[7, 9, 6, 5, 4, 9, 6, 5, 4, 2, 3, 10, 6, 2, 5, 5, 6, 2, 6, 10]","[13, 14, 11, 10, 12, 14, 14, 12, 15, 9, 8, 14, 15, 11, 14, 11, 10, 11, 15, 14]",0.5542006604506605,0.16116017717211598,0.24203771691717244,0.48514851485148514,0.21385011716383762,0.24203771691717244,-1.0,-1.0,0.051417004048583,0.2995951417004049,0.3008097165991903,0.3008097165991903,-1.0,-1.0
yolov5nu_dataset_3_exp_dataset_quality_51,0.4,-23.932855280312907,10.29307380819999,"[10, 13, 10, 8, 10, 13, 13, 10, 11, 8, 7, 12, 12, 7, 12, 6, 7, 11, 11]","[13, 14, 11, 10, 12, 14, 14, 12, 15, 9, 8, 14, 15, 11, 14, 11, 11, 15, 14]",0.1958189471347366,0.1055876819169997,0.09398268488656837,0.17095709570957096,0.09728115668709728,0.09398268488656837,-1.0,-1.0,0.04939271255060729,0.10890688259109313,0.10890688259109313,0.10890688259109313,-1.0,-1.0
yolov5nu_dataset_3_exp_dataset_quality_51,0.5,-41.041666666666664,11.2305387226081,"[10, 11, 13, 9, 10, 10, 13, 13]","[11, 12, 15, 11, 11, 11, 15, 14]",0.10949675324675326,0.03452710658508956,0.028492849284928495,0.04950495049504951,0.0374037403740374,0.028492849284928495,-1.0,-1.0,0.019028340080971658,0.025101214574898785,0.025101214574898785,0.025101214574898785,-1.0,-1.0
yolov5nu_dataset_3_exp_dataset_quality_51,0.6,,14.0,[14],[15],0.06666666666666665,0.0,0.007920792079207917,0.0099009900990099,0.0099009900990099,0.007920792079207917,-1.0,-1.0,0.0032388663967611335,0.0032388663967611335,0.0032388663967611335,0.0032388663967611335,-1.0,-1.0
yolov5nu_dataset_3_exp_dataset_quality_52,0.29,-8.566724436741769,6.434283176858165,"[5, 9, 6, 8, 6, 8, 7, 5, 8, 6, 5, 12, 5, 3, 7, 6, 5, 1, 3, 5]","[13, 14, 11, 10, 12, 14, 14, 12, 15, 9, 8, 14, 15, 11, 14, 11, 10, 11, 15, 14]",0.5078633866133866,0.1827461281697653,0.23804135335051643,0.4720811147902526,0.22365200556947284,0.23804135335051643,-1.0,-1.0,0.03643724696356276,0.29149797570850206,0.2955465587044534,0.2955465587044534,-1.0,-1.0
yolov5nu_dataset_3_exp_dataset_quality_52,0.4,-28.951298701298697,11.090536506409418,"[12, 12, 9, 11, 13, 11, 12, 7, 13, 14, 9, 12, 8, 7, 13]","[13, 14, 10, 12, 14, 12, 15, 8, 14, 15, 11, 14, 11, 11, 15]",0.141022866022866,0.08166246359486716,0.05389588711618415,0.10891089108910891,0.05402640264026403,0.05389588711618415,-1.0,-1.0,0.0291497975708502,0.05951417004048583,0.05951417004048583,0.05951417004048583,-1.0,-1.0
yolov5nu_dataset_3_exp_dataset_quality_52,0.5,-33.625,11.76860229593982,"[14, 9]","[15, 11]",0.12424242424242427,0.05757575757575761,0.013531353135313532,0.019801980198019802,0.019801980198019802,0.013531353135313532,-1.0,-1.0,0.005263157894736842,0.008906882591093117,0.008906882591093117,0.008906882591093117,-1.0,-1.0
yolov5nu_dataset_3_exp_dataset_quality_53,0.29,-27.492268041237114,9.912954487269003,"[12, 9, 11, 11, 7, 12, 7, 13, 9, 12, 7, 8, 4, 11, 11]","[14, 11, 12, 14, 12, 15, 9, 14, 11, 14, 11, 10, 11, 15, 14]",0.23588263588263586,0.13844397211308504,0.07726843783036427,0.16552087102397947,0.07004322612712399,0.07726843783036427,-1.0,-1.0,0.03279352226720648,0.08947368421052632,0.08947368421052632,0.08947368421052632,-1.0,-1.0
yolov5nu_dataset_3_exp_dataset_quality_53,0.4,-51.557692307692314,12.322066926183016,"[13, 14, 13, 9, 10, 14]","[14, 15, 14, 11, 11, 15]",0.09148629148629149,0.04122465967444041,0.016980198019801978,0.0297029702970297,0.017821782178217824,0.016980198019801978,-1.0,-1.0,0.012550607287449392,0.015384615384615385,0.015384615384615385,0.015384615384615385,-1.0,-1.0
yolov5nu_dataset_3_exp_dataset_quality_53,0.5,,13.0,[13],[14],0.0714285714285714,0.0,0.007920792079207917,0.0099009900990099,0.0099009900990099,0.007920792079207917,-1.0,-1.0,0.0032388663967611335,0.0032388663967611335,0.0032388663967611335,0.0032388663967611335,-1.0,-1.0
yolov5nu_dataset_3_exp_dataset_quality_56,0.29,-800.0,13.341664064126334,"[13, 14, 13]","[14, 15, 14]",0.06984126984126982,0.002244783432338238,0.008910891089108907,0.0099009900990099,0.0099009900990099,0.008910891089108907,-1.0,-1.0,0.006477732793522267,0.006477732793522267,0.006477732793522267,0.006477732793522267,-1.0,-1.0
yolov5su_dataset_1_exp_dataset_quality_58,0.29,0.9555884529977794,0.7745966692414834,"[0, 0, 1, -1, -1, 0, 0, 0, 0, 0, 2, -1, 0, -1, 1, 0, -1, -1, 0, 0]","[9, 8, 7, 15, 15, 13, 14, 7, 15, 7, 16, 13, 15, 7, 16, 16, 13, 8, 14, 6]",0.9557303113553113,0.053618876476561335,0.5815505599233196,0.958424455790504,0.6882939768969916,0.5815505599233196,-1.0,-1.0,0.060256410256410264,0.5068376068376068,0.658974358974359,0.658974358974359,-1.0,-1.0
yolov5su_dataset_1_exp_dataset_quality_58,0.4,0.9666913397483345,0.6708203932499369,"[0, 0, 1, 0, 0, 0, 0, 0, 0, 0, 2, -1, 0, -1, 1, 0, -1, 0, 0, 0]","[9, 8, 7, 15, 15, 13, 14, 7, 15, 7, 16, 13, 15, 7, 16, 16, 13, 8, 14, 6]",0.9686469780219781,0.051245319939557825,0.5815505599233196,0.958424455790504,0.6882939768969916,0.5815505599233196,-1.0,-1.0,0.060256410256410264,0.5068376068376068,0.658974358974359,0.658974358974359,-1.0,-1.0
yolov5su_dataset_1_exp_dataset_quality_58,0.5,0.9703923019985197,0.6324555320336759,"[0, 0, 1, 0, 0, 0, 0, 0, 0, 0, 2, -1, 0, 0, 1, 0, -1, 0, 0, 0]","[9, 8, 7, 15, 15, 13, 14, 7, 15, 7, 16, 13, 15, 7, 16, 16, 13, 8, 14, 6]",0.9757898351648352,0.044749911265284256,0.5815505599233196,0.958424455790504,0.6882939768969916,0.5815505599233196,-1.0,-1.0,0.060256410256410264,0.5068376068376068,0.658974358974359,0.658974358974359,-1.0,-1.0
yolov5su_dataset_1_exp_dataset_quality_58,0.6,0.9703923019985197,0.6324555320336759,"[0, 0, 1, 0, 0, 0, 0, 0, 0, 0, 2, -1, 0, 0, 1, 0, -1, 0, 0, 0]","[9, 8, 7, 15, 15, 13, 14, 7, 15, 7, 16, 13, 15, 7, 16, 16, 13, 8, 14, 6]",0.9757898351648352,0.044749911265284256,0.5815505599233196,0.958424455790504,0.6882939768969916,0.5815505599233196,-1.0,-1.0,0.060256410256410264,0.5068376068376068,0.658974358974359,0.658974358974359,-1.0,-1.0
yolov5su_dataset_1_exp_dataset_quality_58,0.7,0.9444855662472242,0.8660254037844386,"[0, 0, 1, 0, 1, 0, 0, 0, 0, 0, 3, -1, 0, 0, 1, 0, -1, 0, 0, 1]","[9, 8, 7, 15, 15, 13, 14, 7, 15, 7, 16, 13, 15, 7, 16, 16, 13, 8, 14, 6]",0.9609981684981685,0.0604583938771989,0.5788451053479182,0.9486859273525073,0.6802360282449835,0.5788451053479182,-1.0,-1.0,0.060256410256410264,0.5068376068376068,0.655982905982906,0.655982905982906,-1.0,-1.0
yolov5su_dataset_1_exp_dataset_quality_58,0.8,0.4855662472242783,2.6362852652928135,"[0, 4, 2, 0, 3, 0, 3, 0, 0, 1, 5, 0, 1, 0, 5, 2, 6, 0, 0, 3]","[9, 8, 7, 15, 15, 13, 14, 7, 15, 7, 16, 13, 15, 7, 16, 16, 13, 8, 14, 6]",0.8439468864468864,0.17738480693182052,0.5106263908376906,0.8218672223655694,0.6066230024857128,0.5106263908376906,-1.0,-1.0,0.060256410256410264,0.48247863247863243,0.5782051282051281,0.5782051282051281,-1.0,-1.0
yolov5su_dataset_1_exp_dataset_quality_58,0.9,-16.0625,12.03566129704317,"[6, 10, 14, 12, 15, 13, 12]","[7, 13, 15, 15, 16, 16, 14]",0.147592883307169,0.059871403171910156,0.037801637306587796,0.05657708628005658,0.05529124341005529,0.037801637306587796,-1.0,-1.0,0.01965811965811966,0.03846153846153846,0.03846153846153846,0.03846153846153846,-1.0,-1.0
yolov5su_dataset_1_exp_dataset_quality_59,0.29,0.9444855662472242,0.8660254037844386,"[0, 1, 0, 0, 0, 0, 0, -1, 0, 0, 2, -1, 0, -2, 1, 1, -1, 0, 0, -1]","[9, 8, 7, 15, 15, 13, 14, 7, 15, 7, 16, 13, 15, 7, 16, 16, 13, 8, 14, 6]",0.9437957875457874,0.07666066255876304,0.5282765322387692,0.9047382002114157,0.6002152589132368,0.5282765322387692,-1.0,-1.0,0.041025641025641026,0.48418803418803424,0.653846153846154,0.653846153846154,-1.0,-1.0
yolov5su_dataset_1_exp_dataset_quality_59,0.4,0.9444855662472242,0.8660254037844386,"[0, 1, 0, 0, 0, 0, 0, -1, 0, 0, 2, -1, 0, -2, 1, 1, -1, 0, 0, -1]","[9, 8, 7, 15, 15, 13, 14, 7, 15, 7, 16, 13, 15, 7, 16, 16, 13, 8, 14, 6]",0.9437957875457874,0.07666066255876304,0.5282765322387692,0.9047382002114157,0.6002152589132368,0.5282765322387692,-1.0,-1.0,0.041025641025641026,0.48418803418803424,0.653846153846154,0.653846153846154,-1.0,-1.0
yolov5su_dataset_1_exp_dataset_quality_59,0.5,0.9444855662472242,0.8660254037844386,"[0, 1, 0, 0, 0, 0, 0, -1, 0, 0, 2, -1, 0, -2, 1, 1, -1, 0, 0, -1]","[9, 8, 7, 15, 15, 13, 14, 7, 15, 7, 16, 13, 15, 7, 16, 16, 13, 8, 14, 6]",0.9437957875457874,0.07666066255876304,0.5282765322387692,0.9047382002114157,0.6002152589132368,0.5282765322387692,-1.0,-1.0,0.041025641025641026,0.48418803418803424,0.653846153846154,0.653846153846154,-1.0,-1.0
yolov5su_dataset_1_exp_dataset_quality_59,0.6,0.9444855662472242,0.8660254037844386,"[0, 2, 1, 0, 0, 0, 1, 0, 0, 0, 2, -1, 0, -1, 1, 1, -1, 0, 0, 0]","[9, 8, 7, 15, 15, 13, 14, 7, 15, 7, 16, 13, 15, 7, 16, 16, 13, 8, 14, 6]",0.9494505494505494,0.06803868306211515,0.5209006904352779,0.8953086858314062,0.5925893899433611,0.5209006904352779,-1.0,-1.0,0.041025641025641026,0.4782051282051283,0.6452991452991454,0.6452991452991454,-1.0,-1.0
yolov5su_dataset_1_exp_dataset_quality_59,0.7,0.5410806809770541,2.4899799195977463,"[0, 4, 1, 1, 2, 0, 4, 1, 1, 0, 3, 0, 0, 0, 8, 1, 3, 0, 0, 1]","[9, 8, 7, 15, 15, 13, 14, 7, 15, 7, 16, 13, 15, 7, 16, 16, 13, 8, 14, 6]",0.8757234432234432,0.15170977401297664,0.45842649213607806,0.7976374363779088,0.5181518151815182,0.45842649213607806,-1.0,-1.0,0.041025641025641026,0.4636752136752137,0.5692307692307692,0.5692307692307692,-1.0,-1.0
yolov5su_dataset_1_exp_dataset_quality_59,0.8,-8.024064171122996,11.61895003862225,"[6, 13, 14, 15, 7]","[7, 15, 15, 16, 8]",0.10607142857142855,0.03436828681098309,0.013267326732673267,0.0297029702970297,0.011881188118811881,0.013267326732673267,-1.0,-1.0,0.010683760683760684,0.013247863247863248,0.013247863247863248,0.013247863247863248,-1.0,-1.0
yolov5su_dataset_1_exp_dataset_quality_60,0.29,0.9703923019985197,0.6324555320336759,"[0, 1, 1, 0, 0, 0, 0, 0, 0, 0, 2, -1, 0, -1, 0, 0, 0, 0, 0, 0]","[9, 8, 7, 15, 15, 13, 14, 7, 15, 7, 16, 13, 15, 7, 16, 16, 13, 8, 14, 6]",0.969368131868132,0.05441381230393745,0.5907947724239125,0.9596679117137186,0.6165178818588919,0.5907947724239125,-1.0,-1.0,0.055982905982905985,0.535042735042735,0.6876068376068376,0.6876068376068376,-1.0,-1.0
yolov5su_dataset_1_exp_dataset_quality_60,0.4,0.9740932642487047,0.5916079783099616,"[0, 1, 1, 0, 0, 0, 0, 0, 0, 0, 2, -1, 0, 0, 0, 0, 0, 0, 0, 0]","[9, 8, 7, 15, 15, 13, 14, 7, 15, 7, 16, 13, 15, 7, 16, 16, 13, 8, 14, 6]",0.9765109890109891,0.04823932539110708,0.5907947724239125,0.9596679117137186,0.6165178818588919,0.5907947724239125,-1.0,-1.0,0.055982905982905985,0.535042735042735,0.6876068376068376,0.6876068376068376,-1.0,-1.0
yolov5su_dataset_1_exp_dataset_quality_60,0.5,0.9740932642487047,0.5916079783099616,"[0, 1, 1, 0, 0, 0, 0, 0, 0, 0, 2, -1, 0, 0, 0, 0, 0, 0, 0, 0]","[9, 8, 7, 15, 15, 13, 14, 7, 15, 7, 16, 13, 15, 7, 16, 16, 13, 8, 14, 6]",0.9765109890109891,0.04823932539110708,0.5907947724239125,0.9596679117137186,0.6165178818588919,0.5907947724239125,-1.0,-1.0,0.055982905982905985,0.535042735042735,0.6876068376068376,0.6876068376068376,-1.0,-1.0
yolov5su_dataset_1_exp_dataset_quality_60,0.6,0.9555884529977794,0.7745966692414834,"[0, 2, 1, 0, 0, 0, 1, 0, 0, 0, 2, -1, 0, 0, 0, 0, 0, 0, 0, 1]","[9, 8, 7, 15, 15, 13, 14, 7, 15, 7, 16, 13, 15, 7, 16, 16, 13, 8, 14, 6]",0.958356227106227,0.07164009533988679,0.5817487421793363,0.9498515165403667,0.6088028246388842,0.5817487421793363,-1.0,-1.0,0.055982905982905985,0.5277777777777778,0.6764957264957265,0.6764957264957265,-1.0,-1.0
yolov5su_dataset_1_exp_dataset_quality_60,0.7,0.156180606957809,3.3763886032268267,"[0, 3, 1, 6, 2, 4, 3, 2, 3, 2, 5, 4, 0, 1, 5, 1, 6, 0, 4, 4]","[9, 8, 7, 15, 15, 13, 14, 7, 15, 7, 16, 13, 15, 7, 16, 16, 13, 8, 14, 6]",0.7551717032967032,0.1638974667064782,0.459676690805412,0.7347494327069094,0.4773900482168148,0.459676690805412,-1.0,-1.0,0.055982905982905985,0.482051282051282,0.5324786324786325,0.5324786324786325,-1.0,-1.0
yolov5su_dataset_1_exp_dataset_quality_60,0.8,,15.0,[15],[16],0.0625,0.0,0.008910891089108907,0.0099009900990099,0.0099009900990099,0.008910891089108907,-1.0,-1.0,0.0038461538461538464,0.0038461538461538464,0.0038461538461538464,0.0038461538461538464,-1.0,-1.0
yolov5su_dataset_1_exp_dataset_quality_61,0.29,0.9740932642487047,0.5916079783099616,"[1, 0, 0, 0, 0, 0, 0, 0, 0, 0, 2, -1, 0, 0, 0, 0, -1, 0, 0, 0]","[9, 8, 7, 15, 15, 13, 14, 7, 15, 7, 16, 13, 15, 7, 16, 16, 13, 8, 14, 6]",0.9805021367521368,0.04012584274150848,0.6306091877544563,0.9612649181108772,0.7789463622260633,0.6306091877544563,-1.0,-1.0,0.06410256410256411,0.5491452991452992,0.7089743589743589,0.7089743589743589,-1.0,-1.0
yolov5su_dataset_1_exp_dataset_quality_61,0.4,0.9629903774981495,0.7071067811865476,"[1, 0, 0, 0, 0, 0, 1, 0, 0, 0, 2, -1, 0, 0, 1, 0, -1, 0, 0, 1]","[9, 8, 7, 15, 15, 13, 14, 7, 15, 7, 16, 13, 15, 7, 16, 16, 13, 8, 14, 6]",0.9654723748473748,0.0513555883811457,0.6249712430038429,0.9515301815187773,0.7704414562632029,0.6249712430038429,-1.0,-1.0,0.06410256410256411,0.5452991452991454,0.7017094017094017,0.7017094017094017,-1.0,-1.0
yolov5su_dataset_1_exp_dataset_quality_61,0.5,0.9037749814951888,1.140175425099138,"[1, 1, 0, 1, 0, 0, 3, 1, 1, 0, 2, -1, 0, 0, 2, 0, -1, 0, 1, 1]","[9, 8, 7, 15, 15, 13, 14, 7, 15, 7, 16, 13, 15, 7, 16, 16, 13, 8, 14, 6]",0.9315735653235653,0.06538604491160302,0.6072595725232935,0.9223437846182176,0.7534496655509509,0.6072595725232935,-1.0,-1.0,0.06410256410256411,0.5410256410256411,0.6833333333333333,0.6833333333333333,-1.0,-1.0
yolov5su_dataset_1_exp_dataset_quality_61,0.6,0.47076239822353805,2.6739483914241875,"[2, 5, 1, 4, 2, 1, 3, 3, 3, 1, 4, 1, 2, 0, 4, 0, 3, 0, 3, 3]","[9, 8, 7, 15, 15, 13, 14, 7, 15, 7, 16, 13, 15, 7, 16, 16, 13, 8, 14, 6]",0.7945985958485959,0.15800236298507922,0.5267210616840925,0.7854975589724872,0.6585051506924201,0.5267210616840925,-1.0,-1.0,0.06410256410256411,0.5081196581196582,0.5897435897435898,0.5897435897435898,-1.0,-1.0
yolov5su_dataset_1_exp_dataset_quality_61,0.7,-13.049645390070921,11.012979355547449,"[8, 14, 12, 9, 13, 13, 15, 9, 9, 5, 14, 11, 5, 11]","[9, 15, 15, 13, 14, 15, 16, 13, 15, 7, 16, 16, 8, 14]",0.2123517355660213,0.11435438042533559,0.1071982503999951,0.15581031787389266,0.1419431416825893,0.1071982503999951,-1.0,-1.0,0.04401709401709402,0.11538461538461539,0.11538461538461539,0.11538461538461539,-1.0,-1.0
yolov5su_dataset_1_exp_dataset_quality_62,0.29,0.9814951887490747,0.5,"[0, 0, 1, 0, 0, 0, 0, 0, 0, 0, 1, -1, 0, 0, 1, 1, 0, 0, 0, 0]","[9, 8, 7, 15, 15, 13, 14, 7, 15, 7, 16, 13, 15, 7, 16, 16, 13, 8, 14, 6]",0.979635989010989,0.0385682603687336,0.6486797305560915,0.9672836848902283,0.7894677326981384,0.6486797305560915,-1.0,-1.0,0.06324786324786326,0.55,0.7217948717948718,0.7217948717948718,-1.0,-1.0
yolov5su_dataset_1_exp_dataset_quality_62,0.4,0.9703923019985197,0.6324555320336759,"[0, 0, 1, 0, 0, 0, 0, 0, 0, 0, 2, -1, 0, 0, 1, 1, 0, 0, 0, 0]","[9, 8, 7, 15, 15, 13, 14, 7, 15, 7, 16, 13, 15, 7, 16, 16, 13, 8, 14, 6]",0.9765109890109891,0.04400463059939383,0.6486797305560915,0.9672836848902283,0.7894677326981384,0.6486797305560915,-1.0,-1.0,0.06324786324786326,0.55,0.7217948717948718,0.7217948717948718,-1.0,-1.0
yolov5su_dataset_1_exp_dataset_quality_62,0.5,0.9592894152479645,0.7416198487095663,"[0, 1, 1, 1, 0, 0, 1, 0, 0, 0, 2, 0, 0, 0, 1, 1, 0, 0, 0, 1]","[9, 8, 7, 15, 15, 13, 14, 7, 15, 7, 16, 13, 15, 7, 16, 16, 13, 8, 14, 6]",0.9588690476190476,0.05610696098906598,0.6384450138717532,0.9475027502750273,0.7807290327411861,0.6384450138717532,-1.0,-1.0,0.06324786324786326,0.5457264957264958,0.7076923076923076,0.7076923076923076,-1.0,-1.0
yolov5su_dataset_1_exp_dataset_quality_62,0.6,0.14507772020725385,3.398529093593286,"[2, 5, 2, 3, 2, 0, 4, 2, 2, 3, 5, 3, 2, 1, 5, 2, 8, 0, 2, 4]","[9, 8, 7, 15, 15, 13, 14, 7, 15, 7, 16, 13, 15, 7, 16, 16, 13, 8, 14, 6]",0.7359264346764347,0.1864626576016105,0.5000192924515061,0.7497902332606141,0.6177603438508887,0.5000192924515061,-1.0,-1.0,0.06324786324786326,0.47905982905982897,0.5534188034188035,0.5534188034188035,-1.0,-1.0
yolov5su_dataset_1_exp_dataset_quality_62,0.7,,8.0,[8],[9],0.11111111111111116,0.0,0.008910891089108907,0.0099009900990099,0.0099009900990099,0.008910891089108907,-1.0,-1.0,0.0038461538461538464,0.0038461538461538464,0.0038461538461538464,0.0038461538461538464,-1.0,-1.0
yolov5su_dataset_1_exp_dataset_quality_63,0.29,0.9703923019985197,0.6324555320336759,"[0, 1, 0, 0, 0, 0, 0, 0, 0, 0, 2, 0, 0, 0, 1, 1, -1, 0, 0, 0]","[9, 8, 7, 15, 15, 13, 14, 7, 15, 7, 16, 13, 15, 7, 16, 16, 13, 8, 14, 6]",0.9774038461538461,0.04169408614571888,0.6801562642978488,0.9648091024903198,0.8219202551554297,0.6801562642978488,-1.0,-1.0,0.06965811965811966,0.5764957264957264,0.7431623931623931,0.7431623931623931,-1.0,-1.0
yolov5su_dataset_1_exp_dataset_quality_63,0.4,0.9518874907475944,0.806225774829855,"[0, 2, 0, 0, 0, 0, 1, 0, 0, 0, 2, 0, 0, 0, 1, 1, -1, 0, 0, 1]","[9, 8, 7, 15, 15, 13, 14, 7, 15, 7, 16, 13, 15, 7, 16, 16, 13, 8, 14, 6]",0.9592490842490842,0.06764677954886442,0.6716558977977969,0.9452227404831173,0.8129166600900679,0.6716558977977969,-1.0,-1.0,0.06965811965811966,0.5717948717948718,0.735042735042735,0.735042735042735,-1.0,-1.0
yolov5su_dataset_1_exp_dataset_quality_63,0.5,0.9222797927461139,1.02469507659596,"[0, 2, 0, 0, 0, 0, 1, 0, 0, 0, 2, 0, 0, 0, 3, 1, -1, 0, 0, 1]","[9, 8, 7, 15, 15, 13, 14, 7, 15, 7, 16, 13, 15, 7, 16, 16, 13, 8, 14, 6]",0.9529990842490841,0.07476722434627499,0.6654387874613344,0.9354246857877797,0.8039296820971142,0.6654387874613344,-1.0,-1.0,0.06965811965811966,0.5717948717948718,0.7277777777777777,0.7277777777777777,-1.0,-1.0
yolov5su_dataset_1_exp_dataset_quality_63,0.6,0.3301258327165063,3.0083217912982647,"[1, 5, 1, 4, 2, 0, 4, 2, 1, 2, 6, 3, 1, 0, 6, 3, 3, 1, 2, 2]","[9, 8, 7, 15, 15, 13, 14, 7, 15, 7, 16, 13, 15, 7, 16, 16, 13, 8, 14, 6]",0.7865163308913309,0.14570662988230337,0.5566588128697247,0.7691522747628934,0.6702863900337197,0.5566588128697247,-1.0,-1.0,0.06965811965811966,0.5405982905982906,0.6051282051282051,0.6051282051282051,-1.0,-1.0
yolov5su_dataset_1_exp_dataset_quality_63,0.7,-6.3539288112827395,10.464224768228174,"[8, 6, 13, 11, 5, 15, 15, 6, 13, 5]","[9, 7, 15, 13, 7, 16, 16, 8, 14, 6]",0.14399572649572648,0.07188709082560799,0.05005500550055006,0.0594059405940594,0.0594059405940594,0.05005500550055006,-1.0,-1.0,0.035897435897435895,0.05042735042735043,0.05042735042735043,0.05042735042735043,-1.0,-1.0
yolov5su_dataset_1_exp_dataset_quality_64,0.29,0.9666913397483345,0.6708203932499369,"[0, 0, 0, 0, 0, 0, 0, 0, 0, 0, 2, 0, 0, 0, 1, 1, 0, 1, -1, 1]","[9, 8, 7, 15, 15, 13, 14, 7, 15, 7, 16, 13, 15, 7, 16, 16, 13, 8, 14, 6]",0.969345238095238,0.05154999032267196,0.6668659701212373,0.9547600628843212,0.7727568662418528,0.6668659701212373,-1.0,-1.0,0.06965811965811966,0.5824786324786324,0.7367521367521367,0.7367521367521367,-1.0,-1.0
yolov5su_dataset_1_exp_dataset_quality_64,0.4,0.9666913397483345,0.6708203932499369,"[0, 0, 0, 0, 0, 0, 0, 0, 0, 0, 2, 0, 0, 0, 1, 1, 0, 1, -1, 1]","[9, 8, 7, 15, 15, 13, 14, 7, 15, 7, 16, 13, 15, 7, 16, 16, 13, 8, 14, 6]",0.969345238095238,0.05154999032267196,0.6668659701212373,0.9547600628843212,0.7727568662418528,0.6668659701212373,-1.0,-1.0,0.06965811965811966,0.5824786324786324,0.7367521367521367,0.7367521367521367,-1.0,-1.0
yolov5su_dataset_1_exp_dataset_quality_64,0.5,0.9296817172464841,0.9746794344808963,"[0, 1, 0, 1, 1, 0, 1, 0, 0, 0, 2, 2, 0, 0, 2, 1, 0, 1, 0, 1]","[9, 8, 7, 15, 15, 13, 14, 7, 15, 7, 16, 13, 15, 7, 16, 16, 13, 8, 14, 6]",0.9456112637362637,0.06028304234563914,0.6493402548387116,0.9254294660235255,0.7553698984662799,0.6493402548387116,-1.0,-1.0,0.06965811965811966,0.5807692307692307,0.717948717948718,0.717948717948718,-1.0,-1.0
yolov5su_dataset_1_exp_dataset_quality_64,0.6,-0.45447816432272403,4.4328320518603,"[2, 6, 1, 7, 4, 4, 5, 1, 2, 4, 7, 4, 4, 0, 7, 6, 5, 4, 3, 3]","[9, 8, 7, 15, 15, 13, 14, 7, 15, 7, 16, 13, 15, 7, 16, 16, 13, 8, 14, 6]",0.6607936507936507,0.1717517801987295,0.469630401062411,0.6498243372724368,0.5598030132501912,0.469630401062411,-1.0,-1.0,0.06965811965811966,0.49957264957264946,0.5200854700854701,0.5200854700854701,-1.0,-1.0
yolov5su_dataset_1_exp_dataset_quality_64,0.7,,8.0,[8],[9],0.11111111111111116,0.0,0.007920792079207917,0.0099009900990099,0.0099009900990099,0.007920792079207917,-1.0,-1.0,0.0034188034188034192,0.0034188034188034192,0.0034188034188034192,0.0034188034188034192,-1.0,-1.0
yolov5su_dataset_1_exp_dataset_quality_65,0.29,0.9592894152479645,0.7416198487095663,"[0, 0, 1, 0, 0, 0, 0, 0, 1, 0, 2, -1, 0, -1, 1, 0, 0, 1, 1, 0]","[9, 8, 7, 15, 15, 13, 14, 7, 15, 7, 16, 13, 15, 7, 16, 16, 13, 8, 14, 6]",0.95933836996337,0.0540226148987539,0.5795537954951855,0.9562708217954202,0.6700248424979804,0.5795537954951855,-1.0,-1.0,0.061111111111111116,0.5132478632478632,0.6576923076923078,0.6576923076923078,-1.0,-1.0
yolov5su_dataset_1_exp_dataset_quality_65,0.4,0.9666913397483345,0.6708203932499369,"[0, 0, 1, 0, 0, 0, 0, 0, 1, 0, 2, 0, 0, 0, 1, 0, 0, 1, 1, 0]","[9, 8, 7, 15, 15, 13, 14, 7, 15, 7, 16, 13, 15, 7, 16, 16, 13, 8, 14, 6]",0.9703273809523809,0.04873479870850736,0.5743496731817253,0.9562700565902188,0.6619829184354141,0.5743496731817253,-1.0,-1.0,0.061111111111111116,0.5132478632478632,0.6547008547008548,0.6547008547008548,-1.0,-1.0
yolov5su_dataset_1_exp_dataset_quality_65,0.5,-0.18060695780903036,3.9937451095431715,"[1, 5, 2, 6, 7, 2, 3, 2, 3, 3, 4, 2, 2, 1, 8, 2, 7, 1, 5, 1]","[9, 8, 7, 15, 15, 13, 14, 7, 15, 7, 16, 13, 15, 7, 16, 16, 13, 8, 14, 6]",0.716839133089133,0.15565135951717435,0.4304370636229174,0.6991166182486512,0.49606559370164116,0.4304370636229174,-1.0,-1.0,0.061111111111111116,0.4465811965811965,0.48931623931623924,0.48931623931623924,-1.0,-1.0
yolov5su_dataset_1_exp_dataset_quality_65,0.6,-7.519417475728156,10.261578825892242,"[7, 7, 6, 14, 10, 12, 6, 15, 7, 13]","[9, 8, 7, 15, 13, 15, 7, 16, 8, 14]",0.13893009768009768,0.05927941910694942,0.03858400125726858,0.0594059405940594,0.05478547854785478,0.03858400125726858,-1.0,-1.0,0.02863247863247863,0.0405982905982906,0.0405982905982906,0.0405982905982906,-1.0,-1.0
yolov5su_dataset_1_exp_dataset_quality_66,0.29,0.9333826794966691,0.9486832980505138,"[0, 0, 0, 0, 1, 0, 0, 1, -1, 2, 2, -1, 0, -1, 1, 1, -1, -1, 0, -1]","[9, 8, 7, 15, 15, 13, 14, 7, 15, 7, 16, 13, 15, 7, 16, 16, 13, 8, 14, 6]",0.9299862637362637,0.07482446139898712,0.4883717282573842,0.9167677380996382,0.4562745394828895,0.4883717282573842,-1.0,-1.0,0.05427350427350427,0.46239316239316236,0.597008547008547,0.597008547008547,-1.0,-1.0
yolov5su_dataset_1_exp_dataset_quality_66,0.4,0.8778682457438934,1.284523257866513,"[0, 1, 1, 1, 1, 0, 2, 1, -1, 2, 2, 0, 2, 0, 3, 1, -1, 0, 0, 0]","[9, 8, 7, 15, 15, 13, 14, 7, 15, 7, 16, 13, 15, 7, 16, 16, 13, 8, 14, 6]",0.9187728937728938,0.07688987514978016,0.4699934594430953,0.8787068876105983,0.43647082165936973,0.4699934594430953,-1.0,-1.0,0.05427350427350427,0.455982905982906,0.5739316239316239,0.5739316239316239,-1.0,-1.0
yolov5su_dataset_1_exp_dataset_quality_66,0.5,-2.1754256106587713,6.549809157525126,"[1, 6, 3, 7, 5, 10, 12, 4, 6, 6, 8, 1, 7, 1, 10, 6, 11, 4, 3, 3]","[9, 8, 7, 15, 15, 13, 14, 7, 15, 7, 16, 13, 15, 7, 16, 16, 13, 8, 14, 6]",0.5104242979242979,0.2375502914356495,0.2648497851264109,0.48193554649582604,0.25276718733837655,0.2648497851264109,-1.0,-1.0,0.05427350427350427,0.31239316239316234,0.32264957264957267,0.32264957264957267,-1.0,-1.0
yolov5su_dataset_1_exp_dataset_quality_66,0.6,-6.935545628589662,10.513483406242354,"[7, 7, 6, 13, 6, 14, 6, 14, 12, 14, 15, 12, 6, 11, 5]","[9, 8, 7, 15, 7, 15, 7, 16, 13, 15, 16, 13, 8, 14, 6]",0.13431725681725676,0.05764471931849305,0.051305443731186305,0.0891089108910891,0.042715700141442714,0.051305443731186305,-1.0,-1.0,0.04102564102564103,0.05854700854700855,0.05854700854700855,0.05854700854700855,-1.0,-1.0
yolov5su_dataset_1_exp_dataset_quality_66,0.7,,6.0,[6],[7],0.1428571428571428,0.0,0.00396039603960396,0.0099009900990099,0.0,0.00396039603960396,-1.0,-1.0,0.0017094017094017096,0.0017094017094017096,0.0017094017094017096,0.0017094017094017096,-1.0,-1.0
yolov5su_dataset_1_exp_dataset_quality_67,0.29,0.9333826794966691,0.9486832980505138,"[0, 0, 0, 0, 1, 0, 2, 1, -1, 0, 2, 0, 0, -1, 1, 0, -2, -1, 0, 0]","[9, 8, 7, 15, 15, 13, 14, 7, 15, 7, 16, 13, 15, 7, 16, 16, 13, 8, 14, 6]",0.9485874542124542,0.06167384796286505,0.4737955627210332,0.8945739115396258,0.47377334822076356,0.4737955627210332,-1.0,-1.0,0.04615384615384615,0.46068376068376066,0.5841880341880341,0.5841880341880341,-1.0,-1.0
yolov5su_dataset_1_exp_dataset_quality_67,0.4,0.9518874907475944,0.806225774829855,"[0, 0, 0, 0, 1, 0, 2, 1, -1, 0, 2, 0, 0, 0, 1, 0, -1, 0, 0, 0]","[9, 8, 7, 15, 15, 13, 14, 7, 15, 7, 16, 13, 15, 7, 16, 16, 13, 8, 14, 6]",0.9658264652014653,0.05089057651976512,0.4737955627210332,0.8945739115396258,0.47377334822076356,0.4737955627210332,-1.0,-1.0,0.04615384615384615,0.46068376068376066,0.5841880341880341,0.5841880341880341,-1.0,-1.0
yolov5su_dataset_1_exp_dataset_quality_67,0.5,0.9333826794966691,0.9486832980505138,"[0, 0, 0, 1, 1, 0, 3, 1, 0, 0, 2, 0, 0, 0, 1, 0, -1, 0, 0, 0]","[9, 8, 7, 15, 15, 13, 14, 7, 15, 7, 16, 13, 15, 7, 16, 16, 13, 8, 14, 6]",0.9622550366300366,0.06007086817603432,0.47217992942706716,0.8851485148514854,0.4670424119692436,0.47217992942706716,-1.0,-1.0,0.04615384615384615,0.46068376068376066,0.5807692307692307,0.5807692307692307,-1.0,-1.0
yolov5su_dataset_1_exp_dataset_quality_67,0.6,0.9222797927461139,1.02469507659596,"[1, 0, 1, 1, 1, 0, 3, 1, 0, 0, 2, 0, 0, 0, 1, 0, -1, 0, 0, 1]","[9, 8, 7, 15, 15, 13, 14, 7, 15, 7, 16, 13, 15, 7, 16, 16, 13, 8, 14, 6]",0.9412232905982906,0.06786067268971666,0.46680499910892315,0.8753274430582073,0.4670424119692436,0.46680499910892315,-1.0,-1.0,0.04615384615384615,0.4547008547008547,0.5747863247863247,0.5747863247863247,-1.0,-1.0
yolov5su_dataset_1_exp_dataset_quality_67,0.7,0.7742413027387121,1.746424919657298,"[1, 1, 1, 3, 1, 1, 3, 2, 0, 0, 3, 1, 0, 1, 3, 0, 0, 3, 2, 1]","[9, 8, 7, 15, 15, 13, 14, 7, 15, 7, 16, 13, 15, 7, 16, 16, 13, 8, 14, 6]",0.8749068986568986,0.09969316699066398,0.43440810483865266,0.8076481561199599,0.43935937035746175,0.43440810483865266,-1.0,-1.0,0.04615384615384615,0.43931623931623925,0.535042735042735,0.535042735042735,-1.0,-1.0
yolov5su_dataset_1_exp_dataset_quality_67,0.8,-1.601776461880089,5.928743543112655,"[3, 6, 5, 9, 4, 8, 9, 3, 5, 5, 7, 7, 7, 4, 6, 5, 5, 5, 7, 3]","[9, 8, 7, 15, 15, 13, 14, 7, 15, 7, 16, 13, 15, 7, 16, 16, 13, 8, 14, 6]",0.4945054945054945,0.1421047690554586,0.24411528453617493,0.45962183855267535,0.2484287927225325,0.24411528453617493,-1.0,-1.0,0.04615384615384615,0.30128205128205127,0.30726495726495723,0.30726495726495723,-1.0,-1.0
yolov5su_dataset_1_exp_dataset_quality_67,0.9,-140.02941176470588,13.849187701811251,"[14, 15, 15, 12, 13]","[15, 16, 16, 13, 14]",0.06800366300366298,0.005543538842756705,0.011435643564356435,0.0297029702970297,0.0099009900990099,0.011435643564356435,-1.0,-1.0,0.009401709401709401,0.009401709401709401,0.009401709401709401,0.009401709401709401,-1.0,-1.0
yolov5su_dataset_1_exp_dataset_quality_68,0.29,0.9370836417468542,0.9219544457292888,"[0, 0, 2, 1, 1, 0, 1, 1, 0, 0, 2, 0, 1, 0, 1, 0, 1, 0, 1, 1]","[9, 8, 7, 15, 15, 13, 14, 7, 15, 7, 16, 13, 15, 7, 16, 16, 13, 8, 14, 6]",0.9398740842490841,0.07297324987140287,0.6211813192830443,0.9364275794095246,0.7616163396191157,0.6211813192830443,-1.0,-1.0,0.06367521367521368,0.5585470085470086,0.691025641025641,0.691025641025641,-1.0,-1.0
yolov5su_dataset_1_exp_dataset_quality_68,0.4,-2.3826794966691343,6.760177512462229,"[4, 6, 3, 7, 8, 4, 8, 4, 6, 5, 9, 3, 9, 4, 10, 11, 11, 3, 6, 3]","[9, 8, 7, 15, 15, 13, 14, 7, 15, 7, 16, 13, 15, 7, 16, 16, 13, 8, 14, 6]",0.4692612942612942,0.14831424301503676,0.3205495778805597,0.4612961296129614,0.38871039939917607,0.3205495778805597,-1.0,-1.0,0.06367521367521368,0.3521367521367521,0.3521367521367521,0.3521367521367521,-1.0,-1.0
yolov5su_dataset_1_exp_dataset_quality_68,0.5,-7.894736842105264,10.614455552060438,"[8, 15, 7]","[9, 16, 8]",0.09953703703703705,0.026795918756458863,0.016831683168316833,0.019801980198019802,0.019801980198019802,0.016831683168316833,-1.0,-1.0,0.01111111111111111,0.01111111111111111,0.01111111111111111,0.01111111111111111,-1.0,-1.0
yolov5su_dataset_1_exp_dataset_quality_69,0.29,0.4818652849740932,2.6457513110645907,"[2, 4, 1, 4, 5, 1, 3, 1, 1, 1, 3, 3, 1, 0, 4, 0, 4, 1, 3, 2]","[9, 8, 7, 15, 15, 13, 14, 7, 15, 7, 16, 13, 15, 7, 16, 16, 13, 8, 14, 6]",0.8088041819291819,0.12055636641259712,0.46877264266079627,0.7960743442765329,0.5388185777902262,0.46877264266079627,-1.0,-1.0,0.05299145299145299,0.46581196581196577,0.5371794871794873,0.5371794871794873,-1.0,-1.0
yolov5su_dataset_1_exp_dataset_quality_69,0.4,-5.2746913580246915,9.190956653718171,"[4, 6, 11, 12, 8, 12, 6, 11, 6, 14, 10, 12, 4, 13, 10, 9, 4, 7, 4]","[9, 7, 15, 15, 13, 14, 7, 15, 7, 16, 13, 15, 7, 16, 16, 13, 8, 14, 6]",0.2859367971210076,0.13398909662004316,0.15511800858300423,0.264969354078265,0.17024668568551773,0.15511800858300423,-1.0,-1.0,0.050854700854700854,0.17393162393162392,0.17393162393162392,0.17393162393162392,-1.0,-1.0
yolov5su_dataset_1_exp_dataset_quality_69,0.5,-10.454545454545455,12.037441588643327,"[6, 14, 13, 6, 15, 12, 15, 15, 12, 7]","[7, 15, 14, 7, 16, 13, 16, 16, 13, 8]",0.08901556776556774,0.0320985486770766,0.031728744303001724,0.04950495049504951,0.0385038503850385,0.031728744303001724,-1.0,-1.0,0.02863247863247863,0.02863247863247863,0.02863247863247863,0.02863247863247863,-1.0,-1.0
yolov5su_dataset_1_exp_dataset_quality_70,0.29,-12.259668508287293,10.606601717798213,"[8, 13, 11, 14, 6, 12, 7, 11]","[9, 14, 13, 15, 7, 13, 8, 14]",0.12026480463980463,0.047064460877511656,0.028082808280828084,0.04950495049504951,0.020059148772020058,0.028082808280828084,-1.0,-1.0,0.017948717948717954,0.026495726495726495,0.026495726495726495,0.026495726495726495,-1.0,-1.0
yolov5su_dataset_1_exp_dataset_quality_71,0.29,0.9074759437453738,1.118033988749895,"[0, 0, 1, 0, 1, 0, 2, 0, 1, 1, 3, -1, 0, 0, 2, 1, -1, 0, 0, 1]","[9, 8, 7, 15, 15, 13, 14, 7, 15, 7, 16, 13, 15, 7, 16, 16, 13, 8, 14, 6]",0.9371291208791208,0.06532917692752924,0.45370820461661066,0.8848855724832796,0.4002056878016246,0.45370820461661066,-1.0,-1.0,0.0405982905982906,0.4465811965811966,0.5585470085470086,0.5585470085470086,-1.0,-1.0
yolov5su_dataset_1_exp_dataset_quality_71,0.4,0.9111769059955588,1.0954451150103321,"[0, 0, 1, 0, 1, 0, 2, 0, 1, 1, 3, 0, 0, 0, 2, 1, -1, 0, 0, 1]","[9, 8, 7, 15, 15, 13, 14, 7, 15, 7, 16, 13, 15, 7, 16, 16, 13, 8, 14, 6]",0.9409752747252748,0.06663987258044647,0.45370820461661066,0.8848855724832796,0.4002056878016246,0.45370820461661066,-1.0,-1.0,0.0405982905982906,0.4465811965811966,0.5585470085470086,0.5585470085470086,-1.0,-1.0
yolov5su_dataset_1_exp_dataset_quality_71,0.5,0.7779422649888971,1.7320508075688772,"[0, 3, 1, 0, 1, 0, 2, 0, 2, 2, 3, 0, 0, 0, 5, 1, -1, 0, 0, 1]","[9, 8, 7, 15, 15, 13, 14, 7, 15, 7, 16, 13, 15, 7, 16, 16, 13, 8, 14, 6]",0.9023740842490844,0.11512894962411764,0.4432601204112205,0.8560958407695171,0.39392149773878266,0.4432601204112205,-1.0,-1.0,0.0405982905982906,0.44059829059829053,0.544017094017094,0.544017094017094,-1.0,-1.0
yolov5su_dataset_1_exp_dataset_quality_71,0.6,0.6706143597335308,2.1095023109728985,"[0, 3, 1, 0, 3, 0, 3, 0, 2, 3, 3, 0, 0, 0, 6, 1, -1, 0, 0, 1]","[9, 8, 7, 15, 15, 13, 14, 7, 15, 7, 16, 13, 15, 7, 16, 16, 13, 8, 14, 6]",0.881868131868132,0.1383261453869744,0.4341436169697794,0.8369415888957316,0.3875830134230614,0.4341436169697794,-1.0,-1.0,0.0405982905982906,0.4363247863247863,0.5333333333333333,0.5333333333333333,-1.0,-1.0
yolov5su_dataset_1_exp_dataset_quality_71,0.7,0.2005921539600296,3.286335345030997,"[0, 4, 1, 2, 5, 3, 4, 2, 2, 5, 4, 0, 1, 0, 9, 2, -1, 0, 0, 3]","[9, 8, 7, 15, 15, 13, 14, 7, 15, 7, 16, 13, 15, 7, 16, 16, 13, 8, 14, 6]",0.7829784798534799,0.20696916505007776,0.3899471228640769,0.7479460712028653,0.3493719254742491,0.3899471228640769,-1.0,-1.0,0.0405982905982906,0.4115384615384615,0.4799145299145299,0.4799145299145299,-1.0,-1.0
yolov5su_dataset_1_exp_dataset_quality_71,0.8,-1.5277572168763878,5.843800133474792,"[2, 6, 1, 8, 7, 10, 5, 5, 6, 5, 9, 2, 1, 1, 12, 5, 7, 2, 0, 3]","[9, 8, 7, 15, 15, 13, 14, 7, 15, 7, 16, 13, 15, 7, 16, 16, 13, 8, 14, 6]",0.582657203907204,0.2427151259909495,0.2838466244054672,0.533514517170288,0.26276055994346237,0.2838466244054672,-1.0,-1.0,0.0405982905982906,0.32564102564102565,0.3521367521367521,0.3521367521367521,-1.0,-1.0
yolov5su_dataset_1_exp_dataset_quality_71,0.9,-8.267326732673268,10.198039027185569,"[6, 4, 14, 11, 12, 14, 7, 12, 5, 14, 5, 10]","[9, 7, 15, 15, 14, 15, 13, 15, 7, 16, 8, 14]",0.2531440781440781,0.12869301644253064,0.06592788186381662,0.13355936433979534,0.0579057905790579,0.06592788186381662,-1.0,-1.0,0.023504273504273504,0.07905982905982907,0.07905982905982907,0.07905982905982907,-1.0,-1.0
yolov5su_dataset_1_exp_dataset_quality_71,0.95,,8.0,[8],[9],0.11111111111111116,0.0,0.005940594059405939,0.0099009900990099,0.0099009900990099,0.005940594059405939,-1.0,-1.0,0.0025641025641025645,0.0025641025641025645,0.0025641025641025645,0.0025641025641025645,-1.0,-1.0
yolov5su_dataset_1_exp_dataset_quality_72,0.29,-6.705653604546814,10.031201323869439,"[6, 7, 5, 13, 13, 11, 11, 13, 8, 9, 3, 14, 14, 12, 6, 5]","[9, 8, 7, 15, 15, 13, 14, 16, 13, 15, 7, 16, 16, 13, 8, 6]",0.22912374084249085,0.13005025521755123,0.1128107353458889,0.17411253320453998,0.13114986116676527,0.1128107353458889,-1.0,-1.0,0.0452991452991453,0.12521367521367524,0.12521367521367524,0.12521367521367524,-1.0,-1.0
yolov5su_dataset_1_exp_dataset_quality_74,0.29,0.9185788304959289,1.0488088481701516,"[0, 2, 1, 0, 1, 0, 0, 2, 0, 0, 2, 0, 0, 1, 1, 0, -1, 2, 1, 0]","[9, 8, 7, 15, 15, 13, 14, 7, 15, 7, 16, 13, 15, 7, 16, 16, 13, 8, 14, 6]",0.9263026556776557,0.09322497074620022,0.4163447027854429,0.9213188169760295,0.2921477426543716,0.4163447027854429,-1.0,-1.0,0.04914529914529915,0.39444444444444443,0.5055555555555555,0.5055555555555555,-1.0,-1.0
yolov5su_dataset_1_exp_dataset_quality_74,0.4,0.9000740192450037,1.161895003862225,"[0, 3, 1, 0, 1, 0, 0, 2, 0, 0, 2, 0, 0, 1, 1, 0, -1, 2, 1, 0]","[9, 8, 7, 15, 15, 13, 14, 7, 15, 7, 16, 13, 15, 7, 16, 16, 13, 8, 14, 6]",0.9200526556776557,0.10787430586845315,0.414440323158291,0.9115962230950196,0.2921477426543716,0.414440323158291,-1.0,-1.0,0.04914529914529915,0.3935897435897436,0.5047008547008547,0.5047008547008547,-1.0,-1.0
yolov5su_dataset_1_exp_dataset_quality_74,0.5,0.8704663212435233,1.3228756555322954,"[0, 3, 1, 0, 1, 0, 0, 2, 0, 0, 2, 0, 0, 1, 3, 0, -1, 2, 1, 0]","[9, 8, 7, 15, 15, 13, 14, 7, 15, 7, 16, 13, 15, 7, 16, 16, 13, 8, 14, 6]",0.9138026556776557,0.1102767498730865,0.414440323158291,0.9115962230950196,0.2921477426543716,0.414440323158291,-1.0,-1.0,0.04914529914529915,0.3935897435897436,0.502991452991453,0.502991452991453,-1.0,-1.0
yolov5su_dataset_1_exp_dataset_quality_74,0.6,0.8260547742413027,1.5329709716755893,"[0, 4, 1, 0, 1, 0, 1, 2, 0, 0, 3, 0, 0, 1, 3, 0, 0, 2, 1, 0]","[9, 8, 7, 15, 15, 13, 14, 7, 15, 7, 16, 13, 15, 7, 16, 16, 13, 8, 14, 6]",0.9047023809523809,0.13005331248108057,0.40933115674329734,0.892040269411088,0.2869680580192414,0.40933115674329734,-1.0,-1.0,0.04914529914529915,0.3905982905982906,0.4965811965811966,0.4965811965811966,-1.0,-1.0
yolov5su_dataset_1_exp_dataset_quality_74,0.7,0.7779422649888971,1.7320508075688772,"[0, 4, 1, 1, 2, 0, 1, 2, 0, 0, 4, 0, 0, 1, 3, 0, 1, 2, 1, 1]","[9, 8, 7, 15, 15, 13, 14, 7, 15, 7, 16, 13, 15, 7, 16, 16, 13, 8, 14, 6]",0.8827312271062271,0.12721775997626625,0.40276123753077525,0.8724882809896546,0.2869680580192414,0.40276123753077525,-1.0,-1.0,0.04914529914529915,0.38974358974358975,0.4884615384615384,0.4884615384615384,-1.0,-1.0
yolov5su_dataset_1_exp_dataset_quality_74,0.8,0.5151739452257587,2.5592967784139455,"[1, 6, 1, 3, 3, 0, 5, 2, 1, 0, 4, 1, 1, 1, 4, 0, 2, 2, 1, 1]","[9, 8, 7, 15, 15, 13, 14, 7, 15, 7, 16, 13, 15, 7, 16, 16, 13, 8, 14, 6]",0.822905982905983,0.16377642802033301,0.3761030874224716,0.813909236271996,0.27121918986061466,0.3761030874224716,-1.0,-1.0,0.04914529914529915,0.3807692307692308,0.45555555555555555,0.45555555555555555,-1.0,-1.0
yolov5su_dataset_1_exp_dataset_quality_74,0.9,-0.7357512953367877,4.8425200051213,"[1, 7, 2, 4, 6, 2, 5, 5, 6, 4, 6, 6, 3, 3, 9, 4, 6, 4, 3, 3]","[9, 8, 7, 15, 15, 13, 14, 7, 15, 7, 16, 13, 15, 7, 16, 16, 13, 8, 14, 6]",0.5955685286935287,0.18473373900760268,0.2892254869939341,0.60648685558211,0.21998777133589287,0.2892254869939341,-1.0,-1.0,0.04914529914529915,0.33461538461538465,0.35256410256410253,0.35256410256410253,-1.0,-1.0
yolov5su_dataset_1_exp_dataset_quality_74,0.95,-4.002010050251256,7.838650677536565,"[2, 7, 3, 8, 9, 9, 6, 12, 5, 8, 8, 8, 11, 9, 8, 7, 9, 5]","[9, 8, 7, 15, 15, 13, 14, 15, 7, 16, 13, 15, 16, 16, 13, 8, 14, 6]",0.3800230633563968,0.16530208558644577,0.17140312687836295,0.3499884872208151,0.13623023925176458,0.17140312687836295,-1.0,-1.0,0.0423076923076923,0.20726495726495728,0.20726495726495728,0.20726495726495728,-1.0,-1.0
yolov5su_dataset_2_exp_dataset_quality_77,0.29,0.8820754716981132,0.7071067811865476,"[-2, 1, 0, 0, -1, 0, 0, 0, 0, 0, 0, 0, 1, 1, 1, 0, -1, 0, 0, 0]","[13, 15, 13, 11, 8, 12, 15, 9, 12, 14, 12, 12, 12, 15, 15, 11, 12, 13, 9, 15]",0.9677243589743589,0.04779200832940366,0.7233764480688579,0.9578683952837157,0.8615760117155886,0.7233764480688579,-1.0,-1.0,0.06088709677419354,0.6391129032258064,0.7923387096774194,0.7923387096774194,-1.0,-1.0
yolov5su_dataset_2_exp_dataset_quality_77,0.4,0.8938679245283019,0.6708203932499369,"[-2, 1, 0, 0, 0, 0, 0, 0, 0, 0, 0, 0, 1, 1, 1, 0, -1, 0, 0, 0]","[13, 15, 13, 11, 8, 12, 15, 9, 12, 14, 12, 12, 12, 15, 15, 11, 12, 13, 9, 15]",0.973974358974359,0.04321121466677721,0.7233764480688579,0.9578683952837157,0.8615760117155886,0.7233764480688579,-1.0,-1.0,0.06088709677419354,0.6391129032258064,0.7923387096774194,0.7923387096774194,-1.0,-1.0
yolov5su_dataset_2_exp_dataset_quality_77,0.5,0.8820754716981132,0.7071067811865476,"[-2, 1, 0, 0, 0, 0, 0, 1, 0, 0, 0, 0, 1, 1, 1, 0, -1, 0, 0, 0]","[13, 15, 13, 11, 8, 12, 15, 9, 12, 14, 12, 12, 12, 15, 15, 11, 12, 13, 9, 15]",0.9684188034188035,0.04652370403236325,0.7214651277771567,0.9578592702475823,0.8615698197267836,0.7214651277771567,-1.0,-1.0,0.06088709677419354,0.6366935483870968,0.7899193548387097,0.7899193548387097,-1.0,-1.0
yolov5su_dataset_2_exp_dataset_quality_77,0.6,0.8702830188679246,0.7416198487095663,"[-2, 1, 0, 0, 0, 0, 1, 1, 0, 0, 0, 0, 1, 1, 1, 0, -1, 0, 0, 0]","[13, 15, 13, 11, 8, 12, 15, 9, 12, 14, 12, 12, 12, 15, 15, 11, 12, 13, 9, 15]",0.9650854700854701,0.04652982739556137,0.7204874316999332,0.9578500707213577,0.8615635771911315,0.7204874316999332,-1.0,-1.0,0.06088709677419354,0.6366935483870968,0.7870967741935485,0.7870967741935485,-1.0,-1.0
yolov5su_dataset_2_exp_dataset_quality_77,0.7,0.6580188679245284,1.2041594578792296,"[-2, 1, 0, 1, 0, 0, 2, 1, 0, 0, 1, 0, 1, 3, 1, 0, -1, 2, 1, 0]","[13, 15, 13, 11, 8, 12, 15, 9, 12, 14, 12, 12, 12, 15, 15, 11, 12, 13, 9, 15]",0.9331254856254855,0.06258957001153426,0.6958797519470252,0.9188381405952529,0.8340483974350923,0.6958797519470252,-1.0,-1.0,0.06088709677419354,0.6338709677419355,0.7620967741935484,0.7620967741935484,-1.0,-1.0
yolov5su_dataset_2_exp_dataset_quality_77,0.8,-2.4905660377358485,3.847076812334269,"[2, 2, 5, 2, 5, 2, 6, 4, 1, 3, 5, 3, 1, 9, 3, 3, 1, 5, 2, 2]","[13, 15, 13, 11, 8, 12, 15, 9, 12, 14, 12, 12, 12, 15, 15, 11, 12, 13, 9, 15]",0.728321262071262,0.1603921189255341,0.5381914325015406,0.7132520944402133,0.6480631515603309,0.5381914325015406,-1.0,-1.0,0.06088709677419354,0.5499999999999999,0.5862903225806451,0.5862903225806451,-1.0,-1.0
yolov5su_dataset_2_exp_dataset_quality_78,0.29,0.8231132075471699,0.8660254037844386,"[-1, 0, -1, 0, -2, 0, 0, 0, -1, 0, 0, 0, 1, 0, -1, -2, 0, -1, -1, 0]","[13, 15, 13, 11, 8, 12, 15, 9, 12, 14, 12, 12, 12, 15, 15, 11, 12, 13, 9, 15]",0.9496484071484073,0.06829446713366967,0.6099302858485579,0.9605950004434638,0.7559153495837055,0.6099302858485579,-1.0,-1.0,0.06290322580645161,0.5419354838709677,0.6717741935483872,0.6717741935483872,-1.0,-1.0
yolov5su_dataset_2_exp_dataset_quality_78,0.4,0.8584905660377359,0.7745966692414834,"[-1, 0, -1, 0, -1, 0, 0, 0, -1, 0, 0, 0, 1, 1, -1, -2, 0, -1, 0, 0]","[13, 15, 13, 11, 8, 12, 15, 9, 12, 14, 12, 12, 12, 15, 15, 11, 12, 13, 9, 15]",0.9581206293706293,0.05202618312981657,0.6099302858485579,0.9605950004434638,0.7559153495837055,0.6099302858485579,-1.0,-1.0,0.06290322580645161,0.5419354838709677,0.6717741935483872,0.6717741935483872,-1.0,-1.0
yolov5su_dataset_2_exp_dataset_quality_78,0.5,0.8820754716981132,0.7071067811865476,"[-1, 0, -1, 0, -1, 0, 0, 0, 0, 0, 0, 0, 1, 1, 0, -2, 0, -1, 0, 0]","[13, 15, 13, 11, 8, 12, 15, 9, 12, 14, 12, 12, 12, 15, 15, 11, 12, 13, 9, 15]",0.9656206293706294,0.05205016662848761,0.6099302858485579,0.9605950004434638,0.7559153495837055,0.6099302858485579,-1.0,-1.0,0.06290322580645161,0.5419354838709677,0.6717741935483872,0.6717741935483872,-1.0,-1.0
yolov5su_dataset_2_exp_dataset_quality_78,0.6,0.8938679245283019,0.6708203932499369,"[-1, 0, -1, 0, 0, 0, 1, 0, 0, 0, 0, 0, 1, 1, 0, -2, 0, 0, 0, 0]","[13, 15, 13, 11, 8, 12, 15, 9, 12, 14, 12, 12, 12, 15, 15, 11, 12, 13, 9, 15]",0.9723834498834499,0.04768229613432615,0.6061901946965856,0.9510504459880182,0.7559153495837055,0.6061901946965856,-1.0,-1.0,0.06290322580645161,0.5419354838709677,0.6673387096774194,0.6673387096774194,-1.0,-1.0
yolov5su_dataset_2_exp_dataset_quality_78,0.7,0.8349056603773585,0.8366600265340756,"[-1, 0, -1, 0, 0, 0, 2, 1, 0, 0, 0, 0, 1, 1, 0, -2, 0, 1, 0, 0]","[13, 15, 13, 11, 8, 12, 15, 9, 12, 14, 12, 12, 12, 15, 15, 11, 12, 13, 9, 15]",0.9596484071484073,0.054661071749192866,0.6024573617358701,0.9414688426663957,0.7559153495837055,0.6024573617358701,-1.0,-1.0,0.06290322580645161,0.5399193548387096,0.6645161290322582,0.6645161290322582,-1.0,-1.0
yolov5su_dataset_2_exp_dataset_quality_78,0.8,0.6580188679245284,1.2041594578792296,"[-1, 0, -1, 1, 0, 0, 3, 2, 0, 1, 2, 0, 1, 1, 1, -2, 0, 1, 0, 0]","[13, 15, 13, 11, 8, 12, 15, 9, 12, 14, 12, 12, 12, 15, 15, 11, 12, 13, 9, 15]",0.9309759684759685,0.07137342739414228,0.5907617684292396,0.922218429878554,0.7393791806606909,0.5907617684292396,-1.0,-1.0,0.06290322580645161,0.5399193548387096,0.6508064516129033,0.6508064516129033,-1.0,-1.0
yolov5su_dataset_2_exp_dataset_quality_78,0.9,-0.4976415094339621,2.5199206336708304,"[-1, 2, 3, 3, 2, 3, 6, 4, 0, 1, 2, 1, 1, 4, 1, 2, 1, 3, 1, 0]","[13, 15, 13, 11, 8, 12, 15, 9, 12, 14, 12, 12, 12, 15, 15, 11, 12, 13, 9, 15]",0.8298337773337774,0.11888149851274635,0.5351388242296791,0.8155785772571172,0.688639085272436,0.5351388242296791,-1.0,-1.0,0.06290322580645161,0.5165322580645162,0.5875000000000001,0.5875000000000001,-1.0,-1.0
yolov5su_dataset_2_exp_dataset_quality_78,0.95,-24.603960396039604,8.475454756727412,"[10, 4, 10, 8, 7, 13, 5, 6, 7, 7, 4, 13, 8, 6, 6, 11, 5, 13]","[13, 15, 13, 11, 12, 15, 12, 14, 12, 12, 12, 15, 15, 11, 12, 13, 9, 15]",0.38658501991835326,0.1840307302179657,0.24455502108128144,0.3564356435643564,0.3120597864770097,0.24455502108128144,-1.0,-1.0,0.056854838709677426,0.25766129032258067,0.2608870967741935,0.2608870967741935,-1.0,-1.0
yolov5su_dataset_2_exp_dataset_quality_79,0.29,0.15094339622641517,1.8973665961010275,"[1, -1, 1, 2, -1, 0, 2, 2, 2, 2, 1, 0, 2, 2, 3, -3, 0, 2, -1, 4]","[13, 15, 13, 11, 8, 12, 15, 9, 12, 14, 12, 12, 12, 15, 15, 11, 12, 13, 9, 15]",0.8709952547452549,0.07793239332335385,0.41338904179097447,0.822898603415496,0.3710125054287998,0.41338904179097447,-1.0,-1.0,0.045161290322580636,0.4508064516129032,0.5137096774193548,0.5137096774193548,-1.0,-1.0
yolov5su_dataset_2_exp_dataset_quality_79,0.4,0.19811320754716988,1.8439088914585775,"[2, 0, 1, 2, 0, 0, 2, 2, 2, 2, 1, 0, 2, 2, 3, -2, 0, 2, -1, 4]","[13, 15, 13, 11, 8, 12, 15, 9, 12, 14, 12, 12, 12, 15, 15, 11, 12, 13, 9, 15]",0.8812778887778888,0.08024168850484004,0.41338904179097447,0.822898603415496,0.3710125054287998,0.41338904179097447,-1.0,-1.0,0.045161290322580636,0.4508064516129032,0.5137096774193548,0.5137096774193548,-1.0,-1.0
yolov5su_dataset_2_exp_dataset_quality_79,0.5,-0.002358490566037652,2.0615528128088303,"[2, 1, 1, 2, 0, 0, 2, 3, 2, 2, 1, 0, 2, 2, 3, -1, 0, 3, -1, 5]","[13, 15, 13, 11, 8, 12, 15, 9, 12, 14, 12, 12, 12, 15, 15, 11, 12, 13, 9, 15]",0.8697549672549674,0.09548906852115542,0.40564279942928294,0.8040288007155872,0.3585371316017705,0.40564279942928294,-1.0,-1.0,0.045161290322580636,0.4479838709677419,0.5028225806451613,0.5028225806451613,-1.0,-1.0
yolov5su_dataset_2_exp_dataset_quality_79,0.6,-0.2146226415094339,2.2693611435820435,"[2, 1, 2, 2, 0, 0, 2, 3, 3, 3, 1, 0, 2, 2, 4, 0, 0, 3, 0, 5]","[13, 15, 13, 11, 8, 12, 15, 9, 12, 14, 12, 12, 12, 15, 15, 11, 12, 13, 9, 15]",0.8649383949383951,0.11074537165998305,0.3951170889086436,0.7851794143299103,0.346326628769385,0.3951170889086436,-1.0,-1.0,0.045161290322580636,0.4443548387096774,0.4887096774193549,0.4887096774193549,-1.0,-1.0
yolov5su_dataset_2_exp_dataset_quality_79,0.7,-0.4150943396226414,2.449489742783178,"[2, 1, 2, 2, 0, 0, 2, 3, 3, 3, 2, 0, 2, 3, 5, 0, 0, 3, 0, 5]","[13, 15, 13, 11, 8, 12, 15, 9, 12, 14, 12, 12, 12, 15, 15, 11, 12, 13, 9, 15]",0.8541050616050617,0.11564436533804692,0.39155316741021623,0.7757751338616221,0.346326628769385,0.39155316741021623,-1.0,-1.0,0.045161290322580636,0.4443548387096774,0.4842741935483871,0.4842741935483871,-1.0,-1.0
yolov5su_dataset_2_exp_dataset_quality_79,0.8,-0.6273584905660374,2.6267851073127395,"[3, 1, 2, 2, 0, 0, 2, 3, 3, 3, 3, 0, 2, 4, 5, 0, 1, 3, 0, 5]","[13, 15, 13, 11, 8, 12, 15, 9, 12, 14, 12, 12, 12, 15, 15, 11, 12, 13, 9, 15]",0.8385922410922413,0.11715232169186661,0.3833982717035326,0.7570104002454033,0.34013850995750383,0.3833982717035326,-1.0,-1.0,0.045161290322580636,0.4435483870967742,0.4758064516129032,0.4758064516129032,-1.0,-1.0
yolov5su_dataset_2_exp_dataset_quality_79,0.9,-1.3466981132075468,3.1543620591175006,"[4, 2, 2, 2, 2, 0, 2, 3, 3, 4, 4, 1, 2, 5, 6, 3, 2, 3, 0, 5]","[13, 15, 13, 11, 8, 12, 15, 9, 12, 14, 12, 12, 12, 15, 15, 11, 12, 13, 9, 15]",0.7825382950382951,0.11008552135254039,0.3652012827459026,0.7189986820039695,0.32119905586465985,0.3652012827459026,-1.0,-1.0,0.045161290322580636,0.4266129032258065,0.4520161290322581,0.4520161290322581,-1.0,-1.0
yolov5su_dataset_2_exp_dataset_quality_79,0.95,-3.823113207547169,4.522167621838006,"[5, 2, 2, 3, 2, 2, 5, 5, 4, 5, 5, 2, 5, 6, 8, 5, 3, 4, 0, 8]","[13, 15, 13, 11, 8, 12, 15, 9, 12, 14, 12, 12, 12, 15, 15, 11, 12, 13, 9, 15]",0.679027084027084,0.1448536039431955,0.313371469476523,0.6239462057494822,0.27756864671023496,0.313371469476523,-1.0,-1.0,0.045161290322580636,0.3790322580645161,0.3879032258064516,0.3879032258064516,-1.0,-1.0
yolov5su_dataset_2_exp_dataset_quality_80,0.29,0.6226415094339623,1.2649110640673518,"[-1, 0, 0, 1, 2, 0, 2, 2, 0, 0, 3, 0, 2, 1, -1, 0, 1, 1, 1, 0]","[13, 15, 13, 11, 8, 12, 15, 9, 12, 14, 12, 12, 12, 15, 15, 11, 12, 13, 9, 15]",0.9202622377622378,0.08398031071431084,0.6637506437273332,0.9022253819945502,0.8277228443810836,0.6637506437273332,-1.0,-1.0,0.06451612903225806,0.5891129032258065,0.7169354838709676,0.7169354838709676,-1.0,-1.0
yolov5su_dataset_2_exp_dataset_quality_80,0.4,-0.15566037735849036,2.2135943621178655,"[-1, 0, 0, 3, 2, 0, 5, 3, 0, 0, 5, 0, 2, 3, 0, 1, 1, 3, 1, 0]","[13, 15, 13, 11, 8, 12, 15, 9, 12, 14, 12, 12, 12, 15, 15, 11, 12, 13, 9, 15]",0.8717113442113442,0.1338016958448223,0.631121510990705,0.8633508735488935,0.7822629951168916,0.631121510990705,-1.0,-1.0,0.06451612903225806,0.5762096774193549,0.6778225806451613,0.6778225806451613,-1.0,-1.0
yolov5su_dataset_2_exp_dataset_quality_80,0.5,-2.183962264150943,3.6742346141747673,"[0, 0, 3, 3, 4, 1, 8, 4, 0, 1, 9, 1, 2, 6, 2, 1, 3, 4, 1, 1]","[13, 15, 13, 11, 8, 12, 15, 9, 12, 14, 12, 12, 12, 15, 15, 11, 12, 13, 9, 15]",0.7752125652125652,0.20227428442281598,0.5717510836087071,0.7661212616106972,0.7086555109360888,0.5717510836087071,-1.0,-1.0,0.06451612903225806,0.5451612903225806,0.614516129032258,0.614516129032258,-1.0,-1.0
yolov5su_dataset_2_exp_dataset_quality_80,0.6,-7.702830188679243,6.074537019394976,"[4, 2, 3, 10, 5, 4, 13, 5, 4, 5, 10, 2, 3, 7, 5, 2, 5, 8, 2, 7]","[13, 15, 13, 11, 8, 12, 15, 9, 12, 14, 12, 12, 12, 15, 15, 11, 12, 13, 9, 15]",0.5697662060162061,0.22982828637156716,0.42044477806510755,0.5597085483196207,0.5206557640620184,0.42044477806510755,-1.0,-1.0,0.06451612903225806,0.4383064516129031,0.4483870967741936,0.4483870967741936,-1.0,-1.0
yolov5su_dataset_2_exp_dataset_quality_80,0.7,-16.08582089552239,8.723833054219615,"[7, 6, 10, 10, 6, 8, 14, 8, 8, 10, 7, 3, 13, 10, 4, 9, 8, 7, 10]","[13, 15, 13, 11, 8, 12, 15, 9, 12, 14, 12, 12, 15, 15, 11, 12, 13, 9, 15]",0.3275391275391275,0.1806723449719768,0.24088531941698635,0.3149276466108149,0.29393375319942294,0.24088531941698635,-1.0,-1.0,0.06088709677419355,0.2516129032258065,0.2516129032258065,0.2516129032258065,-1.0,-1.0
yolov5su_dataset_2_exp_dataset_quality_80,0.8,-108.81132075471697,12.7148207485071,"[12, 14, 11, 13, 12, 14]","[13, 15, 12, 15, 13, 15]",0.08397435897435895,0.02285925358511409,0.022913719943422915,0.0297029702970297,0.0297029702970297,0.022913719943422915,-1.0,-1.0,0.018951612903225806,0.022177419354838707,0.022177419354838707,0.022177419354838707,-1.0,-1.0
yolov5su_dataset_2_exp_dataset_quality_81,0.29,0.7405660377358492,1.0488088481701516,"[-1, 0, -1, 0, -1, 0, 0, 0, 1, 0, -1, -3, 1, -1, 0, 0, -2, -1, -1, 0]","[13, 15, 13, 11, 8, 12, 15, 9, 12, 14, 12, 12, 12, 15, 15, 11, 12, 13, 9, 15]",0.9399893162393163,0.06680272095856059,0.6355173114020228,0.9473505034521164,0.8134517933144102,0.6355173114020228,-1.0,-1.0,0.06129032258064515,0.5737903225806452,0.7040322580645161,0.7040322580645161,-1.0,-1.0
yolov5su_dataset_2_exp_dataset_quality_81,0.4,0.7641509433962265,1.0,"[-1, 0, -1, 0, -1, 0, 0, 1, 1, 0, -1, -3, 1, 1, 0, 0, -1, -1, -1, 0]","[13, 15, 13, 11, 8, 12, 15, 9, 12, 14, 12, 12, 12, 15, 15, 11, 12, 13, 9, 15]",0.9386004273504274,0.06220607249531649,0.6329883375744075,0.9381786560348164,0.8134517933144102,0.6329883375744075,-1.0,-1.0,0.06129032258064515,0.5709677419354839,0.7012096774193548,0.7012096774193548,-1.0,-1.0
yolov5su_dataset_2_exp_dataset_quality_81,0.5,0.7523584905660378,1.02469507659596,"[-1, 0, -1, 0, -1, 0, 0, 1, 1, 0, 0, -3, 2, 1, 0, 0, -1, 0, -1, 0]","[13, 15, 13, 11, 8, 12, 15, 9, 12, 14, 12, 12, 12, 15, 15, 11, 12, 13, 9, 15]",0.9424465811965812,0.06874367910695327,0.6312077247305145,0.9381786560348164,0.8134517933144102,0.6312077247305145,-1.0,-1.0,0.06129032258064515,0.5709677419354839,0.6991935483870967,0.6991935483870967,-1.0,-1.0
yolov5su_dataset_2_exp_dataset_quality_81,0.6,0.6580188679245284,1.2041594578792296,"[-1, 1, -1, 1, 0, 0, 2, 1, 1, 0, 0, -3, 2, 1, 1, 1, -1, 1, -1, 0]","[13, 15, 13, 11, 8, 12, 15, 9, 12, 14, 12, 12, 12, 15, 15, 11, 12, 13, 9, 15]",0.9224261849261849,0.060784704083393995,0.61613393647449,0.9193508606981717,0.7877532732999456,0.61613393647449,-1.0,-1.0,0.06129032258064515,0.5709677419354839,0.682258064516129,0.682258064516129,-1.0,-1.0
yolov5su_dataset_2_exp_dataset_quality_81,0.7,0.5165094339622642,1.4317821063276353,"[0, 1, -1, 1, 0, 0, 2, 1, 1, 1, 1, -3, 2, 1, 3, 2, -1, 1, 1, 0]","[13, 15, 13, 11, 8, 12, 15, 9, 12, 14, 12, 12, 12, 15, 15, 11, 12, 13, 9, 15]",0.9073221223221223,0.06668734136906963,0.60094851320808,0.8911107762016827,0.7705437609475004,0.60094851320808,-1.0,-1.0,0.06129032258064515,0.5633064516129033,0.6641129032258065,0.6641129032258065,-1.0,-1.0
yolov5su_dataset_2_exp_dataset_quality_81,0.8,-1.9009433962264146,3.5071355833500366,"[2, 1, 4, 5, 2, 1, 5, 4, 1, 2, 4, 4, 3, 4, 5, 5, 3, 5, 2, 2]","[13, 15, 13, 11, 8, 12, 15, 9, 12, 14, 12, 12, 12, 15, 15, 11, 12, 13, 9, 15]",0.7359282384282385,0.12068675048065565,0.493868821973596,0.7181137009884674,0.6377282532697467,0.493868821973596,-1.0,-1.0,0.06129032258064515,0.5048387096774193,0.5423387096774194,0.5423387096774194,-1.0,-1.0
yolov5su_dataset_2_exp_dataset_quality_81,0.9,-33.36279069767442,10.74418447347215,"[12, 11, 10, 6, 9, 8, 11, 11, 10, 10, 13, 13, 10, 9, 12, 14]","[13, 15, 11, 8, 12, 12, 14, 12, 12, 12, 15, 15, 11, 12, 13, 15]",0.1656218781218781,0.08201148186143316,0.10088493260360923,0.13861386138613863,0.1275127512751275,0.10088493260360923,-1.0,-1.0,0.04959677419354839,0.10120967741935483,0.10120967741935483,0.10120967741935483,-1.0,-1.0
yolov5su_dataset_2_exp_dataset_quality_82,0.29,0.929245283018868,0.5477225575051661,"[-1, 0, -1, 0, -1, 0, 0, 0, 0, -1, 0, 0, 0, 1, 0, 0, -1, 0, 0, 0]","[13, 15, 13, 11, 8, 12, 15, 9, 12, 14, 12, 12, 12, 15, 15, 11, 12, 13, 9, 15]",0.9749862637362637,0.03964625404398726,0.6902901701393095,0.9700020622242947,0.850203069011911,0.6902901701393095,-1.0,-1.0,0.06491935483870967,0.6060483870967742,0.7596774193548387,0.7596774193548387,-1.0,-1.0
yolov5su_dataset_2_exp_dataset_quality_82,0.4,0.9056603773584906,0.6324555320336759,"[-1, 0, -1, 0, 1, 0, 0, 1, 0, -1, 0, 0, 0, 1, 1, 0, -1, 0, 0, 0]","[13, 15, 13, 11, 8, 12, 15, 9, 12, 14, 12, 12, 12, 15, 15, 11, 12, 13, 9, 15]",0.9660973748473749,0.04344687148912135,0.6833858271153657,0.9603377491794444,0.841288233305233,0.6833858271153657,-1.0,-1.0,0.06491935483870967,0.5999999999999999,0.7516129032258064,0.7516129032258064,-1.0,-1.0
yolov5su_dataset_2_exp_dataset_quality_82,0.5,0.8231132075471699,0.8660254037844386,"[-1, 0, -1, 1, 1, 0, 1, 1, 0, 0, 0, 0, 0, 2, 1, 1, -1, 1, 1, 0]","[13, 15, 13, 11, 8, 12, 15, 9, 12, 14, 12, 12, 12, 15, 15, 11, 12, 13, 9, 15]",0.9445095182595183,0.048282503440564915,0.6697521363533754,0.9409066797936745,0.8232566893303979,0.6697521363533754,-1.0,-1.0,0.06491935483870967,0.5979838709677419,0.7354838709677419,0.7354838709677419,-1.0,-1.0
yolov5su_dataset_2_exp_dataset_quality_82,0.6,-5.415094339622641,5.215361924162119,"[5, 6, 1, 8, 4, 2, 8, 3, 4, 2, 7, 5, 2, 8, 4, 3, 3, 8, 4, 7]","[13, 15, 13, 11, 8, 12, 15, 9, 12, 14, 12, 12, 12, 15, 15, 11, 12, 13, 9, 15]",0.6192887667887669,0.16984003854584956,0.4352914741962823,0.60069281302591,0.5265761570925218,0.4352914741962823,-1.0,-1.0,0.06491935483870967,0.4584677419354839,0.4729838709677419,0.4729838709677419,-1.0,-1.0
yolov5su_dataset_2_exp_dataset_quality_82,0.7,-45.73372781065089,11.42564897699271,"[12, 14, 11, 11, 13, 10, 9, 10, 12, 8, 14]","[13, 15, 12, 12, 14, 12, 12, 11, 13, 9, 15]",0.10399650854196309,0.0536266945421331,0.047367352119827365,0.0594059405940594,0.05728429985855729,0.047367352119827365,-1.0,-1.0,0.03588709677419355,0.04637096774193548,0.04637096774193548,0.04637096774193548,-1.0,-1.0
yolov5su_dataset_2_exp_dataset_quality_83,0.29,0.8820754716981132,0.7071067811865476,"[0, 0, -1, 0, 0, 0, 0, 1, 0, 0, 0, 0, 2, 2, 0, 0, 0, 0, 0, 0]","[13, 15, 13, 11, 8, 12, 15, 9, 12, 14, 12, 12, 12, 15, 15, 11, 12, 13, 9, 15]",0.9755982905982906,0.0509458172457295,0.7117568719920623,0.9694257891568764,0.9144705349885276,0.7117568719920623,-1.0,-1.0,0.0657258064516129,0.6213709677419355,0.7616935483870968,0.7616935483870968,-1.0,-1.0
yolov5su_dataset_2_exp_dataset_quality_83,0.4,0.7523584905660378,1.02469507659596,"[0, 0, -1, 2, 0, 0, 1, 2, 0, 0, 1, 0, 2, 2, 0, 0, 0, 1, 1, 0]","[13, 15, 13, 11, 8, 12, 15, 9, 12, 14, 12, 12, 12, 15, 15, 11, 12, 13, 9, 15]",0.9440501165501166,0.07104830086334177,0.6927837363658456,0.939954300816924,0.8861996024792151,0.6927837363658456,-1.0,-1.0,0.0657258064516129,0.6133064516129032,0.742741935483871,0.742741935483871,-1.0,-1.0
yolov5su_dataset_2_exp_dataset_quality_83,0.5,-0.08490566037735836,2.1447610589527217,"[0, 1, -1, 3, 2, 0, 2, 2, 0, 1, 5, 0, 2, 5, 2, 1, 2, 2, 1, 0]","[13, 15, 13, 11, 8, 12, 15, 9, 12, 14, 12, 12, 12, 15, 15, 11, 12, 13, 9, 15]",0.8667082917082917,0.11543505762660171,0.6465449415976574,0.8711508765555455,0.8294064779436584,0.6465449415976574,-1.0,-1.0,0.0657258064516129,0.5975806451612903,0.6911290322580645,0.6911290322580645,-1.0,-1.0
yolov5su_dataset_2_exp_dataset_quality_83,0.6,-5.143867924528301,5.103920062069938,"[1, 3, 6, 7, 4, 3, 10, 5, 2, 6, 5, 2, 3, 7, 4, 1, 5, 7, 3, 7]","[13, 15, 13, 11, 8, 12, 15, 9, 12, 14, 12, 12, 12, 15, 15, 11, 12, 13, 9, 15]",0.6322505272505272,0.17170044127592268,0.4729874143820813,0.6336633663366337,0.6067573683419206,0.4729874143820813,-1.0,-1.0,0.0657258064516129,0.4899193548387097,0.5036290322580645,0.5036290322580645,-1.0,-1.0
yolov5su_dataset_2_exp_dataset_quality_83,0.7,-62.95876288659794,11.368817000902073,"[12, 11, 10, 11, 13, 11, 9, 14, 10, 9, 11, 14]","[13, 15, 12, 12, 14, 12, 12, 15, 15, 11, 13, 15]",0.15005688755688754,0.08794820190089969,0.07841323606044814,0.09900990099009901,0.09900990099009901,0.07841323606044814,-1.0,-1.0,0.03951612903225806,0.07983870967741935,0.07983870967741935,0.07983870967741935,-1.0,-1.0
yolov5su_dataset_2_exp_dataset_quality_83,0.8,,10.0,[10],[11],0.09090909090909094,0.0,0.008910891089108907,0.0099009900990099,0.0099009900990099,0.008910891089108907,-1.0,-1.0,0.003629032258064516,0.003629032258064516,0.003629032258064516,0.003629032258064516,-1.0,-1.0
yolov5su_dataset_2_exp_dataset_quality_84,0.29,0.5400943396226416,1.396424004376894,"[-2, 0, -1, 1, 2, 0, 2, 1, 0, 0, 2, 0, 0, 4, 1, 0, 0, 1, 1, 1]","[13, 15, 13, 11, 8, 12, 15, 9, 12, 14, 12, 12, 12, 15, 15, 11, 12, 13, 9, 15]",0.921458818958819,0.08159043834395499,0.6127533509724725,0.908613155633475,0.7759615487696514,0.6127533509724725,-1.0,-1.0,0.06693548387096773,0.5637096774193548,0.6745967741935484,0.6745967741935484,-1.0,-1.0
yolov5su_dataset_2_exp_dataset_quality_84,0.4,-3.481132075471698,4.358898943540674,"[0, 3, 5, 6, 4, 0, 9, 2, 2, 3, 6, 0, 0, 8, 3, 3, 4, 7, 3, 2]","[13, 15, 13, 11, 8, 12, 15, 9, 12, 14, 12, 12, 12, 15, 15, 11, 12, 13, 9, 15]",0.7161116661116661,0.19817192437277145,0.4760283040225884,0.6944821448436977,0.6006400093157284,0.4760283040225884,-1.0,-1.0,0.06693548387096773,0.47782258064516137,0.521774193548387,0.521774193548387,-1.0,-1.0
yolov5su_dataset_2_exp_dataset_quality_84,0.5,-25.48618784530387,9.976442841248874,"[9, 10, 10, 7, 14, 8, 9, 12, 9, 8, 12, 8, 7, 11, 11, 8, 13]","[13, 15, 11, 12, 15, 9, 12, 14, 12, 12, 15, 15, 11, 12, 13, 9, 15]",0.2243821537939185,0.12266918595347064,0.1441762049872673,0.19721155789048295,0.18563708804161422,0.1441762049872673,-1.0,-1.0,0.058064516129032254,0.15201612903225808,0.15201612903225808,0.15201612903225808,-1.0,-1.0
yolov5su_dataset_2_exp_dataset_quality_84,0.6,-529.0,11.510864433221338,"[11, 12]","[12, 13]",0.08012820512820512,0.0032051282051282493,0.007920792079207921,0.009900990099009901,0.009900990099009901,0.007920792079207921,-1.0,-1.0,0.006048387096774193,0.006048387096774193,0.006048387096774193,0.006048387096774193,-1.0,-1.0
yolov5su_dataset_2_exp_dataset_quality_85,0.29,0.5636792452830189,1.3601470508735443,"[-3, 1, -1, 0, 1, 0, 2, 1, 1, -3, 0, -1, 1, 1, 0, 0, -1, 2, -1, 1]","[13, 15, 13, 11, 8, 12, 15, 9, 12, 14, 12, 12, 12, 15, 15, 11, 12, 13, 9, 15]",0.9155143467643467,0.06527148645994232,0.5420138219651146,0.9230058864078068,0.5889846965892713,0.5420138219651146,-1.0,-1.0,0.05564516129032258,0.5072580645161291,0.6149193548387097,0.6149193548387097,-1.0,-1.0
yolov5su_dataset_2_exp_dataset_quality_85,0.4,0.304245283018868,1.7175564037317668,"[-2, 1, 1, 3, 1, 0, 3, 1, 1, 0, 0, 0, 1, 4, 0, 2, -1, 3, 0, 1]","[13, 15, 13, 11, 8, 12, 15, 9, 12, 14, 12, 12, 12, 15, 15, 11, 12, 13, 9, 15]",0.8998902486402486,0.08906262381458632,0.5183302405287918,0.8659418166935495,0.5743532016983308,0.5183302405287918,-1.0,-1.0,0.05564516129032258,0.4991935483870968,0.5875,0.5875,-1.0,-1.0
yolov5su_dataset_2_exp_dataset_quality_85,0.5,-9.79009433962264,6.7638746292343415,"[5, 5, 8, 6, 3, 6, 11, 3, 7, 6, 10, 4, 3, 11, 6, 5, 7, 8, 6, 7]","[13, 15, 13, 11, 8, 12, 15, 9, 12, 14, 12, 12, 12, 15, 15, 11, 12, 13, 9, 15]",0.49155219780219783,0.15523915493445903,0.2968288184128157,0.4703088380653889,0.34556298228400734,0.2968288184128157,-1.0,-1.0,0.05564516129032258,0.3306451612903226,0.3306451612903226,0.3306451612903226,-1.0,-1.0
yolov5su_dataset_2_exp_dataset_quality_85,0.6,-62.58235294117647,11.551815634108971,"[14, 12, 11, 9, 11, 11, 10, 11, 14]","[15, 13, 12, 12, 12, 15, 11, 13, 15]",0.12648277648277648,0.0747277397507083,0.049549097766919556,0.06930693069306931,0.058745874587458745,0.049549097766919556,-1.0,-1.0,0.02983870967741935,0.04677419354838709,0.04677419354838709,0.04677419354838709,-1.0,-1.0
yolov5su_dataset_2_exp_dataset_quality_86,0.29,0.929245283018868,0.5477225575051661,"[0, 0, -1, 0, 0, 0, 0, 0, 0, 0, 0, 0, 1, 1, -1, 0, -1, 0, -1, 0]","[13, 15, 13, 11, 8, 12, 15, 9, 12, 14, 12, 12, 12, 15, 15, 11, 12, 13, 9, 15]",0.9755982905982906,0.03816526438983988,0.5999117631335575,0.9443509298161167,0.6283265245210972,0.5999117631335575,-1.0,-1.0,0.06290322580645161,0.5653225806451614,0.6818548387096774,0.6818548387096774,-1.0,-1.0
yolov5su_dataset_2_exp_dataset_quality_86,0.4,0.7877358490566038,0.9486832980505138,"[0, 0, -1, 1, 1, 0, 1, 2, 0, 0, 0, 0, 1, 2, -1, 1, -1, 1, -1, 0]","[13, 15, 13, 11, 8, 12, 15, 9, 12, 14, 12, 12, 12, 15, 15, 11, 12, 13, 9, 15]",0.9386334498834499,0.059563044876670274,0.5815070583692957,0.9155460856953408,0.6063463265012952,0.5815070583692957,-1.0,-1.0,0.06290322580645161,0.5560483870967742,0.6596774193548386,0.6596774193548386,-1.0,-1.0
yolov5su_dataset_2_exp_dataset_quality_86,0.5,-1.8655660377358485,3.4856850115866753,"[3, 2, 1, 5, 4, 1, 5, 4, 1, 3, 4, 0, 1, 8, 2, 1, 2, 6, -1, 3]","[13, 15, 13, 11, 8, 12, 15, 9, 12, 14, 12, 12, 12, 15, 15, 11, 12, 13, 9, 15]",0.7666070041070041,0.1634392571297156,0.48274995074301535,0.7323360214006518,0.5224140300598054,0.48274995074301535,-1.0,-1.0,0.06290322580645161,0.507258064516129,0.5443548387096774,0.5443548387096774,-1.0,-1.0
yolov5su_dataset_2_exp_dataset_quality_86,0.6,-22.603382013835507,9.735387911006821,"[8, 7, 10, 10, 6, 10, 12, 10, 11, 10, 7, 14, 9, 10, 9, 11, 8, 10]","[13, 15, 13, 11, 8, 12, 15, 12, 14, 12, 12, 15, 15, 11, 12, 13, 9, 15]",0.23480254313587645,0.12675638723642038,0.15517366911696456,0.21342848570571346,0.1727782074316728,0.15517366911696456,-1.0,-1.0,0.05685483870967741,0.1653225806451613,0.1653225806451613,0.1653225806451613,-1.0,-1.0
yolov5su_dataset_2_exp_dataset_quality_86,0.7,,14.0,"[14, 14]","[15, 15]",0.06666666666666665,0.0,0.009900990099009901,0.009900990099009901,0.009900990099009901,0.009900990099009901,-1.0,-1.0,0.006854838709677419,0.006854838709677419,0.006854838709677419,0.006854838709677419,-1.0,-1.0
yolov5su_dataset_2_exp_dataset_quality_87,0.29,0.6698113207547169,1.1832159566199232,"[0, 0, -1, 2, 1, -1, 2, 1, 1, 0, 1, 0, 1, 3, -1, 1, -1, 0, 0, 1]","[13, 15, 13, 11, 8, 12, 15, 9, 12, 14, 12, 12, 12, 15, 15, 11, 12, 13, 9, 15]",0.9265452602952602,0.05860335571121915,0.547855577042617,0.8856404670659829,0.6582272708750848,0.547855577042617,-1.0,-1.0,0.052822580645161286,0.5241935483870969,0.6314516129032258,0.6314516129032258,-1.0,-1.0
yolov5su_dataset_2_exp_dataset_quality_87,0.4,-2.431603773584905,3.8144462245521304,"[2, 1, 3, 6, 4, 1, 6, 2, 1, 4, 6, 0, 1, 8, 3, 2, 3, 6, 2, 2]","[13, 15, 13, 11, 8, 12, 15, 9, 12, 14, 12, 12, 12, 15, 15, 11, 12, 13, 9, 15]",0.7431540681540683,0.16904448702086528,0.43691976166974833,0.6959517986818095,0.5309687758883458,0.43691976166974833,-1.0,-1.0,0.052822580645161286,0.4616935483870968,0.5004032258064517,0.5004032258064517,-1.0,-1.0
yolov5su_dataset_2_exp_dataset_quality_87,0.5,-34.42857142857143,10.498677165349081,"[12, 11, 10, 11, 11, 11, 10, 10, 8]","[13, 15, 12, 12, 12, 12, 15, 11, 9]",0.1439566606233273,0.08872488920410819,0.0508583946629957,0.06930693069306931,0.06930693069306931,0.0508583946629957,-1.0,-1.0,0.027016129032258064,0.05120967741935484,0.05120967741935484,0.05120967741935484,-1.0,-1.0
yolov5su_dataset_2_exp_dataset_quality_88,0.29,0.5283018867924529,1.4142135623730951,"[-1, 2, 0, -3, 0, 0, -1, -1, 1, -2, 0, 0, 3, -1, -1, -2, -1, -1, -1, 1]","[13, 15, 13, 11, 8, 12, 15, 9, 12, 14, 12, 12, 12, 15, 15, 11, 12, 13, 9, 15]",0.9104931179931179,0.07618617435536346,0.4586603896967048,0.8495627068161739,0.46935833798735394,0.4586603896967048,-1.0,-1.0,0.05161290322580645,0.452016129032258,0.560483870967742,0.560483870967742,-1.0,-1.0
yolov5su_dataset_2_exp_dataset_quality_88,0.4,0.5990566037735849,1.3038404810405297,"[0, 2, 0, -3, 0, 0, 1, 0, 1, -2, 0, 0, 3, -1, -1, 0, -1, -1, -1, 1]","[13, 15, 13, 11, 8, 12, 15, 9, 12, 14, 12, 12, 12, 15, 15, 11, 12, 13, 9, 15]",0.9289857364857366,0.07878296114173447,0.4545284804427872,0.8408311249965745,0.46296557272657585,0.4545284804427872,-1.0,-1.0,0.05161290322580645,0.452016129032258,0.5568548387096774,0.5568548387096774,-1.0,-1.0
yolov5su_dataset_2_exp_dataset_quality_88,0.5,0.6816037735849056,1.161895003862225,"[0, 2, 0, -1, 0, 0, 2, 0, 1, -2, 0, 0, 3, 0, -1, 0, -1, 0, -1, 1]","[13, 15, 13, 11, 8, 12, 15, 9, 12, 14, 12, 12, 12, 15, 15, 11, 12, 13, 9, 15]",0.9419227994227996,0.06869949558883774,0.452826623510106,0.8320037362336018,0.46296557272657585,0.452826623510106,-1.0,-1.0,0.05161290322580645,0.452016129032258,0.5532258064516129,0.5532258064516129,-1.0,-1.0
yolov5su_dataset_2_exp_dataset_quality_88,0.6,0.7051886792452831,1.118033988749895,"[0, 2, 0, 1, 0, 0, 2, 0, 1, -1, 0, 0, 3, 1, -1, 0, -1, 0, -1, 1]","[13, 15, 13, 11, 8, 12, 15, 9, 12, 14, 12, 12, 12, 15, 15, 11, 12, 13, 9, 15]",0.9421608946608947,0.0648393084046263,0.4500024066621917,0.8320037362336018,0.45639196454608566,0.4500024066621917,-1.0,-1.0,0.05161290322580645,0.452016129032258,0.5504032258064516,0.5504032258064516,-1.0,-1.0
yolov5su_dataset_2_exp_dataset_quality_88,0.7,0.6580188679245284,1.2041594578792296,"[1, 2, 0, 1, 0, 0, 2, 0, 1, -1, 0, 0, 3, 1, -1, 0, -1, 0, 1, 2]","[13, 15, 13, 11, 8, 12, 15, 9, 12, 14, 12, 12, 12, 15, 15, 11, 12, 13, 9, 15]",0.9349814074814076,0.06545689652398698,0.44531395233958104,0.8230065709569082,0.45639196454608566,0.44531395233958104,-1.0,-1.0,0.05161290322580645,0.4491935483870967,0.5431451612903226,0.5431451612903226,-1.0,-1.0
yolov5su_dataset_2_exp_dataset_quality_88,0.8,-0.16745283018867907,2.224859546128699,"[1, 3, 1, 3, 1, 1, 4, 3, 2, 0, 1, 3, 3, 2, 2, 3, -1, 1, 1, 3]","[13, 15, 13, 11, 8, 12, 15, 9, 12, 14, 12, 12, 12, 15, 15, 11, 12, 13, 9, 15]",0.8402165889665889,0.08810692621475574,0.4014397643323956,0.7413563908725135,0.40119209937146055,0.4014397643323956,-1.0,-1.0,0.05161290322580645,0.4266129032258064,0.4870967741935484,0.4870967741935484,-1.0,-1.0
yolov5su_dataset_2_exp_dataset_quality_88,0.9,-9.035377358490564,6.523036102920173,"[6, 6, 9, 4, 3, 6, 10, 7, 6, 4, 8, 7, 6, 7, 8, 5, 4, 6, 4, 9]","[13, 15, 13, 11, 8, 12, 15, 9, 12, 14, 12, 12, 12, 15, 15, 11, 12, 13, 9, 15]",0.49667485292485286,0.1254334752553956,0.24123438631736985,0.4395918771085878,0.2424008647977662,0.24123438631736985,-1.0,-1.0,0.05161290322580645,0.2826612903225806,0.2826612903225806,0.2826612903225806,-1.0,-1.0
yolov5su_dataset_2_exp_dataset_quality_88,0.95,-32.778723404255324,11.022703842524301,"[11, 13, 8, 5, 14, 11, 10, 10, 11, 10, 12, 14, 10, 12]","[13, 15, 11, 8, 15, 12, 14, 12, 12, 12, 15, 15, 12, 13]",0.16411029446743727,0.08986571869552759,0.06751253696798253,0.1060820367751061,0.06930693069306931,0.06751253696798253,-1.0,-1.0,0.034677419354838715,0.07419354838709677,0.07419354838709677,0.07419354838709677,-1.0,-1.0
yolov5su_dataset_2_exp_dataset_quality_89,0.29,-0.4858490566037734,2.5099800796022267,"[1, 1, 0, 3, 2, 1, 7, 2, -1, 1, 5, -2, 1, 3, 1, 1, 1, 3, 0, 2]","[13, 15, 13, 11, 8, 12, 15, 9, 12, 14, 12, 12, 12, 15, 15, 11, 12, 13, 9, 15]",0.8467510267510268,0.123025838276323,0.4476010788631934,0.7837587317415327,0.4860471264239653,0.4476010788631934,-1.0,-1.0,0.04112903225806451,0.4556451612903225,0.5350806451612904,0.5350806451612904,-1.0,-1.0
yolov5su_dataset_2_exp_dataset_quality_89,0.4,-7.8797169811320735,6.135959582656978,"[4, 4, 6, 8, 4, 4, 12, 7, 1, 5, 10, 1, 1, 11, 4, 4, 5, 7, 4, 5]","[13, 15, 13, 11, 8, 12, 15, 9, 12, 14, 12, 12, 12, 15, 15, 11, 12, 13, 9, 15]",0.5644350094350095,0.23190345060953713,0.29620675984260486,0.5204205339182228,0.3248064830948746,0.29620675984260486,-1.0,-1.0,0.04112903225806451,0.34153225806451615,0.35443548387096774,0.35443548387096774,-1.0,-1.0
yolov5su_dataset_2_exp_dataset_quality_89,0.5,-19.646564885496186,9.67410126544671,"[11, 11, 11, 10, 7, 10, 14, 8, 6, 10, 9, 6, 10, 9, 10, 8, 11]","[13, 15, 13, 11, 8, 12, 15, 9, 12, 14, 12, 12, 15, 11, 12, 9, 15]",0.21941310323663266,0.1255636863841819,0.09968505746658539,0.16524120497156103,0.11811670528755003,0.09968505746658539,-1.0,-1.0,0.03467741935483871,0.11935483870967742,0.11935483870967742,0.11935483870967742,-1.0,-1.0
yolov5su_dataset_2_exp_dataset_quality_89,0.6,-32.00000000000001,10.83205120618128,"[12, 7, 11, 11, 13, 10]","[13, 8, 12, 12, 14, 11]",0.08848790098790099,0.017401630914845187,0.009603960396039604,0.0132013201320132,0.0132013201320132,0.009603960396039604,-1.0,-1.0,0.011693548387096773,0.011693548387096773,0.011693548387096773,0.011693548387096773,-1.0,-1.0
yolov5su_dataset_2_exp_dataset_quality_90,0.29,-1.8773584905660372,3.492849839314596,"[0, 6, 1, 4, 2, 1, 7, 2, 1, 2, 6, 2, 2, 4, 3, 1, 3, 6, 2, 3]","[13, 15, 13, 11, 8, 12, 15, 9, 12, 14, 12, 12, 12, 15, 15, 11, 12, 13, 9, 15]",0.7693179043179044,0.13922160793909338,0.49899115668897276,0.7422449542610164,0.6412444203846577,0.49899115668897276,-1.0,-1.0,0.058467741935483875,0.503225806451613,0.5431451612903226,0.5431451612903226,-1.0,-1.0
yolov5su_dataset_2_exp_dataset_quality_90,0.4,-14.259433962264149,8.043631020876083,"[6, 11, 7, 6, 4, 7, 13, 6, 5, 5, 11, 7, 4, 13, 10, 4, 9, 10, 4, 8]","[13, 15, 13, 11, 8, 12, 15, 9, 12, 14, 12, 12, 12, 15, 15, 11, 12, 13, 9, 15]",0.40517121767121755,0.17384932989351226,0.27349420680081227,0.38123863406748837,0.36693815378398115,0.27349420680081227,-1.0,-1.0,0.058467741935483875,0.2935483870967742,0.2935483870967742,0.2935483870967742,-1.0,-1.0
yolov5su_dataset_2_exp_dataset_quality_90,0.5,-28.922077922077925,10.583005244258363,"[10, 14, 10, 6, 9, 8, 9, 14, 10, 10, 11, 13]","[13, 15, 11, 8, 12, 12, 12, 15, 11, 12, 13, 15]",0.17359168609168607,0.08411236350690535,0.07384818481848185,0.09544554455445545,0.09544554455445545,0.07384818481848185,-1.0,-1.0,0.03508064516129032,0.07782258064516129,0.07782258064516129,0.07782258064516129,-1.0,-1.0
yolov5su_dataset_2_exp_dataset_quality_90,0.6,-35.14864864864865,10.344080432788601,"[12, 10, 7, 11, 11]","[13, 11, 8, 12, 12]",0.09189976689976691,0.017132867132867134,0.014504950495049504,0.01782178217821782,0.01782178217821782,0.014504950495049504,-1.0,-1.0,0.013306451612903225,0.013306451612903225,0.013306451612903225,0.013306451612903225,-1.0,-1.0
yolov5su_dataset_2_exp_dataset_quality_90,0.7,-14.44,9.82344135219425,"[12, 7]","[13, 8]",0.10096153846153844,0.024038461538461564,0.007920792079207917,0.0099009900990099,0.0099009900990099,0.007920792079207917,-1.0,-1.0,0.0032258064516129032,0.0032258064516129032,0.0032258064516129032,0.0032258064516129032,-1.0,-1.0
yolov5su_dataset_2_exp_dataset_quality_91,0.29,0.7051886792452831,1.118033988749895,"[0, 1, -1, 3, 0, 0, 1, 1, 0, -1, 0, 0, 1, 2, 2, -1, 0, 1, 0, 0]","[13, 15, 13, 11, 8, 12, 15, 9, 12, 14, 12, 12, 12, 15, 15, 11, 12, 13, 9, 15]",0.9408322233322233,0.0683004540348027,0.3794161477643399,0.8379404819856547,0.2708800202979304,0.3794161477643399,-1.0,-1.0,0.0375,0.4024193548387096,0.4987903225806452,0.4987903225806452,-1.0,-1.0
yolov5su_dataset_2_exp_dataset_quality_91,0.4,-0.8749999999999998,2.819574435974337,"[1, 5, 5, 4, 0, 2, 4, 2, 0, 0, 5, 1, 1, 2, 3, -1, 3, 1, 4, 1]","[13, 15, 13, 11, 8, 12, 15, 9, 12, 14, 12, 12, 12, 15, 15, 11, 12, 13, 9, 15]",0.8170163170163169,0.14137439992476333,0.3269148930827095,0.7147058947775241,0.22499146466370776,0.3269148930827095,-1.0,-1.0,0.0375,0.3770161290322581,0.4294354838709677,0.4294354838709677,-1.0,-1.0
yolov5su_dataset_2_exp_dataset_quality_91,0.5,-6.1226415094339615,5.495452665613635,"[6, 8, 10, 6, 2, 6, 6, 4, 3, 2, 6, 1, 2, 6, 7, 0, 6, 8, 6, 1]","[13, 15, 13, 11, 8, 12, 15, 9, 12, 14, 12, 12, 12, 15, 15, 11, 12, 13, 9, 15]",0.6118878343878345,0.20821910487424244,0.23894970927423798,0.5306320779316511,0.15061307455248837,0.23894970927423798,-1.0,-1.0,0.0375,0.2975806451612903,0.310483870967742,0.310483870967742,-1.0,-1.0
yolov5su_dataset_2_exp_dataset_quality_91,0.6,-11.900943396226413,7.395944834840239,"[7, 8, 12, 8, 4, 8, 11, 7, 5, 6, 10, 5, 2, 7, 9, 1, 7, 9, 6, 6]","[13, 15, 13, 11, 8, 12, 15, 9, 12, 14, 12, 12, 12, 15, 15, 11, 12, 13, 9, 15]",0.4419144744144744,0.2032886657606512,0.1671851236755266,0.3835442815896668,0.0918644160931809,0.1671851236755266,-1.0,-1.0,0.0375,0.21290322580645155,0.21290322580645155,0.21290322580645155,-1.0,-1.0
yolov5su_dataset_2_exp_dataset_quality_91,0.7,-15.827830188679243,8.446892919884801,"[9, 9, 12, 8, 6, 9, 12, 8, 6, 8, 10, 6, 4, 9, 10, 1, 8, 11, 8, 7]","[13, 15, 13, 11, 8, 12, 15, 9, 12, 14, 12, 12, 12, 15, 15, 11, 12, 13, 9, 15]",0.3452203352203352,0.20171749064212308,0.13650930410589415,0.31086652009152727,0.07416741350973535,0.13650930410589415,-1.0,-1.0,0.0375,0.167741935483871,0.167741935483871,0.167741935483871,-1.0,-1.0
yolov5su_dataset_2_exp_dataset_quality_91,0.8,-52.861952861952865,10.521686288468269,"[10, 11, 12, 8, 11, 13, 6, 10, 11, 7, 7, 13, 13, 6, 11, 12, 13]","[13, 15, 13, 11, 12, 15, 12, 14, 12, 12, 12, 15, 15, 11, 12, 13, 15]",0.22240798417269006,0.14288634511978388,0.08020520600447142,0.17316857913000278,0.04778303917348256,0.08020520600447142,-1.0,-1.0,0.03024193548387097,0.09637096774193547,0.09637096774193547,0.09637096774193547,-1.0,-1.0
yolov5su_dataset_2_exp_dataset_quality_91,0.9,-63.46396396396398,10.875326536372471,"[11, 14, 9, 8, 11, 11, 11, 10, 14, 6, 12]","[13, 15, 11, 12, 14, 12, 12, 12, 15, 11, 13]",0.17103805285623466,0.11872278005520538,0.04053619325143217,0.08824795523030564,0.027649922182853733,0.04053619325143217,-1.0,-1.0,0.018548387096774192,0.044758064516129036,0.044758064516129036,0.044758064516129036,-1.0,-1.0
yolov5su_dataset_2_exp_dataset_quality_91,0.95,-87.375,11.8911731969558,"[10, 13, 11, 11, 14]","[12, 14, 12, 12, 15]",0.09428571428571428,0.03678089812824288,0.014026402640264028,0.0297029702970297,0.0099009900990099,0.014026402640264028,-1.0,-1.0,0.008870967741935482,0.010887096774193548,0.010887096774193548,0.010887096774193548,-1.0,-1.0
yolov5su_dataset_2_exp_dataset_quality_92,0.29,0.08018867924528317,1.9748417658131499,"[0, 1, 2, 2, 2, 0, 5, 3, 0, -1, 1, 1, 1, 2, 3, 0, 0, 3, 1, 2]","[13, 15, 13, 11, 8, 12, 15, 9, 12, 14, 12, 12, 12, 15, 15, 11, 12, 13, 9, 15]",0.8775513375513375,0.10322565205355802,0.4542299696242646,0.7906955910430981,0.5479347129417056,0.4542299696242646,-1.0,-1.0,0.04677419354838709,0.47298387096774197,0.5459677419354838,0.5459677419354838,-1.0,-1.0
yolov5su_dataset_2_exp_dataset_quality_92,0.4,-6.4646226415094326,5.6258332716140815,"[5, 3, 9, 3, 2, 4, 11, 4, 1, 7, 9, 4, 3, 9, 5, 2, 3, 5, 4, 6]","[13, 15, 13, 11, 8, 12, 15, 9, 12, 14, 12, 12, 12, 15, 15, 11, 12, 13, 9, 15]",0.6089180264180263,0.18121824249481566,0.3141769150477693,0.5360394141044018,0.3845112728898647,0.3141769150477693,-1.0,-1.0,0.04677419354838709,0.3685483870967741,0.37661290322580643,0.37661290322580643,-1.0,-1.0
yolov5su_dataset_2_exp_dataset_quality_92,0.5,-16.493506493506494,9.175374651751284,"[10, 8, 7, 6, 9, 7, 8, 12, 9, 13, 12, 6, 9, 10, 7, 10]","[13, 15, 11, 8, 12, 9, 12, 14, 12, 15, 15, 11, 12, 13, 9, 15]",0.27085553335553336,0.09303887121088786,0.11154350491443904,0.18307491126471137,0.1468037903334901,0.11154350491443904,-1.0,-1.0,0.03588709677419354,0.1342741935483871,0.1342741935483871,0.1342741935483871,-1.0,-1.0
yolov5su_dataset_2_exp_dataset_quality_92,0.6,-29.859922178988324,11.44949383557671,"[12, 12, 9, 7, 11, 11, 13, 14, 10, 11, 14]","[13, 15, 11, 8, 12, 12, 14, 15, 11, 12, 15]",0.10267384131020495,0.04444367453522648,0.026320132013201318,0.038896746817538894,0.03536067892503536,0.026320132013201318,-1.0,-1.0,0.02379032258064516,0.03185483870967742,0.03185483870967742,0.03185483870967742,-1.0,-1.0
yolov5su_dataset_2_exp_dataset_quality_92,0.7,,12.0,[12],[13],0.07692307692307687,0.0,0.0,0.0,0.0,0.0,-1.0,-1.0,0.0,0.0,0.0,0.0,-1.0,-1.0
yolov5su_dataset_2_exp_dataset_quality_93,0.29,-31.739583333333343,11.326328367379885,"[14, 11, 8, 11, 10, 14, 10]","[15, 12, 9, 12, 12, 15, 11]",0.09552669552669554,0.03226729983406166,0.02957095709570957,0.039603960396039604,0.0297029702970297,0.02957095709570957,-1.0,-1.0,0.022177419354838707,0.025806451612903226,0.025806451612903226,0.025806451612903226,-1.0,-1.0
yolov5su_dataset_3_exp_dataset_quality_96,0.29,0.8613518197573657,0.7745966692414834,"[-1, -1, 0, -1, 1, 1, 0, 0, 0, 1, 0, 1, 0, -2, 0, 1, 0, 0, 0, 0]","[13, 14, 11, 10, 12, 14, 14, 12, 15, 9, 8, 14, 15, 11, 14, 11, 10, 11, 15, 14]",0.9570809745809745,0.05243799426956143,0.6055961656709343,0.951772734409311,0.7146678892852316,0.6055961656709343,-1.0,-1.0,0.062348178137651825,0.5481781376518219,0.6680161943319839,0.6680161943319839,-1.0,-1.0
yolov5su_dataset_3_exp_dataset_quality_96,0.4,0.8613518197573657,0.7745966692414834,"[0, -1, 1, 1, 1, 1, 0, 0, 0, 1, 0, 1, 0, -2, 0, 1, 0, 0, 0, 0]","[13, 14, 11, 10, 12, 14, 14, 12, 15, 9, 8, 14, 15, 11, 14, 11, 10, 11, 15, 14]",0.9563816738816738,0.05297728536740103,0.6028069843137742,0.942193727728155,0.7146678892852316,0.6028069843137742,-1.0,-1.0,0.062348178137651825,0.5477732793522267,0.6659919028340082,0.6659919028340082,-1.0,-1.0
yolov5su_dataset_3_exp_dataset_quality_96,0.5,0.8035817446562681,0.9219544457292888,"[0, -1, 1, 2, 1, 1, 0, 0, 1, 1, 0, 2, 1, -1, 0, 1, 0, 0, 0, 0]","[13, 14, 11, 10, 12, 14, 14, 12, 15, 9, 8, 14, 15, 11, 14, 11, 10, 11, 15, 14]",0.9456890331890332,0.05682914012834942,0.5971701365380875,0.9228827057168629,0.7146678892852316,0.5971701365380875,-1.0,-1.0,0.062348178137651825,0.5473684210526316,0.6603238866396762,0.6603238866396762,-1.0,-1.0
yolov5su_dataset_3_exp_dataset_quality_96,0.6,0.41074523396880414,1.5968719422671311,"[0, 1, 2, 4, 1, 2, 0, 1, 2, 1, 0, 4, 1, -1, 0, 1, 0, 0, 0, 0]","[13, 14, 11, 10, 12, 14, 14, 12, 15, 9, 8, 14, 15, 11, 14, 11, 10, 11, 15, 14]",0.912929292929293,0.10333447235312149,0.578490518052581,0.8937869549285816,0.6982775332110845,0.578490518052581,-1.0,-1.0,0.062348178137651825,0.536842105263158,0.6368421052631579,0.6368421052631579,-1.0,-1.0
yolov5su_dataset_3_exp_dataset_quality_96,0.7,-1.5418833044482958,3.3166247903554,"[0, 1, 4, 6, 4, 5, 1, 1, 6, 2, 0, 8, 1, 0, 1, 2, 3, 0, 2, 1]","[13, 14, 11, 10, 12, 14, 14, 12, 15, 9, 8, 14, 15, 11, 14, 11, 10, 11, 15, 14]",0.8050685425685424,0.18431957085681827,0.5188669013273917,0.7868853985605477,0.6227171076084811,0.5188669013273917,-1.0,-1.0,0.062348178137651825,0.5008097165991903,0.571255060728745,0.571255060728745,-1.0,-1.0
yolov5su_dataset_3_exp_dataset_quality_96,0.8,-12.971671388101985,7.803133273813083,"[7, 4, 7, 13, 9, 7, 13, 6, 2, 12, 4, 7, 8, 8, 6, 1, 8, 6]","[13, 14, 12, 14, 14, 12, 15, 9, 8, 14, 15, 11, 14, 11, 10, 11, 15, 14]",0.4412615162615162,0.21970947912834868,0.27271794827995705,0.3927055970903213,0.3380228328955345,0.27271794827995705,-1.0,-1.0,0.05587044534412956,0.2927125506072874,0.2959514170040486,0.2959514170040486,-1.0,-1.0
yolov5su_dataset_3_exp_dataset_quality_97,0.29,0.9653379549393414,0.3872983346207417,"[0, 0, 0, -1, 0, 0, 0, 0, 1, 0, 0, -1, 0, 0, 0, 0, 0, 0, 0, 0]","[13, 14, 11, 10, 12, 14, 14, 12, 15, 9, 8, 14, 15, 11, 14, 11, 10, 11, 15, 14]",0.9880952380952381,0.02890676230624037,0.655655316407467,0.9629020373637565,0.8050029359783867,0.655655316407467,-1.0,-1.0,0.058704453441295545,0.5850202429149798,0.7064777327935221,0.7064777327935221,-1.0,-1.0
yolov5su_dataset_3_exp_dataset_quality_97,0.4,0.9653379549393414,0.3872983346207417,"[0, 0, 0, 0, 0, 1, 0, 0, 1, 0, 0, -1, 0, 0, 0, 0, 0, 0, 0, 0]","[13, 14, 11, 10, 12, 14, 14, 12, 15, 9, 8, 14, 15, 11, 14, 11, 10, 11, 15, 14]",0.9895238095238096,0.02495347144109314,0.655655316407467,0.9629020373637565,0.8050029359783867,0.655655316407467,-1.0,-1.0,0.058704453441295545,0.5850202429149798,0.7064777327935221,0.7064777327935221,-1.0,-1.0
yolov5su_dataset_3_exp_dataset_quality_97,0.5,0.8266897746967071,0.8660254037844386,"[0, 0, 0, 2, 0, 1, 0, 0, 3, 0, 0, 0, 0, 0, 0, 1, 0, 0, 0, 0]","[13, 14, 11, 10, 12, 14, 14, 12, 15, 9, 8, 14, 15, 11, 14, 11, 10, 11, 15, 14]",0.9718831168831169,0.062271711596066856,0.6481028636943197,0.9434957600013263,0.8050029359783867,0.6481028636943197,-1.0,-1.0,0.058704453441295545,0.5817813765182187,0.6991902834008096,0.6991902834008096,-1.0,-1.0
yolov5su_dataset_3_exp_dataset_quality_97,0.6,-0.0629693818601964,2.1447610589527217,"[1, 1, 3, 6, 2, 2, 0, 0, 4, 1, 0, 4, 1, 0, 1, 1, 1, 0, 0, 0]","[13, 14, 11, 10, 12, 14, 14, 12, 15, 9, 8, 14, 15, 11, 14, 11, 10, 11, 15, 14]",0.883845043845044,0.144334026026463,0.6047538135113355,0.8656992328988928,0.7528294533989243,0.6047538135113355,-1.0,-1.0,0.058704453441295545,0.5619433198380567,0.6497975708502024,0.6497975708502024,-1.0,-1.0
yolov5su_dataset_3_exp_dataset_quality_97,0.7,-4.314846909300982,4.795831523312719,"[1, 3, 6, 6, 3, 8, 3, 2, 9, 5, 0, 10, 1, 1, 5, 3, 5, 0, 0, 5]","[13, 14, 11, 10, 12, 14, 14, 12, 15, 9, 8, 14, 15, 11, 14, 11, 10, 11, 15, 14]",0.6923262848262848,0.229113270650371,0.48984740268220855,0.6797532646366958,0.617399210969755,0.48984740268220855,-1.0,-1.0,0.058704453441295545,0.48461538461538467,0.5222672064777328,0.5222672064777328,-1.0,-1.0
yolov5su_dataset_3_exp_dataset_quality_97,0.8,-17.601873536299767,9.695359714832659,"[11, 11, 12, 8, 7, 9, 8, 12, 9, 9, 8, 8, 12]","[14, 12, 14, 9, 8, 15, 11, 14, 11, 10, 11, 15, 14]",0.2043262293262293,0.1139886081746882,0.11194918942443695,0.13861386138613863,0.13861386138613863,0.11194918942443695,-1.0,-1.0,0.042105263157894736,0.11538461538461538,0.11538461538461538,0.11538461538461538,-1.0,-1.0
yolov5su_dataset_3_exp_dataset_quality_98,0.29,0.8729058347775852,0.7416198487095663,"[-1, -1, 0, -1, 0, 2, 0, 0, 0, 0, 1, 0, 0, -1, 0, 1, 1, 0, 0, 0]","[13, 14, 11, 10, 12, 14, 14, 12, 15, 9, 8, 14, 15, 11, 14, 11, 10, 11, 15, 14]",0.9600986513486512,0.050862037405540156,0.5911283248584948,0.9429130446804581,0.6907209991252834,0.5911283248584948,-1.0,-1.0,0.059514170040485835,0.5352226720647774,0.654251012145749,0.654251012145749,-1.0,-1.0
yolov5su_dataset_3_exp_dataset_quality_98,0.4,0.8844598497978047,0.7071067811865476,"[0, -1, 0, -1, 0, 2, 0, 0, 0, 0, 1, 0, 0, -1, 0, 1, 1, 0, 0, 0]","[13, 14, 11, 10, 12, 14, 14, 12, 15, 9, 8, 14, 15, 11, 14, 11, 10, 11, 15, 14]",0.9639448051948053,0.050825479954770936,0.5911283248584948,0.9429130446804581,0.6907209991252834,0.5911283248584948,-1.0,-1.0,0.059514170040485835,0.5352226720647774,0.654251012145749,0.654251012145749,-1.0,-1.0
yolov5su_dataset_3_exp_dataset_quality_98,0.5,0.7804737146158289,0.9746794344808963,"[0, 0, 1, 0, 0, 2, 1, 0, 0, 0, 1, 3, 0, -1, 0, 1, 1, 0, 0, 0]","[13, 14, 11, 10, 12, 14, 14, 12, 15, 9, 8, 14, 15, 11, 14, 11, 10, 11, 15, 14]",0.9536850649350649,0.06282734104549564,0.5815953193521767,0.923684247529531,0.6754509393664336,0.5815953193521767,-1.0,-1.0,0.059514170040485835,0.5352226720647774,0.642914979757085,0.642914979757085,-1.0,-1.0
yolov5su_dataset_3_exp_dataset_quality_98,0.6,0.21432697862507222,1.8439088914585775,"[0, 2, 2, 3, 1, 2, 1, 0, 2, 0, 1, 5, 0, -1, 0, 2, 3, 0, 0, 1]","[13, 14, 11, 10, 12, 14, 14, 12, 15, 9, 8, 14, 15, 11, 14, 11, 10, 11, 15, 14]",0.8909036796536796,0.10845705920334738,0.5585921255692362,0.8751908412268755,0.6599407561292648,0.5585921255692362,-1.0,-1.0,0.059514170040485835,0.5222672064777327,0.6153846153846153,0.6153846153846153,-1.0,-1.0
yolov5su_dataset_3_exp_dataset_quality_98,0.7,-4.557481224725592,4.904079934095692,"[1, 8, 5, 5, 2, 7, 3, 3, 9, 5, 2, 11, 3, 0, 2, 3, 4, 0, 1, 5]","[13, 14, 11, 10, 12, 14, 14, 12, 15, 9, 8, 14, 15, 11, 14, 11, 10, 11, 15, 14]",0.6817743367743367,0.21507867632147076,0.43951728274879176,0.6699312557983909,0.5462668208870096,0.43951728274879176,-1.0,-1.0,0.059514170040485835,0.445748987854251,0.4805668016194332,0.4805668016194332,-1.0,-1.0
yolov5su_dataset_3_exp_dataset_quality_98,0.8,-23.507915567282318,10.484420676559909,"[11, 11, 11, 13, 11, 8, 7, 13, 9, 12, 8, 6, 13]","[13, 14, 12, 14, 12, 9, 8, 15, 11, 14, 11, 11, 15]",0.1662271489194566,0.09897663874442986,0.08112952986088637,0.10891089108910891,0.107006854531607,0.08112952986088637,-1.0,-1.0,0.041700404858299595,0.08137651821862349,0.08137651821862349,0.08137651821862349,-1.0,-1.0
yolov5su_dataset_3_exp_dataset_quality_99,0.29,0.5031773541305604,1.466287829861518,"[0, 1, 2, -1, 2, 0, 1, 0, -5, 1, 0, 1, 0, 0, -1, 2, 0, 0, 0, 0]","[13, 14, 11, 10, 12, 14, 14, 12, 15, 9, 8, 14, 15, 11, 14, 11, 10, 11, 15, 14]",0.931976911976912,0.08809529600436786,0.37950578926191536,0.8890350783206094,0.20679283118185238,0.37950578926191536,-1.0,-1.0,0.04453441295546559,0.4186234817813765,0.5,0.5,-1.0,-1.0
yolov5su_dataset_3_exp_dataset_quality_99,0.4,0.39919121894858456,1.61245154965971,"[0, 1, 2, 2, 2, 0, 1, 0, -3, 1, 0, 3, 1, 0, -1, 4, 1, 0, 0, 0]","[13, 14, 11, 10, 12, 14, 14, 12, 15, 9, 8, 14, 15, 11, 14, 11, 10, 11, 15, 14]",0.909076479076479,0.09892924595038476,0.3681295797212591,0.8612154671418113,0.20192920579611606,0.3681295797212591,-1.0,-1.0,0.04453441295546559,0.4097165991902834,0.48461538461538467,0.48461538461538467,-1.0,-1.0
yolov5su_dataset_3_exp_dataset_quality_99,0.5,-1.7036395147313694,3.420526275297414,"[2, 2, 5, 5, 2, 4, 3, 2, -2, 3, 1, 9, 4, 0, -1, 5, 2, 1, 0, 1]","[13, 14, 11, 10, 12, 14, 14, 12, 15, 9, 8, 14, 15, 11, 14, 11, 10, 11, 15, 14]",0.7762957875457875,0.1698372568001465,0.3138188949723053,0.7301684653544526,0.16903555129835043,0.3138188949723053,-1.0,-1.0,0.04453441295546559,0.3732793522267206,0.4109311740890688,0.4109311740890688,-1.0,-1.0
yolov5su_dataset_3_exp_dataset_quality_99,0.6,-5.1062893081761,5.186013579051376,"[4, 5, 9, 7, 3, 10, 4, 5, 4, 7, 2, 5, 1, 0, 6, 5, 3, 0, 5]","[13, 14, 11, 10, 12, 14, 14, 12, 15, 9, 8, 15, 11, 14, 11, 10, 11, 15, 14]",0.6187528845423581,0.23567750218313172,0.23866838240758795,0.5613148868216643,0.12136906915655969,0.23866838240758795,-1.0,-1.0,0.041295546558704446,0.2955465587044534,0.30647773279352225,0.30647773279352225,-1.0,-1.0
yolov5su_dataset_3_exp_dataset_quality_99,0.7,-17.25741525423729,8.752142594816426,"[7, 9, 8, 13, 11, 10, 5, 13, 5, 3, 10, 8, 5, 2, 12]","[13, 14, 12, 14, 14, 15, 8, 15, 11, 14, 11, 10, 11, 15, 14]",0.3637634587634588,0.23374179049445343,0.10792701729458226,0.2638322655794991,0.035827177288429345,0.10792701729458226,-1.0,-1.0,0.032388663967611336,0.1299595141700405,0.13279352226720648,0.13279352226720648,-1.0,-1.0
yolov5su_dataset_3_exp_dataset_quality_99,0.8,-19.755102040816325,10.022197585581939,"[12, 11, 13, 12, 7, 8, 10, 7, 8]","[13, 14, 14, 15, 8, 11, 14, 11, 15]",0.23070910570910572,0.12451878300956905,0.04345033221270845,0.10891089108910891,0.012947448591012945,0.04345033221270845,-1.0,-1.0,0.019028340080971658,0.05101214574898786,0.05101214574898786,0.05101214574898786,-1.0,-1.0
yolov5su_dataset_3_exp_dataset_quality_99,0.9,,14.0,[14],[15],0.06666666666666665,0.0,0.0029702970297029695,0.0099009900990099,0.0,0.0029702970297029695,-1.0,-1.0,0.0012145748987854252,0.0012145748987854252,0.0012145748987854252,0.0012145748987854252,-1.0,-1.0
yolov5su_dataset_3_exp_dataset_quality_100,0.29,0.49162333911034084,1.4832396974191326,"[-1, -1, 1, -3, -3, 1, 0, 1, 0, 0, -1, 1, 0, 0, -1, 4, -1, 0, 0, -1]","[13, 14, 11, 10, 12, 14, 14, 12, 15, 9, 8, 14, 15, 11, 14, 11, 10, 11, 15, 14]",0.9126527639027637,0.10109448129879783,0.5457179471044151,0.9373168961029623,0.607049225589041,0.5457179471044151,-1.0,-1.0,0.059109311740890694,0.5101214574898785,0.6133603238866396,0.6133603238866396,-1.0,-1.0
yolov5su_dataset_3_exp_dataset_quality_100,0.4,0.584055459272097,1.3416407864998738,"[-1, -1, 1, -3, -2, 1, 0, 1, 0, 0, 0, 1, 0, 0, 0, 4, -1, 0, 0, 0]","[13, 14, 11, 10, 12, 14, 14, 12, 15, 9, 8, 14, 15, 11, 14, 11, 10, 11, 15, 14]",0.9302122877122876,0.09975842733224605,0.5457179471044151,0.9373168961029623,0.607049225589041,0.5457179471044151,-1.0,-1.0,0.059109311740890694,0.5101214574898785,0.6133603238866396,0.6133603238866396,-1.0,-1.0
yolov5su_dataset_3_exp_dataset_quality_100,0.5,0.6187175043327556,1.284523257866513,"[-1, -1, 1, -3, -1, 1, 0, 1, 0, 0, 0, 1, 0, 0, 0, 4, -1, 0, 0, 0]","[13, 14, 11, 10, 12, 14, 14, 12, 15, 9, 8, 14, 15, 11, 14, 11, 10, 11, 15, 14]",0.9343789543789545,0.09733591482638619,0.5457179471044151,0.9373168961029623,0.607049225589041,0.5457179471044151,-1.0,-1.0,0.059109311740890694,0.5101214574898785,0.6133603238866396,0.6133603238866396,-1.0,-1.0
yolov5su_dataset_3_exp_dataset_quality_100,0.6,0.6649335644136337,1.2041594578792296,"[-1, -1, 1, -2, -1, 1, 0, 1, 0, 0, 1, 1, 0, 0, 0, 4, -1, 0, 0, 0]","[13, 14, 11, 10, 12, 14, 14, 12, 15, 9, 8, 14, 15, 11, 14, 11, 10, 11, 15, 14]",0.9331289543789545,0.08712011938144305,0.5457179471044151,0.9373168961029623,0.607049225589041,0.5457179471044151,-1.0,-1.0,0.059109311740890694,0.5101214574898785,0.6133603238866396,0.6133603238866396,-1.0,-1.0
yolov5su_dataset_3_exp_dataset_quality_100,0.7,0.6880415944540728,1.161895003862225,"[-1, -1, 1, -2, 0, 1, 0, 1, 0, 0, 1, 1, 0, 0, 0, 4, 0, 0, 0, 0]","[13, 14, 11, 10, 12, 14, 14, 12, 15, 9, 8, 14, 15, 11, 14, 11, 10, 11, 15, 14]",0.942295621045621,0.08879546368343408,0.5457179471044151,0.9373168961029623,0.607049225589041,0.5457179471044151,-1.0,-1.0,0.059109311740890694,0.5101214574898785,0.6133603238866396,0.6133603238866396,-1.0,-1.0
yolov5su_dataset_3_exp_dataset_quality_100,0.8,0.6533795493934142,1.224744871391589,"[-1, 0, 1, -2, 0, 1, 0, 1, 1, 0, 1, 2, 0, 0, 0, 4, 0, 0, 0, 0]","[13, 14, 11, 10, 12, 14, 14, 12, 15, 9, 8, 14, 15, 11, 14, 11, 10, 11, 15, 14]",0.9389622877122876,0.09067112938418692,0.5430504076231943,0.9277841246439983,0.607049225589041,0.5430504076231943,-1.0,-1.0,0.059109311740890694,0.5101214574898785,0.6105263157894737,0.6105263157894737,-1.0,-1.0
yolov5su_dataset_3_exp_dataset_quality_100,0.9,0.029462738301559765,2.04939015319192,"[0, 0, 3, 2, 1, 1, 0, 3, 2, 1, 1, 6, 1, 0, 0, 4, 0, 0, 0, 1]","[13, 14, 11, 10, 12, 14, 14, 12, 15, 9, 8, 14, 15, 11, 14, 11, 10, 11, 15, 14]",0.8911381673881673,0.1271039918639893,0.5139559398884175,0.8792162721426781,0.5775627209239969,0.5139559398884175,-1.0,-1.0,0.059109311740890694,0.48906882591093115,0.5761133603238867,0.5761133603238867,-1.0,-1.0
yolov5su_dataset_3_exp_dataset_quality_100,0.95,-4.84633160023108,5.029910535983717,"[1, 7, 6, 6, 5, 7, 3, 4, 6, 4, 2, 11, 2, 0, 3, 4, 5, 1, 2, 7]","[13, 14, 11, 10, 12, 14, 14, 12, 15, 9, 8, 14, 15, 11, 14, 11, 10, 11, 15, 14]",0.6498840048840049,0.20022509875292352,0.3945900627200317,0.6431338786052518,0.46005545153042426,0.3945900627200317,-1.0,-1.0,0.059109311740890694,0.4093117408906883,0.43603238866396765,0.43603238866396765,-1.0,-1.0
yolov5su_dataset_3_exp_dataset_quality_101,0.29,0.9191218948584633,0.5916079783099616,"[-1, 0, 0, -2, 0, 0, 0, -1, -1, 0, 0, 0, 0, 0, 0, 0, 0, 0, 0, 0]","[13, 14, 11, 10, 12, 14, 14, 12, 15, 9, 8, 14, 15, 11, 14, 11, 10, 11, 15, 14]",0.9786538461538461,0.04908812635033501,0.5646329402061462,0.9445076645882112,0.7189934354384558,0.5646329402061462,-1.0,-1.0,0.05465587044534413,0.5133603238866397,0.637246963562753,0.637246963562753,-1.0,-1.0
yolov5su_dataset_3_exp_dataset_quality_101,0.4,0.9537839399191219,0.4472135954999579,"[-1, 0, 0, 0, 0, 0, 0, -1, -1, 0, 0, 1, 0, 0, 0, 0, 0, 0, 0, 0]","[13, 14, 11, 10, 12, 14, 14, 12, 15, 9, 8, 14, 15, 11, 14, 11, 10, 11, 15, 14]",0.9850824175824175,0.029964482445740435,0.5636941212246465,0.9351194747732139,0.7189934354384558,0.5636941212246465,-1.0,-1.0,0.05465587044534413,0.5133603238866397,0.6352226720647772,0.6352226720647772,-1.0,-1.0
yolov5su_dataset_3_exp_dataset_quality_101,0.5,0.8382437897169266,0.8366600265340756,"[0, 0, 1, 0, 0, 1, 0, -1, 2, 0, 0, 2, 1, 0, 0, 1, 1, 0, 0, 0]","[13, 14, 11, 10, 12, 14, 14, 12, 15, 9, 8, 14, 15, 11, 14, 11, 10, 11, 15, 14]",0.9610281385281384,0.05041313154154125,0.5491157574065666,0.9162718068738939,0.7028281092284155,0.5491157574065666,-1.0,-1.0,0.05465587044534413,0.5097165991902833,0.6182186234817812,0.6182186234817812,-1.0,-1.0
yolov5su_dataset_3_exp_dataset_quality_101,0.6,-0.9295205083766609,2.8896366553599777,"[1, 3, 1, 4, 2, 6, 0, 3, 6, 3, 0, 6, 1, 0, 1, 2, 2, 0, 0, 0]","[13, 14, 11, 10, 12, 14, 14, 12, 15, 9, 8, 14, 15, 11, 14, 11, 10, 11, 15, 14]",0.834541292041292,0.15554878226744642,0.4899425680856098,0.8002037461593224,0.6431815676636675,0.4899425680856098,-1.0,-1.0,0.05465587044534413,0.4793522267206477,0.5481781376518218,0.5481781376518218,-1.0,-1.0
yolov5su_dataset_3_exp_dataset_quality_101,0.7,-13.107561929595827,7.742568593241692,"[4, 8, 9, 10, 13, 6, 6, 12, 5, 4, 11, 5, 5, 9, 6, 7, 3, 5, 9]","[13, 14, 11, 12, 14, 14, 12, 15, 9, 8, 14, 15, 11, 14, 11, 10, 11, 15, 14]",0.4234654234654235,0.19177747140616763,0.24053674851347115,0.39151725983409147,0.316031576130586,0.24053674851347115,-1.0,-1.0,0.05182186234817815,0.26356275303643717,0.26356275303643717,0.26356275303643717,-1.0,-1.0
yolov5su_dataset_3_exp_dataset_quality_101,0.8,-51.74418604651163,11.905880899790658,"[11, 13, 11, 14, 14, 9, 9, 13]","[13, 14, 12, 15, 15, 11, 11, 15]",0.11736388611388612,0.04783204907539126,0.03287128712871287,0.04950495049504951,0.04455445544554455,0.03287128712871287,-1.0,-1.0,0.02145748987854251,0.031983805668016195,0.031983805668016195,0.031983805668016195,-1.0,-1.0
yolov5su_dataset_3_exp_dataset_quality_102,0.29,0.9075678798382438,0.6324555320336759,"[0, -1, 1, 0, 0, 0, 0, 0, 0, 0, 2, 1, 0, 0, 0, 1, 0, 0, 0, 0]","[13, 14, 11, 10, 12, 14, 14, 12, 15, 9, 8, 14, 15, 11, 14, 11, 10, 11, 15, 14]",0.9712662337662337,0.06029942819503071,0.6368472096124278,0.9461102652140212,0.7969288739247286,0.6368472096124278,-1.0,-1.0,0.06275303643724697,0.5688259109311741,0.6947368421052632,0.6947368421052632,-1.0,-1.0
yolov5su_dataset_3_exp_dataset_quality_102,0.4,0.7342576545349508,1.0723805294763609,"[0, 1, 2, 1, 0, 1, 0, 0, 1, 0, 2, 3, 1, 0, 0, 1, 0, 0, 0, 0]","[13, 14, 11, 10, 12, 14, 14, 12, 15, 9, 8, 14, 15, 11, 14, 11, 10, 11, 15, 14]",0.9443398268398269,0.07644362445412249,0.6215714306732051,0.9266801029432873,0.7708763737167245,0.6215714306732051,-1.0,-1.0,0.06275303643724697,0.5635627530364372,0.6785425101214575,0.6785425101214575,-1.0,-1.0
yolov5su_dataset_3_exp_dataset_quality_102,0.5,-2.9861351819757367,4.153311931459037,"[0, 2, 2, 9, 1, 5, 1, 2, 6, 1, 3, 11, 2, 0, 5, 3, 4, 0, 0, 2]","[13, 14, 11, 10, 12, 14, 14, 12, 15, 9, 8, 14, 15, 11, 14, 11, 10, 11, 15, 14]",0.7559433621933622,0.24186806251864248,0.5183032341824583,0.7502236706774558,0.6539605649137942,0.5183032341824583,-1.0,-1.0,0.06275303643724697,0.5020242914979757,0.5635627530364371,0.5635627530364371,-1.0,-1.0
yolov5su_dataset_3_exp_dataset_quality_102,0.6,-15.884905660377356,8.62371271858192,"[8, 9, 8, 9, 10, 12, 8, 9, 14, 8, 6, 7, 7, 10, 8, 6, 2, 6, 10]","[13, 14, 11, 10, 12, 14, 14, 12, 15, 9, 8, 15, 11, 14, 11, 10, 11, 15, 14]",0.3205087310350468,0.18143600225362896,0.21949849622698692,0.3069306930693069,0.2770293283198289,0.21949849622698692,-1.0,-1.0,0.06072874493927125,0.2331983805668016,0.2331983805668016,0.2331983805668016,-1.0,-1.0
yolov5su_dataset_3_exp_dataset_quality_102,0.7,,13.0,[13],[14],0.0714285714285714,0.0,0.007920792079207917,0.0099009900990099,0.0099009900990099,0.007920792079207917,-1.0,-1.0,0.0032388663967611335,0.0032388663967611335,0.0032388663967611335,0.0032388663967611335,-1.0,-1.0
yolov5su_dataset_3_exp_dataset_quality_103,0.29,0.8035817446562681,0.9219544457292888,"[-1, 0, 2, -1, 1, 1, 1, 0, 0, 0, 0, 1, 0, 0, -1, 2, -1, 0, 0, 1]","[13, 14, 11, 10, 12, 14, 14, 12, 15, 9, 8, 14, 15, 11, 14, 11, 10, 11, 15, 14]",0.9459482184482185,0.05746982207659046,0.45705671511914836,0.8540486946715395,0.4581654186658915,0.45705671511914836,-1.0,-1.0,0.04534412955465587,0.46558704453441296,0.5704453441295546,0.5704453441295546,-1.0,-1.0
yolov5su_dataset_3_exp_dataset_quality_103,0.4,-0.34026574234546514,2.4083189157584592,"[0, 1, 2, 1, 1, 2, 1, 0, 0, 1, 0, 2, 3, 0, 0, 5, 0, 1, 0, 8]","[13, 14, 11, 10, 12, 14, 14, 12, 15, 9, 8, 14, 15, 11, 14, 11, 10, 11, 15, 14]",0.8889141414141413,0.14966189705588503,0.42974372464207233,0.8078900874475188,0.43844572324333175,0.42974372464207233,-1.0,-1.0,0.04534412955465587,0.45060728744939277,0.5360323886639676,0.5360323886639676,-1.0,-1.0
yolov5su_dataset_3_exp_dataset_quality_103,0.5,-4.329559748427673,4.844964830680024,"[0, 7, 4, 9, 2, 7, 4, 3, 1, 4, 1, 8, 6, 1, 1, 5, 6, 4, 5]","[13, 14, 11, 10, 12, 14, 14, 12, 15, 9, 8, 14, 15, 11, 14, 11, 10, 11, 15]",0.6585573782942205,0.2208256197235506,0.2973009038188506,0.5673332039086262,0.29518151815181515,0.2973009038188506,-1.0,-1.0,0.04412955465587044,0.35425101214574894,0.37732793522267205,0.37732793522267205,-1.0,-1.0
yolov5su_dataset_3_exp_dataset_quality_103,0.6,-20.8314332247557,9.631443603237935,"[6, 13, 10, 7, 12, 13, 11, 10, 6, 5, 13, 13, 3, 6, 8, 10, 9]","[13, 14, 11, 12, 14, 14, 12, 15, 9, 8, 14, 15, 11, 14, 11, 11, 15]",0.27787359699124403,0.200083435872376,0.08906185569295846,0.18402185046090813,0.08415841584158416,0.08906185569295846,-1.0,-1.0,0.04089068825910931,0.12307692307692308,0.12307692307692308,0.12307692307692308,-1.0,-1.0
yolov5su_dataset_3_exp_dataset_quality_103,0.7,-44.0,10.606601717798213,"[10, 13, 9, 10]","[12, 15, 11, 14]",0.19188311688311688,0.05694193901978112,0.008498349834983498,0.022689768976897687,0.0,0.008498349834983498,-1.0,-1.0,0.003643724696356275,0.008097165991902832,0.008097165991902832,0.008097165991902832,-1.0,-1.0
yolov5su_dataset_3_exp_dataset_quality_104,0.29,0.7804737146158289,0.9746794344808963,"[0, 1, 1, 3, 0, 1, 0, 0, 2, 0, 1, 1, 0, 0, 0, 1, 0, 0, 0, 0]","[13, 14, 11, 10, 12, 14, 14, 12, 15, 9, 8, 14, 15, 11, 14, 11, 10, 11, 15, 14]",0.9522781385281386,0.07405751298815043,0.6295222974093356,0.9282112425557012,0.7488339429309981,0.6295222974093356,-1.0,-1.0,0.06477732793522266,0.5732793522267207,0.6805668016194332,0.6805668016194332,-1.0,-1.0
yolov5su_dataset_3_exp_dataset_quality_104,0.4,-2.269786250722126,3.7616485747608057,"[1, 2, 3, 8, 2, 5, 0, 1, 9, 3, 1, 6, 1, 1, 1, 4, 5, 0, 0, 2]","[13, 14, 11, 10, 12, 14, 14, 12, 15, 9, 8, 14, 15, 11, 14, 11, 10, 11, 15, 14]",0.7688973526473527,0.21513602156237788,0.5454082414118413,0.7710396039603961,0.6696914701134192,0.5454082414118413,-1.0,-1.0,0.06477732793522266,0.517004048582996,0.5866396761133603,0.5866396761133603,-1.0,-1.0
yolov5su_dataset_3_exp_dataset_quality_104,0.5,-12.04237288135593,7.444531726816599,"[8, 7, 9, 8, 10, 5, 6, 12, 5, 2, 12, 6, 3, 9, 7, 6, 0, 5, 9]","[13, 14, 11, 12, 14, 14, 12, 15, 9, 8, 14, 15, 11, 14, 11, 10, 11, 15, 14]",0.4651316519737572,0.2149096301441729,0.32412656185812183,0.43564356435643564,0.4117967471168014,0.32412656185812183,-1.0,-1.0,0.06153846153846153,0.3412955465587045,0.34372469635627534,0.34372469635627534,-1.0,-1.0
yolov5su_dataset_3_exp_dataset_quality_104,0.6,-37.08467741935484,11.222002198063112,"[12, 13, 9, 10, 13, 13, 11, 8, 14, 13, 9, 8, 7, 13, 12]","[13, 14, 11, 12, 14, 14, 12, 9, 15, 14, 11, 10, 11, 15, 14]",0.1329252229252229,0.07717253131476656,0.07722746653547342,0.09900990099009901,0.09900990099009901,0.07722746653547342,-1.0,-1.0,0.04898785425101214,0.07975708502024291,0.07975708502024291,0.07975708502024291,-1.0,-1.0
yolov5su_dataset_3_exp_dataset_quality_105,0.29,-0.3518197573656847,2.4186773244895647,"[-7, -2, -1, -5, 1, -1, -1, 0, -2, -3, 1, -1, 0, -1, -2, -1, -3, -2, -1, 0]","[13, 14, 11, 10, 12, 14, 14, 12, 15, 9, 8, 14, 15, 11, 14, 11, 10, 11, 15, 14]",0.8482663170163172,0.14821522927710598,0.4231993333417325,0.8783856861940084,0.345485961808894,0.4231993333417325,-1.0,-1.0,0.03967611336032388,0.4340080971659919,0.5275303643724696,0.5275303643724696,-1.0,-1.0
yolov5su_dataset_3_exp_dataset_quality_105,0.4,0.3067590987868284,1.7320508075688772,"[-5, -2, 1, -3, 1, 0, -1, 0, -1, -2, 1, -1, 0, 0, -1, 0, -3, -1, -1, 0]","[13, 14, 11, 10, 12, 14, 14, 12, 15, 9, 8, 14, 15, 11, 14, 11, 10, 11, 15, 14]",0.8956267343767343,0.11025826120123189,0.4231993333417325,0.8783856861940084,0.345485961808894,0.4231993333417325,-1.0,-1.0,0.03967611336032388,0.4340080971659919,0.5275303643724696,0.5275303643724696,-1.0,-1.0
yolov5su_dataset_3_exp_dataset_quality_105,0.5,0.48006932409012126,1.5,"[-3, -2, 2, -3, 1, 0, -1, 0, -1, -2, 1, 0, 0, 0, -1, 0, -3, -1, 0, 0]","[13, 14, 11, 10, 12, 14, 14, 12, 15, 9, 8, 14, 15, 11, 14, 11, 10, 11, 15, 14]",0.9056783494283493,0.10090939659526983,0.421525505581598,0.869867098486181,0.345485961808894,0.421525505581598,-1.0,-1.0,0.03967611336032388,0.4319838056680162,0.5255060728744939,0.5255060728744939,-1.0,-1.0
yolov5su_dataset_3_exp_dataset_quality_105,0.6,0.48006932409012126,1.5,"[-3, -2, 3, -3, 1, 0, 0, 0, 0, -2, 1, 1, 0, 0, -1, 1, -2, -1, 0, 0]","[13, 14, 11, 10, 12, 14, 14, 12, 15, 9, 8, 14, 15, 11, 14, 11, 10, 11, 15, 14]",0.9049207736707737,0.09897644886118488,0.421525505581598,0.869867098486181,0.345485961808894,0.421525505581598,-1.0,-1.0,0.03967611336032388,0.43157894736842106,0.5246963562753036,0.5246963562753036,-1.0,-1.0
yolov5su_dataset_3_exp_dataset_quality_105,0.7,0.6187175043327556,1.284523257866513,"[-2, -1, 3, -2, 1, 0, 1, 0, 2, -1, 2, 1, 0, 0, -1, 1, -1, 0, 0, 0]","[13, 14, 11, 10, 12, 14, 14, 12, 15, 9, 8, 14, 15, 11, 14, 11, 10, 11, 15, 14]",0.9159512709512712,0.08216007380661504,0.41913615055375664,0.8607743524768862,0.345485961808894,0.41913615055375664,-1.0,-1.0,0.03967611336032388,0.43157894736842106,0.5226720647773279,0.5226720647773279,-1.0,-1.0
yolov5su_dataset_3_exp_dataset_quality_105,0.8,0.01790872328134019,2.0615528128088303,"[-1, 1, 3, -1, 1, 2, 1, 1, 5, -1, 3, 4, 1, 0, 0, 3, 1, 0, 2, 0]","[13, 14, 11, 10, 12, 14, 14, 12, 15, 9, 8, 14, 15, 11, 14, 11, 10, 11, 15, 14]",0.8710041347541347,0.1127644945284173,0.3943292250683699,0.7966905727360977,0.33996268220820663,0.3943292250683699,-1.0,-1.0,0.03967611336032388,0.4271255060728745,0.49271255060728747,0.49271255060728747,-1.0,-1.0
yolov5su_dataset_3_exp_dataset_quality_105,0.9,-4.534373194685153,4.893873721296862,"[2, 5, 4, 8, 4, 4, 3, 3, 10, 1, 3, 10, 4, 1, 5, 4, 1, 1, 7, 1]","[13, 14, 11, 10, 12, 14, 14, 12, 15, 9, 8, 14, 15, 11, 14, 11, 10, 11, 15, 14]",0.6783809246309246,0.20539694361108743,0.3094672936248921,0.6172611237027319,0.27293154893946786,0.3094672936248921,-1.0,-1.0,0.03967611336032388,0.37165991902834006,0.38704453441295544,0.38704453441295544,-1.0,-1.0
yolov5su_dataset_3_exp_dataset_quality_105,0.95,-19.151890482398954,9.253733243797793,"[7, 11, 8, 9, 12, 10, 9, 11, 4, 4, 13, 12, 9, 9, 7, 8, 5, 11, 10]","[13, 14, 11, 12, 14, 14, 12, 15, 9, 8, 14, 15, 11, 14, 11, 10, 11, 15, 14]",0.29848455637929316,0.13089757990445894,0.12310469663836782,0.24360965508315538,0.1100757134536983,0.12310469663836782,-1.0,-1.0,0.03643724696356275,0.15465587044534412,0.15465587044534412,0.15465587044534412,-1.0,-1.0
yolov5su_dataset_3_exp_dataset_quality_106,0.29,-0.8833044482957828,2.8548204847240397,"[0, 3, 2, 7, 1, 5, 0, 0, 6, 0, 2, 5, 2, 0, 0, 1, 2, 0, 0, 1]","[13, 14, 11, 10, 12, 14, 14, 12, 15, 9, 8, 14, 15, 11, 14, 11, 10, 11, 15, 14]",0.848030303030303,0.18203999688394995,0.5674049173205733,0.8274468797289372,0.7190953770766485,0.5674049173205733,-1.0,-1.0,0.06356275303643724,0.5360323886639676,0.6178137651821862,0.6178137651821862,-1.0,-1.0
yolov5su_dataset_3_exp_dataset_quality_106,0.4,-8.26632004621606,6.332456079595025,"[2, 8, 6, 9, 4, 11, 4, 5, 10, 3, 2, 12, 7, 1, 6, 6, 5, 1, 3, 5]","[13, 14, 11, 10, 12, 14, 14, 12, 15, 9, 8, 14, 15, 11, 14, 11, 10, 11, 15, 14]",0.561052281052281,0.23170250479690033,0.3854132459483909,0.5527209655272096,0.49301363254214325,0.3854132459483909,-1.0,-1.0,0.06356275303643724,0.40647773279352223,0.4149797570850202,0.4149797570850202,-1.0,-1.0
yolov5su_dataset_3_exp_dataset_quality_106,0.5,-19.631578947368414,9.38083151964686,"[10, 9, 11, 11, 11, 8, 7, 10, 8, 8, 8, 9, 9, 11]","[13, 11, 12, 14, 12, 9, 8, 15, 11, 11, 10, 11, 15, 14]",0.20746733425304856,0.0887774736892234,0.10858888151258565,0.1485148514851485,0.13696369636963696,0.10858888151258565,-1.0,-1.0,0.044939271255060725,0.11295546558704453,0.11295546558704453,0.11295546558704453,-1.0,-1.0
yolov5su_dataset_3_exp_dataset_quality_106,0.6,-58.77777777777778,11.597413504743201,"[10, 13]","[11, 14]",0.08116883116883117,0.009740259740259771,0.008415841584158416,0.009900990099009901,0.009900990099009901,0.008415841584158416,-1.0,-1.0,0.006882591093117408,0.006882591093117408,0.006882591093117408,0.006882591093117408,-1.0,-1.0
yolov5su_dataset_3_exp_dataset_quality_107,0.29,-0.45580589254766046,2.5099800796022267,"[2, 4, 3, 3, 2, 2, 1, 0, 4, 1, 2, 5, 2, 0, 0, 4, 2, 0, 0, 3]","[13, 14, 11, 10, 12, 14, 14, 12, 15, 9, 8, 14, 15, 11, 14, 11, 10, 11, 15, 14]",0.835529193029193,0.12070457177870084,0.4638490212983149,0.7984734959775411,0.5254920770334843,0.4638490212983149,-1.0,-1.0,0.051821862348178135,0.4894736842105264,0.5497975708502024,0.5497975708502024,-1.0,-1.0
yolov5su_dataset_3_exp_dataset_quality_107,0.4,-10.669555170421722,7.106335201775948,"[8, 11, 7, 8, 7, 6, 7, 7, 9, 5, 6, 9, 8, 6, 4, 6, 7, 5, 4, 8]","[13, 14, 11, 10, 12, 14, 14, 12, 15, 9, 8, 14, 15, 11, 14, 11, 10, 11, 15, 14]",0.4308144633144633,0.13703436752719117,0.25780808221010093,0.43092676240101074,0.30270687619220643,0.25780808221010093,-1.0,-1.0,0.051821862348178135,0.30121457489878545,0.3048582995951417,0.3048582995951417,-1.0,-1.0
yolov5su_dataset_3_exp_dataset_quality_107,0.5,-24.583061889250814,10.426211313460954,"[11, 13, 9, 9, 11, 11, 11, 14, 5, 6, 10, 9, 13, 8, 7, 12, 13]","[13, 14, 11, 12, 14, 14, 12, 15, 9, 8, 15, 11, 14, 11, 11, 15, 14]",0.2014400632047691,0.10812355379078031,0.09573885985526266,0.16831683168316833,0.10282225465388534,0.09573885985526266,-1.0,-1.0,0.04696356275303643,0.11214574898785426,0.11214574898785426,0.11214574898785426,-1.0,-1.0
yolov5su_dataset_3_exp_dataset_quality_107,0.6,-23.857142857142858,11.423659658795863,"[10, 13, 7, 14, 10, 13]","[11, 14, 9, 15, 11, 15]",0.11257816257816257,0.05353012947695118,0.02108085808580858,0.039603960396039604,0.024752475247524754,0.02108085808580858,-1.0,-1.0,0.015789473684210527,0.020242914979757085,0.020242914979757085,0.020242914979757085,-1.0,-1.0
yolov5su_dataset_3_exp_dataset_quality_107,0.7,,13.0,[13],[14],0.0714285714285714,0.0,0.00198019801980198,0.0099009900990099,0.0,0.00198019801980198,-1.0,-1.0,0.0008097165991902834,0.0008097165991902834,0.0008097165991902834,0.0008097165991902834,-1.0,-1.0
yolov5su_dataset_3_exp_dataset_quality_109,0.29,-16.60039113428944,8.64809075369879,"[4, 11, 9, 8, 9, 9, 10, 13, 8, 6, 13, 7, 5, 3, 8, 7, 5, 7, 13]","[13, 14, 11, 12, 14, 14, 12, 15, 9, 8, 14, 15, 11, 14, 11, 10, 11, 15, 14]",0.33979032663243186,0.2060978417906085,0.15035334286265886,0.2981163970055542,0.12021340647578271,0.15035334286265886,-1.0,-1.0,0.0388663967611336,0.18461538461538463,0.18663967611336033,0.18663967611336033,-1.0,-1.0
yolov5su_dataset_3_exp_dataset_quality_109,0.4,-18.928571428571427,10.072464715974212,"[7, 9, 13, 8, 7, 13, 10, 11, 9, 8, 13]","[13, 11, 14, 9, 8, 15, 11, 14, 11, 11, 15]",0.1797548411184775,0.10483532230388284,0.035726072607260725,0.07920792079207921,0.01608910891089109,0.035726072607260725,-1.0,-1.0,0.02145748987854251,0.044534412955465584,0.044534412955465584,0.044534412955465584,-1.0,-1.0
yolov5su_dataset_3_exp_dataset_quality_109,0.5,-26.019230769230774,10.601886624558858,"[11, 9, 8, 14, 10]","[13, 11, 9, 15, 11]",0.1208702408702409,0.041792345996560454,0.009830268741159831,0.024045261669024046,0.0049504950495049506,0.009830268741159831,-1.0,-1.0,0.007692307692307693,0.009716599190283401,0.009716599190283401,0.009716599190283401,-1.0,-1.0
yolov5su_dataset_3_exp_dataset_quality_110,0.29,-39.868735083532215,10.90489186863706,"[11, 10, 9, 12, 14, 10, 11, 9, 9, 8, 13, 13]","[13, 11, 12, 14, 15, 11, 14, 11, 10, 11, 15, 14]",0.14739843489843488,0.06650237560087022,0.056553512494106555,0.0891089108910891,0.06977840641206978,0.056553512494106555,-1.0,-1.0,0.03319838056680162,0.058704453441295545,0.058704453441295545,0.058704453441295545,-1.0,-1.0
yolov5su_dataset_3_exp_dataset_quality_110,0.4,,13.0,[13],[14],0.0714285714285714,0.0,0.007920792079207917,0.0099009900990099,0.0099009900990099,0.007920792079207917,-1.0,-1.0,0.0032388663967611335,0.0032388663967611335,0.0032388663967611335,0.0032388663967611335,-1.0,-1.0
yolov5su_dataset_3_exp_dataset_quality_111,0.29,-42.173913043478265,10.503967504392486,"[12, 13, 11, 8, 8, 10]","[13, 14, 12, 9, 11, 11]",0.11773874273874274,0.07045031687343539,0.01881188118811881,0.039603960396039604,0.017326732673267325,0.01881188118811881,-1.0,-1.0,0.012550607287449392,0.01862348178137652,0.01862348178137652,0.01862348178137652,-1.0,-1.0
yolov5su_dataset_3_exp_dataset_quality_112,0.29,-7.942807625649914,6.220932405998316,"[8, 8, 6, 6, 6, 11, 6, 4, 8, 3, 3, 7, 4, 3, 5, 6, 7, 5, 5, 7]","[13, 14, 11, 10, 12, 14, 14, 12, 15, 9, 8, 14, 15, 11, 14, 11, 10, 11, 15, 14]",0.5224288211788212,0.13745228182818917,0.1685025142854524,0.447621248923463,0.0910950146418598,0.1685025142854524,-1.0,-1.0,0.03724696356275303,0.21821862348178134,0.2186234817813765,0.2186234817813765,-1.0,-1.0
yolov5su_dataset_3_exp_dataset_quality_112,0.4,-21.079722703639515,9.77496803063826,"[12, 10, 10, 9, 6, 13, 13, 8, 9, 7, 7, 12, 12, 5, 13, 9, 8, 7, 7, 12]","[13, 14, 11, 10, 12, 14, 14, 12, 15, 9, 8, 14, 15, 11, 14, 11, 10, 11, 15, 14]",0.23291722166722167,0.15657286971100773,0.08481621670874719,0.2230179283697924,0.05810776841483891,0.08481621670874719,-1.0,-1.0,0.03724696356275303,0.10607287449392713,0.10607287449392713,0.10607287449392713,-1.0,-1.0
yolov5su_dataset_3_exp_dataset_quality_112,0.5,-20.676300578034684,10.206207261596576,"[13, 10, 9, 10, 13, 9, 12, 7, 7, 8, 10, 12]","[14, 11, 10, 12, 14, 12, 15, 9, 8, 11, 11, 15]",0.15510762385762383,0.06934104521842681,0.03866053379740043,0.08775877587758775,0.0315031503150315,0.03866053379740043,-1.0,-1.0,0.025101214574898785,0.044939271255060725,0.044939271255060725,0.044939271255060725,-1.0,-1.0
yolov5su_dataset_3_exp_dataset_quality_112,0.6,-27.315315315315313,11.326328367379885,"[13, 10, 10, 14, 8, 10, 13]","[14, 11, 12, 15, 9, 11, 15]",0.10443207586064729,0.0330243117556899,0.016584158415841585,0.039603960396039604,0.013613861386138614,0.016584158415841585,-1.0,-1.0,0.01376518218623482,0.015384615384615385,0.015384615384615385,0.015384615384615385,-1.0,-1.0
yolov5su_dataset_3_exp_dataset_quality_112,0.7,-52.653846153846146,12.449899597988733,"[13, 10, 14]","[14, 11, 15]",0.07633477633477632,0.010487354869037034,0.00891089108910891,0.019801980198019802,0.009900990099009901,0.00891089108910891,-1.0,-1.0,0.006072874493927126,0.006072874493927126,0.006072874493927126,0.006072874493927126,-1.0,-1.0
yolov8n_dataset_1_exp_dataset_quality_115,0.29,0.9592894152479645,0.7416198487095663,"[0, 0, 1, 0, 0, -1, 0, 0, 0, 0, 2, -1, 0, -1, 0, 1, -1, 0, 0, -1]","[9, 8, 7, 15, 15, 13, 14, 7, 15, 7, 16, 13, 15, 7, 16, 16, 13, 8, 14, 6]",0.9564674908424907,0.05829890501860155,0.6272470682754203,0.957546510926339,0.776925260451794,0.6272470682754203,-1.0,-1.0,0.0594017094017094,0.5538461538461539,0.717094017094017,0.717094017094017,-1.0,-1.0
yolov8n_dataset_1_exp_dataset_quality_115,0.4,0.9629903774981495,0.7071067811865476,"[0, 0, 1, 0, 0, 0, 0, 0, 0, 0, 2, -1, 0, -1, 0, 1, -1, 0, 0, -1]","[9, 8, 7, 15, 15, 13, 14, 7, 15, 7, 16, 13, 15, 7, 16, 16, 13, 8, 14, 6]",0.9603136446886447,0.05850621243809688,0.6272470682754203,0.957546510926339,0.776925260451794,0.6272470682754203,-1.0,-1.0,0.0594017094017094,0.5538461538461539,0.717094017094017,0.717094017094017,-1.0,-1.0
yolov8n_dataset_1_exp_dataset_quality_115,0.5,0.9666913397483345,0.6708203932499369,"[0, 0, 1, 0, 0, 0, 0, 0, 0, 0, 2, -1, 0, 0, 0, 1, -1, 0, 0, -1]","[9, 8, 7, 15, 15, 13, 14, 7, 15, 7, 16, 13, 15, 7, 16, 16, 13, 8, 14, 6]",0.9674565018315018,0.054023108531835826,0.6272470682754203,0.957546510926339,0.776925260451794,0.6272470682754203,-1.0,-1.0,0.0594017094017094,0.5538461538461539,0.717094017094017,0.717094017094017,-1.0,-1.0
yolov8n_dataset_1_exp_dataset_quality_115,0.6,0.9666913397483345,0.6708203932499369,"[0, 0, 1, 0, 0, 0, 0, 0, 0, 0, 2, 0, 0, 0, 1, 1, -1, 0, 0, -1]","[9, 8, 7, 15, 15, 13, 14, 7, 15, 7, 16, 13, 15, 7, 16, 16, 13, 8, 14, 6]",0.9681776556776557,0.053519794862742484,0.6245034769328403,0.9478303952313852,0.7682565824251931,0.6245034769328403,-1.0,-1.0,0.0594017094017094,0.5538461538461539,0.714102564102564,0.714102564102564,-1.0,-1.0
yolov8n_dataset_1_exp_dataset_quality_115,0.7,0.9629903774981495,0.7071067811865476,"[0, 0, 1, 0, 0, 0, 1, 0, 0, 0, 2, 0, 0, 0, 1, 1, -1, 0, 0, -1]","[9, 8, 7, 15, 15, 13, 14, 7, 15, 7, 16, 13, 15, 7, 16, 16, 13, 8, 14, 6]",0.964606227106227,0.05366016140005759,0.6225860962456132,0.9478164186784503,0.7681261345978014,0.6225860962456132,-1.0,-1.0,0.0594017094017094,0.5538461538461539,0.7106837606837606,0.7106837606837606,-1.0,-1.0
yolov8n_dataset_1_exp_dataset_quality_115,0.8,0.5225758697261288,2.539685019840059,"[1, 3, 2, 2, 3, 0, 2, 1, 1, 4, 4, 3, 0, 0, 4, 3, 5, 0, 2, -1]","[9, 8, 7, 15, 15, 13, 14, 7, 15, 7, 16, 13, 15, 7, 16, 16, 13, 8, 14, 6]",0.8179311660561661,0.14330333390987482,0.5291877522688229,0.8025301509212399,0.6456827865840705,0.5291877522688229,-1.0,-1.0,0.0594017094017094,0.5158119658119659,0.6038461538461539,0.6038461538461539,-1.0,-1.0
yolov8n_dataset_1_exp_dataset_quality_115,0.9,-13.974514563106798,12.342339054382412,"[13, 6, 14, 15, 12, 14, 15, 6, 12]","[15, 7, 15, 16, 13, 15, 16, 8, 14]",0.11158933658933656,0.05929496193378231,0.03709270927092709,0.0594059405940594,0.04372937293729373,0.03709270927092709,-1.0,-1.0,0.025641025641025644,0.03717948717948717,0.03717948717948717,0.03717948717948717,-1.0,-1.0
yolov8n_dataset_1_exp_dataset_quality_116,0.29,0.9629903774981495,0.7071067811865476,"[0, 0, 1, 0, 0, 0, 0, 0, 0, 0, 2, -1, -1, 0, 1, 1, 1, 0, 0, 0]","[9, 8, 7, 15, 15, 13, 14, 7, 15, 7, 16, 13, 15, 7, 16, 16, 13, 8, 14, 6]",0.9693315018315019,0.045449582857356494,0.6428564299182792,0.9313568383486315,0.7508408401368876,0.6428564299182792,-1.0,-1.0,0.060683760683760676,0.5666666666666667,0.735897435897436,0.735897435897436,-1.0,-1.0
yolov8n_dataset_1_exp_dataset_quality_116,0.4,0.9629903774981495,0.7071067811865476,"[0, 0, 1, 0, 0, 0, 0, 0, 0, 0, 2, -1, -1, 0, 1, 1, 1, 0, 0, 0]","[9, 8, 7, 15, 15, 13, 14, 7, 15, 7, 16, 13, 15, 7, 16, 16, 13, 8, 14, 6]",0.9693315018315019,0.045449582857356494,0.6428564299182792,0.9313568383486315,0.7508408401368876,0.6428564299182792,-1.0,-1.0,0.060683760683760676,0.5666666666666667,0.735897435897436,0.735897435897436,-1.0,-1.0
yolov8n_dataset_1_exp_dataset_quality_116,0.5,0.9629903774981495,0.7071067811865476,"[0, 0, 1, 0, 0, 0, 0, 0, 0, 0, 2, -1, -1, 0, 1, 1, 1, 0, 0, 0]","[9, 8, 7, 15, 15, 13, 14, 7, 15, 7, 16, 13, 15, 7, 16, 16, 13, 8, 14, 6]",0.9693315018315019,0.045449582857356494,0.6428564299182792,0.9313568383486315,0.7508408401368876,0.6428564299182792,-1.0,-1.0,0.060683760683760676,0.5666666666666667,0.735897435897436,0.735897435897436,-1.0,-1.0
yolov8n_dataset_1_exp_dataset_quality_116,0.6,0.9370836417468542,0.9219544457292888,"[0, 2, 1, 0, 0, 0, 0, 0, 0, 0, 2, -1, -1, 0, 2, 1, 1, 0, 0, 0]","[9, 8, 7, 15, 15, 13, 14, 7, 15, 7, 16, 13, 15, 7, 16, 16, 13, 8, 14, 6]",0.9537065018315019,0.06763187775851079,0.6373718768661535,0.921700481025483,0.7508408401368876,0.6373718768661535,-1.0,-1.0,0.060683760683760676,0.5615384615384615,0.7290598290598291,0.7290598290598291,-1.0,-1.0
yolov8n_dataset_1_exp_dataset_quality_116,0.7,0.03404885270170244,3.6124783736376886,"[0, 5, 1, 2, 5, 1, 6, 1, 2, 3, 5, 1, 1, 0, 7, 3, 8, 1, 1, 2]","[9, 8, 7, 15, 15, 13, 14, 7, 15, 7, 16, 13, 15, 7, 16, 16, 13, 8, 14, 6]",0.7664491758241758,0.18782559373781238,0.5007628323106482,0.7273479313453078,0.5857514098685767,0.5007628323106482,-1.0,-1.0,0.060683760683760676,0.5034188034188033,0.5696581196581196,0.5696581196581196,-1.0,-1.0
yolov8n_dataset_1_exp_dataset_quality_116,0.8,-7.513384321223709,10.265700920278917,"[8, 6, 14, 14, 12, 6, 14, 15, 6, 10, 4, 2, 11]","[9, 7, 15, 15, 14, 7, 15, 16, 13, 15, 7, 8, 14]",0.23591035033342725,0.2076342039153036,0.0940624052196508,0.13081308130813082,0.11431143114311429,0.0940624052196508,-1.0,-1.0,0.037606837606837605,0.10512820512820512,0.10512820512820512,0.10512820512820512,-1.0,-1.0
yolov8n_dataset_1_exp_dataset_quality_117,0.29,0.9703923019985197,0.6324555320336759,"[0, 0, 1, 0, 0, 0, 0, 0, 0, 0, 2, -1, 0, 0, 1, 0, -1, 0, 0, 0]","[9, 8, 7, 15, 15, 13, 14, 7, 15, 7, 16, 13, 15, 7, 16, 16, 13, 8, 14, 6]",0.9757898351648352,0.044749911265284256,0.7041178989468511,0.9755858344455136,0.874645122048186,0.7041178989468511,-1.0,-1.0,0.062393162393162394,0.5974358974358973,0.7709401709401709,0.7709401709401709,-1.0,-1.0
yolov8n_dataset_1_exp_dataset_quality_117,0.4,0.9703923019985197,0.6324555320336759,"[0, 0, 1, 0, 0, 0, 0, 0, 0, 0, 2, -1, 0, 0, 1, 0, -1, 0, 0, 0]","[9, 8, 7, 15, 15, 13, 14, 7, 15, 7, 16, 13, 15, 7, 16, 16, 13, 8, 14, 6]",0.9757898351648352,0.044749911265284256,0.7041178989468511,0.9755858344455136,0.874645122048186,0.7041178989468511,-1.0,-1.0,0.062393162393162394,0.5974358974358973,0.7709401709401709,0.7709401709401709,-1.0,-1.0
yolov8n_dataset_1_exp_dataset_quality_117,0.5,0.9703923019985197,0.6324555320336759,"[0, 0, 1, 0, 0, 0, 0, 0, 0, 0, 2, -1, 0, 0, 1, 0, -1, 0, 0, 0]","[9, 8, 7, 15, 15, 13, 14, 7, 15, 7, 16, 13, 15, 7, 16, 16, 13, 8, 14, 6]",0.9757898351648352,0.044749911265284256,0.7041178989468511,0.9755858344455136,0.874645122048186,0.7041178989468511,-1.0,-1.0,0.062393162393162394,0.5974358974358973,0.7709401709401709,0.7709401709401709,-1.0,-1.0
yolov8n_dataset_1_exp_dataset_quality_117,0.6,0.9703923019985197,0.6324555320336759,"[0, 0, 1, 0, 0, 0, 0, 0, 0, 0, 2, -1, 0, 0, 1, 0, -1, 0, 0, 0]","[9, 8, 7, 15, 15, 13, 14, 7, 15, 7, 16, 13, 15, 7, 16, 16, 13, 8, 14, 6]",0.9757898351648352,0.044749911265284256,0.7041178989468511,0.9755858344455136,0.874645122048186,0.7041178989468511,-1.0,-1.0,0.062393162393162394,0.5974358974358973,0.7709401709401709,0.7709401709401709,-1.0,-1.0
yolov8n_dataset_1_exp_dataset_quality_117,0.7,0.7594374537379719,1.8027756377319946,"[0, 3, 1, 2, 0, 0, 0, 0, 0, 0, 4, 0, 0, 0, 5, 0, 3, 0, 0, 1]","[9, 8, 7, 15, 15, 13, 14, 7, 15, 7, 16, 13, 15, 7, 16, 16, 13, 8, 14, 6]",0.9194436813186814,0.12046015878724398,0.6636536458377454,0.9067004374856094,0.8280566428735897,0.6636536458377454,-1.0,-1.0,0.062393162393162394,0.5854700854700854,0.7269230769230769,0.7269230769230769,-1.0,-1.0
yolov8n_dataset_1_exp_dataset_quality_117,0.8,-6.752711496746204,9.963823451756749,"[5, 5, 13, 13, 12, 10, 6, 11, 13, 7, 12, 2, 15, 14, 12, 3, 7, 3]","[9, 7, 15, 15, 13, 14, 7, 15, 16, 13, 15, 7, 16, 16, 13, 8, 14, 6]",0.29009632342965674,0.19627558138682494,0.17509881388110923,0.23355728429985853,0.21216407355021216,0.17509881388110923,-1.0,-1.0,0.05555555555555556,0.19102564102564104,0.19102564102564104,0.19102564102564104,-1.0,-1.0
yolov8n_dataset_1_exp_dataset_quality_118,0.29,0.9555884529977794,0.7745966692414834,"[0, 0, 1, 0, 0, 0, 0, -1, 0, 0, 2, -1, -1, 0, 1, 1, -1, 0, 0, -1]","[9, 8, 7, 15, 15, 13, 14, 7, 15, 7, 16, 13, 15, 7, 16, 16, 13, 8, 14, 6]",0.9538553113553114,0.057325266016459334,0.5715358731800414,0.9432151471111277,0.6607954864673007,0.5715358731800414,-1.0,-1.0,0.05726495726495726,0.5123931623931623,0.655982905982906,0.655982905982906,-1.0,-1.0
yolov8n_dataset_1_exp_dataset_quality_118,0.4,0.9518874907475944,0.806225774829855,"[0, 0, 1, 0, 0, 0, 0, -1, 0, 0, 2, -1, -1, 1, 1, 1, -1, 0, 0, -1]","[9, 8, 7, 15, 15, 13, 14, 7, 15, 7, 16, 13, 15, 7, 16, 16, 13, 8, 14, 6]",0.9467124542124541,0.05996969268871238,0.5715358731800414,0.9432151471111277,0.6607954864673007,0.5715358731800414,-1.0,-1.0,0.05726495726495726,0.5123931623931623,0.655982905982906,0.655982905982906,-1.0,-1.0
yolov8n_dataset_1_exp_dataset_quality_118,0.5,0.9481865284974094,0.8366600265340756,"[0, 1, 1, 0, 0, 0, 0, -1, 0, 0, 2, -1, -1, 1, 1, 1, -1, 0, 0, -1]","[9, 8, 7, 15, 15, 13, 14, 7, 15, 7, 16, 13, 15, 7, 16, 16, 13, 8, 14, 6]",0.9404624542124541,0.06060080213028768,0.5687691237731191,0.9432138649790667,0.6607954864673007,0.5687691237731191,-1.0,-1.0,0.05726495726495726,0.5102564102564102,0.6538461538461539,0.6538461538461539,-1.0,-1.0
yolov8n_dataset_1_exp_dataset_quality_118,0.6,0.8889711324944486,1.224744871391589,"[1, 2, 1, 1, 1, 0, 1, -1, 0, 0, 3, 1, -1, 1, 1, 2, -1, 0, 1, 1]","[9, 8, 7, 15, 15, 13, 14, 7, 15, 7, 16, 13, 15, 7, 16, 16, 13, 8, 14, 6]",0.9085973748473748,0.06588565222521113,0.5409991399276939,0.8950407980471862,0.6290968308802911,0.5409991399276939,-1.0,-1.0,0.05726495726495726,0.5012820512820512,0.6222222222222221,0.6222222222222221,-1.0,-1.0
yolov8n_dataset_1_exp_dataset_quality_118,0.7,-0.09918578830495939,3.8535697735995385,"[1, 4, 2, 4, 2, 2, 8, 2, 2, 4, 6, 3, 1, 3, 8, 2, 4, 0, 4, 3]","[9, 8, 7, 15, 15, 13, 14, 7, 15, 7, 16, 13, 15, 7, 16, 16, 13, 8, 14, 6]",0.7084004884004884,0.17063580705984632,0.43012786614992027,0.6910188060226141,0.5233711617697842,0.43012786614992027,-1.0,-1.0,0.05726495726495726,0.44914529914529916,0.4940170940170939,0.4940170940170939,-1.0,-1.0
yolov8n_dataset_1_exp_dataset_quality_118,0.8,-8.962935507783543,11.593101396951552,"[14, 6, 14, 15, 11, 14, 6, 12, 13, 5]","[15, 7, 15, 16, 13, 15, 7, 13, 14, 6]",0.10170787545787544,0.04132385264356517,0.029664395010929663,0.04770477047704771,0.035489263212035486,0.029664395010929663,-1.0,-1.0,0.028205128205128206,0.028205128205128206,0.028205128205128206,0.028205128205128206,-1.0,-1.0
yolov8n_dataset_1_exp_dataset_quality_119,0.29,0.9592894152479645,0.7416198487095663,"[0, 0, 1, 0, 0, 0, 0, 0, -1, 0, 2, -1, 0, -1, 1, 1, -1, 0, 0, 0]","[9, 8, 7, 15, 15, 13, 14, 7, 15, 7, 16, 13, 15, 7, 16, 16, 13, 8, 14, 6]",0.9621886446886447,0.050960091587463195,0.5152106313249041,0.9568899146118451,0.46798041145292224,0.5152106313249041,-1.0,-1.0,0.05,0.452991452991453,0.5982905982905982,0.5982905982905982,-1.0,-1.0
yolov8n_dataset_1_exp_dataset_quality_119,0.4,0.9629903774981495,0.7071067811865476,"[0, 0, 1, 0, 0, 0, 0, 0, -1, 0, 2, -1, 0, 0, 1, 1, -1, 0, 0, 0]","[9, 8, 7, 15, 15, 13, 14, 7, 15, 7, 16, 13, 15, 7, 16, 16, 13, 8, 14, 6]",0.9693315018315019,0.045449582857356494,0.5152106313249041,0.9568899146118451,0.46798041145292224,0.5152106313249041,-1.0,-1.0,0.05,0.452991452991453,0.5982905982905982,0.5982905982905982,-1.0,-1.0
yolov8n_dataset_1_exp_dataset_quality_119,0.5,0.9370836417468542,0.9219544457292888,"[1, 0, 1, 0, 0, 0, 1, 0, -1, 0, 3, -1, 0, 0, 1, 1, -1, 0, 0, 0]","[9, 8, 7, 15, 15, 13, 14, 7, 15, 7, 16, 13, 15, 7, 16, 16, 13, 8, 14, 6]",0.9570795177045177,0.05489081938517306,0.5077376990875516,0.9374839516544594,0.4547506401999349,0.5077376990875516,-1.0,-1.0,0.05,0.44914529914529916,0.5884615384615384,0.5884615384615384,-1.0,-1.0
yolov8n_dataset_1_exp_dataset_quality_119,0.6,-0.002960769800148144,3.681032463861192,"[4, 4, 2, 4, 5, 3, 4, 1, -1, 3, 4, 2, 1, 0, 1, 2, 10, 0, 4, 4]","[9, 8, 7, 15, 15, 13, 14, 7, 15, 7, 16, 13, 15, 7, 16, 16, 13, 8, 14, 6]",0.7317818986568986,0.20541632324164202,0.39656361524627237,0.7241414038816906,0.3666749424226059,0.39656361524627237,-1.0,-1.0,0.05,0.39401709401709395,0.45555555555555555,0.45555555555555555,-1.0,-1.0
yolov8n_dataset_1_exp_dataset_quality_119,0.7,-7.949041989400737,10.583005244258363,"[3, 13, 14, 6, 13, 4, 10, 15, 12, 12, 6, 12, 12, 6]","[7, 15, 15, 13, 14, 7, 15, 16, 13, 15, 7, 16, 16, 8]",0.2411074045002616,0.16528177890788304,0.09453615611456441,0.16831683168316833,0.09173225014809172,0.09453615611456441,-1.0,-1.0,0.03504273504273504,0.09957264957264958,0.09957264957264958,0.09957264957264958,-1.0,-1.0
yolov8n_dataset_1_exp_dataset_quality_120,0.29,0.9629903774981495,0.7071067811865476,"[0, 0, 1, 0, 0, -1, 0, 0, 0, 0, 2, 0, -1, 1, 1, 0, -1, 0, 0, 0]","[9, 8, 7, 15, 15, 13, 14, 7, 15, 7, 16, 13, 15, 7, 16, 16, 13, 8, 14, 6]",0.9653136446886448,0.05126571739767823,0.5467671274296128,0.9520361600324683,0.6104157802137494,0.5467671274296128,-1.0,-1.0,0.05726495726495726,0.505982905982906,0.6444444444444445,0.6444444444444445,-1.0,-1.0
yolov8n_dataset_1_exp_dataset_quality_120,0.4,0.9666913397483345,0.6708203932499369,"[0, 0, 1, 0, 0, 0, 0, 0, 0, 0, 2, 0, -1, 1, 1, 0, -1, 0, 0, 0]","[9, 8, 7, 15, 15, 13, 14, 7, 15, 7, 16, 13, 15, 7, 16, 16, 13, 8, 14, 6]",0.9691597985347986,0.05083641421760884,0.5467671274296128,0.9520361600324683,0.6104157802137494,0.5467671274296128,-1.0,-1.0,0.05726495726495726,0.505982905982906,0.6444444444444445,0.6444444444444445,-1.0,-1.0
yolov8n_dataset_1_exp_dataset_quality_120,0.5,0.9037749814951888,1.140175425099138,"[0, 2, 1, 0, 0, 0, 1, 0, 0, 0, 3, 0, -1, 1, 2, 0, 2, 0, 0, 1]","[9, 8, 7, 15, 15, 13, 14, 7, 15, 7, 16, 13, 15, 7, 16, 16, 13, 8, 14, 6]",0.9346588827838828,0.08052988471412585,0.5323757994530842,0.9228926279186389,0.6026364308502417,0.5323757994530842,-1.0,-1.0,0.05726495726495726,0.49914529914529915,0.6260683760683761,0.6260683760683761,-1.0,-1.0
yolov8n_dataset_1_exp_dataset_quality_120,0.6,-1.0947446336047375,5.319774431308154,"[5, 4, 2, 8, 8, 2, 5, 3, 4, 3, 8, 5, 2, 3, 7, 3, 12, 0, 1, 5]","[9, 8, 7, 15, 15, 13, 14, 7, 15, 7, 16, 13, 15, 7, 16, 16, 13, 8, 14, 6]",0.6028952991452992,0.22611485911092502,0.3548950532632016,0.6107673267326731,0.39968788380932185,0.3548950532632016,-1.0,-1.0,0.05726495726495726,0.38290598290598293,0.4128205128205128,0.4128205128205128,-1.0,-1.0
yolov8n_dataset_1_exp_dataset_quality_120,0.7,-10.807547169811322,11.301074538037774,"[14, 10, 6, 12, 12, 15, 7]","[15, 13, 7, 13, 15, 16, 8]",0.12924515960230246,0.06167342143270728,0.0328960396039604,0.04950495049504951,0.03861386138613861,0.0328960396039604,-1.0,-1.0,0.023504273504273508,0.03205128205128205,0.03205128205128205,0.03205128205128205,-1.0,-1.0
yolov8n_dataset_1_exp_dataset_quality_121,0.29,0.9592894152479645,0.7416198487095663,"[0, 0, 1, 0, 1, 0, 0, 0, 0, -1, 2, -1, 0, 0, 1, 0, -1, 1, 0, 0]","[9, 8, 7, 15, 15, 13, 14, 7, 15, 7, 16, 13, 15, 7, 16, 16, 13, 8, 14, 6]",0.9590636446886446,0.05419208280650105,0.48386488049201154,0.9237703516540224,0.4619202122611642,0.48386488049201154,-1.0,-1.0,0.042735042735042736,0.45555555555555555,0.602136752136752,0.602136752136752,-1.0,-1.0
yolov8n_dataset_1_exp_dataset_quality_121,0.4,0.9592894152479645,0.7416198487095663,"[0, 0, 1, 0, 1, 0, 0, 0, 0, -1, 2, -1, 0, 0, 1, 0, -1, 1, 0, 0]","[9, 8, 7, 15, 15, 13, 14, 7, 15, 7, 16, 13, 15, 7, 16, 16, 13, 8, 14, 6]",0.9590636446886446,0.05419208280650105,0.48386488049201154,0.9237703516540224,0.4619202122611642,0.48386488049201154,-1.0,-1.0,0.042735042735042736,0.45555555555555555,0.602136752136752,0.602136752136752,-1.0,-1.0
yolov8n_dataset_1_exp_dataset_quality_121,0.5,0.9370836417468542,0.9219544457292888,"[0, 1, 1, 0, 2, 0, 1, 1, 0, -1, 2, 0, 0, 0, 1, 1, -1, 1, 0, 0]","[9, 8, 7, 15, 15, 13, 14, 7, 15, 7, 16, 13, 15, 7, 16, 16, 13, 8, 14, 6]",0.9394871794871795,0.05977998796629173,0.4718048974926558,0.9044804226611233,0.44834169515606265,0.4718048974926558,-1.0,-1.0,0.042735042735042736,0.45042735042735044,0.5871794871794871,0.5871794871794871,-1.0,-1.0
yolov8n_dataset_1_exp_dataset_quality_121,0.6,0.2413027387120651,3.2015621187164243,"[1, 6, 1, 4, 5, 1, 2, 3, 1, 0, 3, 1, 0, 1, 8, 4, 0, 4, 2, 0]","[9, 8, 7, 15, 15, 13, 14, 7, 15, 7, 16, 13, 15, 7, 16, 16, 13, 8, 14, 6]",0.7940438034188034,0.1984880272775627,0.3864647600233742,0.7508689054349106,0.35186196026906263,0.3864647600233742,-1.0,-1.0,0.042735042735042736,0.4111111111111111,0.4816239316239316,0.4816239316239316,-1.0,-1.0
yolov8n_dataset_1_exp_dataset_quality_121,0.7,-7.7696381288614305,10.790620927453618,"[6, 13, 8, 13, 6, 14, 6, 15, 8, 13, 13, 15, 12, 6, 10, 5]","[7, 15, 13, 14, 7, 15, 7, 16, 13, 15, 16, 16, 13, 8, 14, 6]",0.1683980082417582,0.10285141968623379,0.054196619003305954,0.10693069306930694,0.049749755195299755,0.054196619003305954,-1.0,-1.0,0.03547008547008547,0.07008547008547009,0.07008547008547009,0.07008547008547009,-1.0,-1.0
yolov8n_dataset_1_exp_dataset_quality_122,0.29,0.9259807549962991,1.0,"[0, 0, -1, 0, 1, 0, -1, -1, 0, -1, 2, -2, 0, 1, 1, 0, -1, 0, -2, 0]","[9, 8, 7, 15, 15, 13, 14, 7, 15, 7, 16, 13, 15, 7, 16, 16, 13, 8, 14, 6]",0.9364674908424908,0.06323636454085968,0.3873633327959688,0.8696321778113385,0.2470747528249243,0.3873633327959688,-1.0,-1.0,0.0405982905982906,0.38376068376068373,0.5166666666666666,0.5166666666666666,-1.0,-1.0
yolov8n_dataset_1_exp_dataset_quality_122,0.4,0.8704663212435233,1.3228756555322954,"[0, 0, 0, 1, 1, 1, -1, -1, 0, -1, 4, -2, 0, 2, 1, 0, 0, 0, -2, 0]","[9, 8, 7, 15, 15, 13, 14, 7, 15, 7, 16, 13, 15, 7, 16, 16, 13, 8, 14, 6]",0.9268841575091574,0.08541709223452076,0.3793724166116064,0.8514044534020979,0.2424004656537179,0.3793724166116064,-1.0,-1.0,0.0405982905982906,0.3816239316239316,0.5081196581196581,0.5081196581196581,-1.0,-1.0
yolov8n_dataset_1_exp_dataset_quality_122,0.5,-0.7616580310880829,4.878524367060187,"[1, 5, 1, 8, 8, 5, 3, 0, 4, 2, 10, 2, 3, 2, 8, 1, 6, 3, 6, 2]","[9, 8, 7, 15, 15, 13, 14, 7, 15, 7, 16, 13, 15, 7, 16, 16, 13, 8, 14, 6]",0.6738789682539682,0.18028036275747916,0.25373507553518637,0.5666791904415667,0.15841927367385195,0.25373507553518637,-1.0,-1.0,0.0405982905982906,0.3047008547008547,0.3329059829059829,0.3329059829059829,-1.0,-1.0
yolov8n_dataset_1_exp_dataset_quality_122,0.6,-7.678389109472491,10.307764064044152,"[8, 13, 12, 8, 6, 6, 10, 14, 6, 15, 6, 13]","[9, 15, 15, 13, 7, 7, 13, 15, 7, 16, 8, 14]",0.16158297720797718,0.08905775818663571,0.04386480930269056,0.08685868586858686,0.04594041889814811,0.04386480930269056,-1.0,-1.0,0.022649572649572652,0.05,0.05,0.05,-1.0,-1.0
yolov8n_dataset_1_exp_dataset_quality_122,0.7,,12.0,[12],[13],0.07692307692307687,0.0,0.005940594059405939,0.0099009900990099,0.0099009900990099,0.005940594059405939,-1.0,-1.0,0.0025641025641025645,0.0025641025641025645,0.0025641025641025645,0.0025641025641025645,-1.0,-1.0
yolov8n_dataset_1_exp_dataset_quality_124,0.29,0.9592894152479645,0.7416198487095663,"[0, 0, 1, 0, 1, 0, 0, -1, 0, 0, 2, 0, -1, -1, 0, 1, 1, 0, 0, 0]","[9, 8, 7, 15, 15, 13, 14, 7, 15, 7, 16, 13, 15, 7, 16, 16, 13, 8, 14, 6]",0.958683608058608,0.055417011642196354,0.6432407328452266,0.9346657202379522,0.8070600344058364,0.6432407328452266,-1.0,-1.0,0.06581196581196581,0.5636752136752137,0.7217948717948717,0.7217948717948717,-1.0,-1.0
yolov8n_dataset_1_exp_dataset_quality_124,0.4,0.8741672834937084,1.3038404810405297,"[0, 0, 1, 1, 3, 0, 1, -1, 1, 1, 2, 2, 1, 0, 2, 1, 2, 0, 0, 1]","[9, 8, 7, 15, 15, 13, 14, 7, 15, 7, 16, 13, 15, 7, 16, 16, 13, 8, 14, 6]",0.9156570512820513,0.06620291151493805,0.610351030138101,0.8861692232346158,0.7715417180058212,0.610351030138101,-1.0,-1.0,0.06581196581196581,0.5551282051282052,0.6816239316239316,0.6816239316239316,-1.0,-1.0
yolov8n_dataset_1_exp_dataset_quality_124,0.5,-2.375277572168764,6.752777206453653,"[4, 6, 4, 8, 7, 5, 7, 6, 6, 5, 8, 4, 9, 2, 13, 9, 7, 4, 8, 4]","[9, 8, 7, 15, 15, 13, 14, 7, 15, 7, 16, 13, 15, 7, 16, 16, 13, 8, 14, 6]",0.45165598290598297,0.1502952136032685,0.31765306727682696,0.4486615328199486,0.41652047326029407,0.31765306727682696,-1.0,-1.0,0.06581196581196581,0.34658119658119657,0.34658119658119657,0.34658119658119657,-1.0,-1.0
yolov8n_dataset_1_exp_dataset_quality_124,0.6,-194.51724137931032,12.549900398011133,"[13, 14, 11, 11, 13, 13]","[15, 15, 13, 13, 15, 14]",0.11874236874236872,0.03614973055580404,0.039335219236209334,0.04950495049504951,0.04950495049504951,0.039335219236209334,-1.0,-1.0,0.021794871794871794,0.03504273504273504,0.03504273504273504,0.03504273504273504,-1.0,-1.0
yolov8n_dataset_1_exp_dataset_quality_125,0.29,0.9518874907475944,0.806225774829855,"[0, 0, 1, 0, 0, 0, 1, -1, 0, -1, 2, 0, -1, 1, 0, 1, -1, 0, 0, -1]","[9, 8, 7, 15, 15, 13, 14, 7, 15, 7, 16, 13, 15, 7, 16, 16, 13, 8, 14, 6]",0.9429693223443223,0.06299022225146163,0.48477437673044543,0.8685478954790934,0.5289193744810304,0.48477437673044543,-1.0,-1.0,0.047008547008547015,0.4662393162393162,0.6051282051282051,0.6051282051282051,-1.0,-1.0
yolov8n_dataset_1_exp_dataset_quality_125,0.4,0.615099925980755,2.280350850198276,"[1, 0, 3, 4, 4, 1, 3, 1, 2, 2, 3, 1, -1, 2, 3, 3, 1, 2, 2, -1]","[9, 8, 7, 15, 15, 13, 14, 7, 15, 7, 16, 13, 15, 7, 16, 16, 13, 8, 14, 6]",0.8222809829059828,0.09805116500455084,0.41806416977660443,0.739203236875302,0.4646780973875732,0.41806416977660443,-1.0,-1.0,0.047008547008547015,0.4465811965811966,0.5192307692307692,0.5192307692307692,-1.0,-1.0
yolov8n_dataset_1_exp_dataset_quality_125,0.5,-2.3974833456698743,6.774953874381729,"[4, 7, 5, 8, 8, 9, 9, 5, 7, 4, 9, 5, 8, 4, 6, 11, 6, 4, 7, 2]","[9, 8, 7, 15, 15, 13, 14, 7, 15, 7, 16, 13, 15, 7, 16, 16, 13, 8, 14, 6]",0.4451404151404151,0.13127333858724316,0.21398020807946,0.3943649385438053,0.2477115636091911,0.21398020807946,-1.0,-1.0,0.047008547008547015,0.2726495726495727,0.2726495726495727,0.2726495726495727,-1.0,-1.0
yolov8n_dataset_1_exp_dataset_quality_125,0.6,-9.213194444444445,11.02476550977183,"[7, 14, 6, 15, 10, 14, 5, 14, 11, 7, 12]","[9, 15, 7, 16, 13, 15, 7, 16, 13, 8, 14]",0.14764541014541013,0.06941906533125469,0.03219142607538065,0.07920792079207921,0.03536067892503536,0.03219142607538065,-1.0,-1.0,0.025213675213675214,0.03974358974358974,0.03974358974358974,0.03974358974358974,-1.0,-1.0
yolov8n_dataset_1_exp_dataset_quality_125,0.7,-84.5,13.076696830622021,"[15, 12, 12]","[16, 13, 13]",0.07211538461538458,0.006799103665255241,0.004455445544554455,0.019801980198019802,0.0049504950495049506,0.004455445544554455,-1.0,-1.0,0.0034188034188034192,0.0034188034188034192,0.0034188034188034192,0.0034188034188034192,-1.0,-1.0
yolov8n_dataset_1_exp_dataset_quality_126,0.29,0.5040710584752035,2.588435821108957,"[2, 2, 2, 4, 5, 2, 3, 1, 1, 2, 4, 3, 1, 0, 3, 3, 1, 1, 4, 0]","[9, 8, 7, 15, 15, 13, 14, 7, 15, 7, 16, 13, 15, 7, 16, 16, 13, 8, 14, 6]",0.8184310134310134,0.09647541551323482,0.47912135927665533,0.7982107697060283,0.5691962760725263,0.47912135927665533,-1.0,-1.0,0.05683760683760684,0.48760683760683754,0.5444444444444445,0.5444444444444445,-1.0,-1.0
yolov8n_dataset_1_exp_dataset_quality_126,0.4,-5.188008882309401,9.143303560529969,"[6, 7, 5, 10, 13, 8, 7, 6, 12, 6, 11, 8, 13, 4, 11, 14, 9, 6, 12, 4]","[9, 8, 7, 15, 15, 13, 14, 7, 15, 7, 16, 13, 15, 7, 16, 16, 13, 8, 14, 6]",0.26557234432234433,0.11279209727085689,0.16234161192010546,0.26700734589587993,0.18054318165263047,0.16234161192010546,-1.0,-1.0,0.05683760683760684,0.1799145299145299,0.1799145299145299,0.1799145299145299,-1.0,-1.0
yolov8n_dataset_1_exp_dataset_quality_126,0.5,-3.2362637362637363,9.255628917943215,"[6, 14, 5]","[7, 16, 6]",0.1448412698412698,0.017068105688576626,0.010396039603960397,0.019801980198019802,0.0049504950495049506,0.010396039603960397,-1.0,-1.0,0.0068376068376068385,0.00982905982905983,0.00982905982905983,0.00982905982905983,-1.0,-1.0
yolov8n_dataset_1_exp_dataset_quality_127,0.29,0.10066617320503324,3.4856850115866753,"[4, 4, 1, 3, 6, 2, 6, 4, 3, 1, 5, 4, 2, 1, 4, 4, 2, 3, 2, 2]","[9, 8, 7, 15, 15, 13, 14, 7, 15, 7, 16, 13, 15, 7, 16, 16, 13, 8, 14, 6]",0.7207287851037851,0.13298521397276972,0.3559315511535481,0.6766978327324523,0.32482679956413296,0.3559315511535481,-1.0,-1.0,0.046581196581196575,0.38247863247863245,0.42179487179487174,0.42179487179487174,-1.0,-1.0
yolov8n_dataset_1_exp_dataset_quality_127,0.4,-9.118154158215008,11.098047876390995,"[7, 6, 14, 11, 12, 13, 6, 14, 6, 13, 11, 12, 6, 15, 15, 11, 7, 12]","[9, 7, 15, 15, 13, 14, 7, 15, 7, 16, 13, 15, 7, 16, 16, 13, 8, 14]",0.13500288291954957,0.05788386357538558,0.06501072969824653,0.11778764083304884,0.05511930503395167,0.06501072969824653,-1.0,-1.0,0.04316239316239316,0.07051282051282051,0.07051282051282051,0.07051282051282051,-1.0,-1.0
yolov8n_dataset_1_exp_dataset_quality_128,0.29,-2.7862318840579707,7.015021476502369,"[6, 7, 6, 6, 10, 7, 10, 5, 7, 9, 5, 4, 3, 12, 9, 5, 3, 7, 4]","[9, 8, 7, 15, 15, 13, 14, 7, 15, 16, 13, 15, 7, 16, 16, 13, 8, 14, 6]",0.43261519182571817,0.16886216094822573,0.23413396665293926,0.4187952408686247,0.26879544658686017,0.23413396665293926,-1.0,-1.0,0.055555555555555566,0.27179487179487183,0.27350427350427353,0.27350427350427353,-1.0,-1.0
yolov8n_dataset_1_exp_dataset_quality_128,0.4,-131.54838709677418,12.95045503888901,"[14, 10, 13, 15, 12, 14, 12]","[15, 13, 14, 16, 13, 15, 13]",0.09312532705389846,0.05641637468652956,0.024925742574257427,0.039603960396039604,0.028465346534653466,0.024925742574257427,-1.0,-1.0,0.020512820512820516,0.025213675213675214,0.025213675213675214,0.025213675213675214,-1.0,-1.0
yolov8n_dataset_2_exp_dataset_quality_134,0.29,0.8938679245283019,0.6708203932499369,"[-1, 0, -1, 0, -1, 0, 0, 0, 0, -1, 0, -1, 1, 1, 0, 0, -1, 0, -1, 0]","[13, 15, 13, 11, 8, 12, 15, 9, 12, 14, 12, 12, 12, 15, 15, 11, 12, 13, 9, 15]",0.9610973748473748,0.044674675296953154,0.7057125134701031,0.9619853512073866,0.8772489121709076,0.7057125134701031,-1.0,-1.0,0.06653225806451611,0.6133064516129033,0.7705645161290322,0.7705645161290322,-1.0,-1.0
yolov8n_dataset_2_exp_dataset_quality_134,0.4,0.8938679245283019,0.6708203932499369,"[-1, 0, -1, 0, -1, 0, 0, 0, 0, -1, 0, -1, 1, 1, 0, 0, -1, 0, -1, 0]","[13, 15, 13, 11, 8, 12, 15, 9, 12, 14, 12, 12, 12, 15, 15, 11, 12, 13, 9, 15]",0.9610973748473748,0.044674675296953154,0.7057125134701031,0.9619853512073866,0.8772489121709076,0.7057125134701031,-1.0,-1.0,0.06653225806451611,0.6133064516129033,0.7705645161290322,0.7705645161290322,-1.0,-1.0
yolov8n_dataset_2_exp_dataset_quality_134,0.5,0.8938679245283019,0.6708203932499369,"[-1, 0, -1, 0, -1, 0, 0, 0, 0, -1, 0, -1, 1, 1, 0, 0, -1, 0, -1, 0]","[13, 15, 13, 11, 8, 12, 15, 9, 12, 14, 12, 12, 12, 15, 15, 11, 12, 13, 9, 15]",0.9610973748473748,0.044674675296953154,0.7057125134701031,0.9619853512073866,0.8772489121709076,0.7057125134701031,-1.0,-1.0,0.06653225806451611,0.6133064516129033,0.7705645161290322,0.7705645161290322,-1.0,-1.0
yolov8n_dataset_2_exp_dataset_quality_134,0.6,0.8938679245283019,0.6708203932499369,"[-1, 0, -1, 0, -1, 0, 0, 1, 0, 0, 0, -1, 1, 1, 0, 0, -1, 0, -1, 0]","[13, 15, 13, 11, 8, 12, 15, 9, 12, 14, 12, 12, 12, 15, 15, 11, 12, 13, 9, 15]",0.9591132478632479,0.04690091967288714,0.7038027572770925,0.9524365702423335,0.8772489121709076,0.7038027572770925,-1.0,-1.0,0.06653225806451611,0.6120967741935484,0.7693548387096774,0.7693548387096774,-1.0,-1.0
yolov8n_dataset_2_exp_dataset_quality_134,0.7,0.8584905660377359,0.7745966692414834,"[-1, 1, -1, 0, 1, 0, 0, 1, 0, 0, 0, -1, 1, 1, 1, 1, -1, 0, -1, 0]","[13, 15, 13, 11, 8, 12, 15, 9, 12, 14, 12, 12, 12, 15, 15, 11, 12, 13, 9, 15]",0.9479011266511266,0.0448864984953514,0.6974582028216469,0.9428128078660959,0.8681796052402145,0.6974582028216469,-1.0,-1.0,0.06653225806451611,0.6084677419354838,0.7620967741935484,0.7620967741935484,-1.0,-1.0
yolov8n_dataset_2_exp_dataset_quality_134,0.8,0.304245283018868,1.7175564037317668,"[1, 2, -1, 1, 1, 1, 1, 2, 0, 0, 2, 1, 1, 3, 3, 2, 0, 4, -1, 0]","[13, 15, 13, 11, 8, 12, 15, 9, 12, 14, 12, 12, 12, 15, 15, 11, 12, 13, 9, 15]",0.8895367132867132,0.08123274092207455,0.6421799661308271,0.8647482801018439,0.8033591257143301,0.6421799661308271,-1.0,-1.0,0.06653225806451611,0.6016129032258064,0.7004032258064516,0.7004032258064516,-1.0,-1.0
yolov8n_dataset_2_exp_dataset_quality_134,0.9,-27.8012958963283,10.887301471592183,"[12, 13, 10, 11, 14, 8, 10, 11, 8, 8, 14, 11, 10, 7, 13]","[13, 15, 11, 12, 15, 9, 12, 12, 12, 12, 15, 15, 11, 9, 15]",0.15058275058275059,0.09073457749330113,0.08584343379392885,0.10714285714285716,0.10546322489391798,0.08584343379392885,-1.0,-1.0,0.05040322580645161,0.08870967741935484,0.08870967741935484,0.08870967741935484,-1.0,-1.0
yolov8n_dataset_2_exp_dataset_quality_135,0.29,0.8349056603773585,0.8366600265340756,"[-1, 0, -1, 0, -1, 0, 0, 0, 2, 1, 0, 0, 1, 1, 0, 0, -2, 0, 0, 0]","[13, 15, 13, 11, 8, 12, 15, 9, 12, 14, 12, 12, 12, 15, 15, 11, 12, 13, 9, 15]",0.958319597069597,0.056903727917678365,0.6884456655486438,0.9430203580218897,0.8689248512735397,0.6884456655486438,-1.0,-1.0,0.05887096774193549,0.6044354838709677,0.7491935483870968,0.7491935483870968,-1.0,-1.0
yolov8n_dataset_2_exp_dataset_quality_135,0.4,0.8231132075471699,0.8660254037844386,"[-1, 0, -1, 0, -1, 0, 0, 1, 2, 1, 0, 0, 1, 1, 0, 0, -2, 0, 0, 0]","[13, 15, 13, 11, 8, 12, 15, 9, 12, 14, 12, 12, 12, 15, 15, 11, 12, 13, 9, 15]",0.9527640415140415,0.05797705076924835,0.6846487935994664,0.9334786780474406,0.8689248512735397,0.6846487935994664,-1.0,-1.0,0.05887096774193549,0.6024193548387097,0.7471774193548388,0.7471774193548388,-1.0,-1.0
yolov8n_dataset_2_exp_dataset_quality_135,0.5,0.8231132075471699,0.8660254037844386,"[-1, 0, -1, 0, 0, 0, 1, 1, 2, 1, 0, 0, 1, 1, 0, 0, -2, 0, 0, 0]","[13, 15, 13, 11, 8, 12, 15, 9, 12, 14, 12, 12, 12, 15, 15, 11, 12, 13, 9, 15]",0.9556807081807082,0.05540168575815965,0.6819711169249164,0.9334786780474406,0.8598656457578463,0.6819711169249164,-1.0,-1.0,0.05887096774193549,0.5995967741935484,0.7415322580645162,0.7415322580645162,-1.0,-1.0
yolov8n_dataset_2_exp_dataset_quality_135,0.6,0.7641509433962265,1.0,"[-1, 0, -1, 0, 1, 0, 1, 2, 2, 1, 0, 0, 1, 1, 0, 0, -2, 1, 0, 0]","[13, 15, 13, 11, 8, 12, 15, 9, 12, 14, 12, 12, 12, 15, 15, 11, 12, 13, 9, 15]",0.9400289987789987,0.06607560264407444,0.6762912605637214,0.9238862135848988,0.850776212224329,0.6762912605637214,-1.0,-1.0,0.05887096774193549,0.5971774193548387,0.7362903225806453,0.7362903225806453,-1.0,-1.0
yolov8n_dataset_2_exp_dataset_quality_135,0.7,0.5636792452830189,1.3601470508735443,"[-1, 1, -1, 0, 1, 0, 2, 2, 2, 2, 1, 1, 1, 2, 0, 1, -2, 2, 1, 0]","[13, 15, 13, 11, 8, 12, 15, 9, 12, 14, 12, 12, 12, 15, 15, 11, 12, 13, 9, 15]",0.9041770729270728,0.06094144794360092,0.6540010913797819,0.8855661896199585,0.8232497750502458,0.6540010913797819,-1.0,-1.0,0.05887096774193549,0.5951612903225806,0.7120967741935484,0.7120967741935484,-1.0,-1.0
yolov8n_dataset_2_exp_dataset_quality_135,0.8,-2.643867924528301,3.930648801406709,"[0, 2, 2, 7, 3, 1, 5, 2, 7, 4, 5, 2, 2, 6, 5, 1, 3, 6, 2, 2]","[13, 15, 13, 11, 8, 12, 15, 9, 12, 14, 12, 12, 12, 15, 15, 11, 12, 13, 9, 15]",0.7276091963591964,0.16487332784495676,0.5223586776370768,0.702638342807607,0.6570969668831559,0.5223586776370768,-1.0,-1.0,0.05887096774193549,0.5326612903225806,0.5657258064516129,0.5657258064516129,-1.0,-1.0
yolov8n_dataset_2_exp_dataset_quality_135,0.9,-32.78787878787879,11.567194992737004,"[14, 11, 11, 10, 10, 14, 12, 10, 8, 14]","[15, 12, 12, 12, 12, 15, 15, 11, 9, 15]",0.11020202020202022,0.046843427536823246,0.04611032531824611,0.0594059405940594,0.0594059405940594,0.04611032531824611,-1.0,-1.0,0.032258064516129024,0.045161290322580636,0.045161290322580636,0.045161290322580636,-1.0,-1.0
yolov8n_dataset_2_exp_dataset_quality_136,0.29,0.8702830188679246,0.7416198487095663,"[-2, -1, -1, 0, 0, 0, 0, 1, 0, -1, 0, 0, 0, 1, 0, 0, -1, -1, 0, 0]","[13, 15, 13, 11, 8, 12, 15, 9, 12, 14, 12, 12, 12, 15, 15, 11, 12, 13, 9, 15]",0.9646550671550672,0.046796755328564664,0.5564578751117989,0.9462052451214559,0.5846613671909986,0.5564578751117989,-1.0,-1.0,0.05685483870967741,0.5088709677419354,0.6491935483870968,0.6491935483870968,-1.0,-1.0
yolov8n_dataset_2_exp_dataset_quality_136,0.4,0.8466981132075472,0.806225774829855,"[-2, -1, -1, 0, 1, 0, 1, 1, 0, -1, 0, 0, 0, 1, 0, 0, -1, -1, 0, 0]","[13, 15, 13, 11, 8, 12, 15, 9, 12, 14, 12, 12, 12, 15, 15, 11, 12, 13, 9, 15]",0.9550717338217339,0.0492353908030742,0.5546068204411145,0.9462052451214559,0.5846613671909986,0.5546068204411145,-1.0,-1.0,0.05685483870967741,0.5088709677419354,0.6475806451612903,0.6475806451612903,-1.0,-1.0
yolov8n_dataset_2_exp_dataset_quality_136,0.5,0.7759433962264151,0.9746794344808963,"[-2, -1, -1, 0, 1, 0, 1, 2, 0, -1, 0, 0, 0, 2, 0, 0, -1, -1, 0, 0]","[13, 15, 13, 11, 8, 12, 15, 9, 12, 14, 12, 12, 12, 15, 15, 11, 12, 13, 9, 15]",0.9461828449328451,0.06375660866383095,0.55113219851053,0.9366923800443272,0.5774032708634376,0.55113219851053,-1.0,-1.0,0.05685483870967741,0.5064516129032258,0.6435483870967742,0.6435483870967742,-1.0,-1.0
yolov8n_dataset_2_exp_dataset_quality_136,0.6,0.7405660377358492,1.0488088481701516,"[-2, 0, 0, 0, 1, 0, 2, 2, 0, -1, 1, 0, 0, 2, 1, 1, -1, 0, 0, 0]","[13, 15, 13, 11, 8, 12, 15, 9, 12, 14, 12, 12, 12, 15, 15, 11, 12, 13, 9, 15]",0.9418296980796981,0.06642893462482605,0.5374706516021045,0.9081483427271235,0.570036958490725,0.5374706516021045,-1.0,-1.0,0.05685483870967741,0.5064516129032258,0.6290322580645162,0.6290322580645162,-1.0,-1.0
yolov8n_dataset_2_exp_dataset_quality_136,0.7,0.20990566037735858,1.8303005217723127,"[-2, 1, 1, 2, 2, 0, 2, 2, 0, 1, 2, 0, 0, 5, 1, 2, -1, 2, 1, 2]","[13, 15, 13, 11, 8, 12, 15, 9, 12, 14, 12, 12, 12, 15, 15, 11, 12, 13, 9, 15]",0.8806826506826507,0.08781963249827081,0.5032200499734002,0.8508057413341171,0.5403395424499684,0.5032200499734002,-1.0,-1.0,0.05685483870967741,0.4975806451612903,0.5870967741935484,0.5870967741935484,-1.0,-1.0
yolov8n_dataset_2_exp_dataset_quality_136,0.8,-6.924528301886792,5.796550698475776,"[4, 1, 7, 7, 7, 4, 7, 7, 3, 7, 7, 2, 3, 10, 5, 4, 4, 7, 2, 8]","[13, 15, 13, 11, 8, 12, 15, 9, 12, 14, 12, 12, 12, 15, 15, 11, 12, 13, 9, 15]",0.5628525641025641,0.20460140139826072,0.3251277610399385,0.5421954167247711,0.3507487000048473,0.3251277610399385,-1.0,-1.0,0.05685483870967741,0.3669354838709677,0.3754032258064516,0.3754032258064516,-1.0,-1.0
yolov8n_dataset_2_exp_dataset_quality_136,0.9,-30.807692307692307,10.869354035215576,"[12, 10, 12, 13, 10, 11, 7]","[13, 15, 13, 14, 12, 15, 9]",0.17345194488051627,0.09689466748743251,0.04531353135313531,0.06930693069306931,0.05676567656765676,0.04531353135313531,-1.0,-1.0,0.018951612903225806,0.04435483870967742,0.04435483870967742,0.04435483870967742,-1.0,-1.0
yolov8n_dataset_2_exp_dataset_quality_137,0.29,0.7641509433962265,1.0,"[-1, 0, -1, 0, 1, 0, 2, 1, 1, 0, 1, 0, 0, 2, -1, 0, -2, 0, -1, 0]","[13, 15, 13, 11, 8, 12, 15, 9, 12, 14, 12, 12, 12, 15, 15, 11, 12, 13, 9, 15]",0.9416132478632478,0.05728747145598881,0.596278426710336,0.8774010118844127,0.6941837202260485,0.596278426710336,-1.0,-1.0,0.054435483870967735,0.5588709677419355,0.689516129032258,0.689516129032258,-1.0,-1.0
yolov8n_dataset_2_exp_dataset_quality_137,0.4,0.48113207547169823,1.4832396974191326,"[-1, 2, -1, 0, 1, 0, 2, 2, 1, 1, 3, 0, 0, 3, 1, 0, -2, 2, 0, 0]","[13, 15, 13, 11, 8, 12, 15, 9, 12, 14, 12, 12, 12, 15, 15, 11, 12, 13, 9, 15]",0.9120161782661782,0.08000371239199924,0.5722817658632323,0.840251028384916,0.6699390228959043,0.5722817658632323,-1.0,-1.0,0.054435483870967735,0.5516129032258064,0.6596774193548387,0.6596774193548387,-1.0,-1.0
yolov8n_dataset_2_exp_dataset_quality_137,0.5,-2.7617924528301883,3.9937451095431715,"[5, 3, 3, 4, 4, 1, 7, 4, 5, 1, 4, 3, 1, 6, 6, 4, 3, 5, 0, 2]","[13, 15, 13, 11, 8, 12, 15, 9, 12, 14, 12, 12, 12, 15, 15, 11, 12, 13, 9, 15]",0.7120093795093795,0.14604842652728758,0.4477030881450148,0.6423114946758618,0.5288195489474734,0.4477030881450148,-1.0,-1.0,0.054435483870967735,0.48306451612903223,0.5153225806451613,0.5153225806451613,-1.0,-1.0
yolov8n_dataset_2_exp_dataset_quality_137,0.6,-22.160130718954242,8.861507534808831,"[10, 9, 11, 9, 7, 13, 8, 8, 11, 9, 7, 6, 8, 8, 8, 9, 9, 1, 11]","[13, 15, 13, 11, 12, 15, 9, 12, 14, 12, 12, 12, 15, 15, 11, 12, 13, 9, 15]",0.3295336242704664,0.17501054849718972,0.19497197421146112,0.28013878310908014,0.21880886461612367,0.19497197421146112,-1.0,-1.0,0.05161290322580645,0.22499999999999995,0.22499999999999995,0.22499999999999995,-1.0,-1.0
yolov8n_dataset_2_exp_dataset_quality_137,0.7,-35.361111111111114,11.441153787970862,"[12, 11, 11, 11, 11, 9, 14, 12, 8, 14]","[13, 15, 12, 12, 12, 12, 15, 15, 9, 15]",0.1288034188034188,0.07462771948445403,0.05279072024849544,0.0663948747815958,0.0634828188701223,0.05279072024849544,-1.0,-1.0,0.02983870967741935,0.05241935483870967,0.05241935483870967,0.05241935483870967,-1.0,-1.0
yolov8n_dataset_2_exp_dataset_quality_137,0.8,,14.0,[14],[15],0.06666666666666665,0.0,0.009900990099009898,0.0099009900990099,0.0099009900990099,0.009900990099009898,-1.0,-1.0,0.004032258064516128,0.004032258064516128,0.004032258064516128,0.004032258064516128,-1.0,-1.0
yolov8n_dataset_2_exp_dataset_quality_138,0.29,0.4103773584905661,1.5811388300841898,"[-3, -1, -1, -1, -3, -1, -1, 1, -1, 0, 0, -1, 1, 1, -2, 0, -3, 0, -3, 0]","[13, 15, 13, 11, 8, 12, 15, 9, 12, 14, 12, 12, 12, 15, 15, 11, 12, 13, 9, 15]",0.8932643745143747,0.10607941942225294,0.6528935251794992,0.9527351248388953,0.810949678944824,0.6528935251794992,-1.0,-1.0,0.06290322580645161,0.5693548387096774,0.7197580645161289,0.7197580645161289,-1.0,-1.0
yolov8n_dataset_2_exp_dataset_quality_138,0.4,0.7641509433962265,1.0,"[-2, -1, -1, 0, -2, 0, -1, 1, 0, 0, 0, 0, 1, 1, -1, 0, -2, 0, -1, 0]","[13, 15, 13, 11, 8, 12, 15, 9, 12, 14, 12, 12, 12, 15, 15, 11, 12, 13, 9, 15]",0.9390170940170941,0.0688835468014171,0.6528935251794992,0.9527351248388953,0.810949678944824,0.6528935251794992,-1.0,-1.0,0.06290322580645161,0.5693548387096774,0.7197580645161289,0.7197580645161289,-1.0,-1.0
yolov8n_dataset_2_exp_dataset_quality_138,0.5,0.8113207547169812,0.8944271909999159,"[-2, -1, -1, 0, 0, 0, -1, 1, 0, 0, 0, 0, 1, 1, -1, 0, -2, 0, -1, 0]","[13, 15, 13, 11, 8, 12, 15, 9, 12, 14, 12, 12, 12, 15, 15, 11, 12, 13, 9, 15]",0.951517094017094,0.054665031505667955,0.6493408169675016,0.9527351248388953,0.8026406127440862,0.6493408169675016,-1.0,-1.0,0.06290322580645161,0.5661290322580644,0.7165322580645161,0.7165322580645161,-1.0,-1.0
yolov8n_dataset_2_exp_dataset_quality_138,0.6,0.5990566037735849,1.3038404810405297,"[-2, 1, 0, 0, 1, 0, 1, 2, 1, 0, 2, 0, 1, 3, -1, 1, 0, 2, -1, 1]","[13, 15, 13, 11, 8, 12, 15, 9, 12, 14, 12, 12, 12, 15, 15, 11, 12, 13, 9, 15]",0.9171532634032635,0.06896663872047772,0.614183702849595,0.886572092411731,0.7606769422797085,0.614183702849595,-1.0,-1.0,0.06290322580645161,0.5633064516129032,0.6754032258064515,0.6754032258064515,-1.0,-1.0
yolov8n_dataset_2_exp_dataset_quality_138,0.7,-2.5377358490566033,3.872983346207417,"[2, 4, 3, 2, 3, 2, 8, 3, 3, 0, 6, 2, 1, 5, 6, 4, 4, 5, 3, 2]","[13, 15, 13, 11, 8, 12, 15, 9, 12, 14, 12, 12, 12, 15, 15, 11, 12, 13, 9, 15]",0.7238490675990674,0.13385763998815223,0.4940514615374328,0.695986505188474,0.6374691418340134,0.4940514615374328,-1.0,-1.0,0.06290322580645161,0.5108870967741936,0.5387096774193548,0.5387096774193548,-1.0,-1.0
yolov8n_dataset_2_exp_dataset_quality_138,0.8,-21.275943396226413,9.718538984847465,"[10, 9, 11, 10, 7, 10, 13, 7, 10, 10, 10, 8, 7, 11, 12, 8, 10, 11, 6, 11]","[13, 15, 13, 11, 8, 12, 15, 9, 12, 14, 12, 12, 12, 15, 15, 11, 12, 13, 9, 15]",0.2275850538350538,0.08970006216510375,0.16551761505524407,0.22772277227722773,0.21383373568291308,0.16551761505524407,-1.0,-1.0,0.06290322580645161,0.1745967741935484,0.1745967741935484,0.1745967741935484,-1.0,-1.0
yolov8n_dataset_2_exp_dataset_quality_138,0.9,,14.0,[14],[15],0.06666666666666665,0.0,0.008910891089108907,0.0099009900990099,0.0099009900990099,0.008910891089108907,-1.0,-1.0,0.003629032258064516,0.003629032258064516,0.003629032258064516,0.003629032258064516,-1.0,-1.0
yolov8n_dataset_2_exp_dataset_quality_139,0.29,0.8702830188679246,0.7416198487095663,"[-2, 0, -1, 0, 1, 0, 1, 1, 0, 0, 0, 0, 0, 1, -1, 0, -1, 0, 0, 0]","[13, 15, 13, 11, 8, 12, 15, 9, 12, 14, 12, 12, 12, 15, 15, 11, 12, 13, 9, 15]",0.9624893162393164,0.049846377843736536,0.6767914586373166,0.9711850530267957,0.8093043127855327,0.6767914586373166,-1.0,-1.0,0.061290322580645165,0.5923387096774194,0.747983870967742,0.747983870967742,-1.0,-1.0
yolov8n_dataset_2_exp_dataset_quality_139,0.4,0.7877358490566038,0.9486832980505138,"[-2, 1, -1, 0, 1, 0, 1, 2, 0, 0, 0, 1, 0, 1, -1, 1, -1, 0, 1, 0]","[13, 15, 13, 11, 8, 12, 15, 9, 12, 14, 12, 12, 12, 15, 15, 11, 12, 13, 9, 15]",0.9393327505827506,0.060522731398122406,0.6641510669500977,0.9517440362409377,0.7918528457203646,0.6641510669500977,-1.0,-1.0,0.061290322580645165,0.5862903225806452,0.7346774193548387,0.7346774193548387,-1.0,-1.0
yolov8n_dataset_2_exp_dataset_quality_139,0.5,-0.7452830188679243,2.7202941017470885,"[0, 1, 2, 4, 2, 0, 5, 3, 3, 1, 4, 1, 0, 4, 3, 2, 2, 3, 2, 4]","[13, 15, 13, 11, 8, 12, 15, 9, 12, 14, 12, 12, 12, 15, 15, 11, 12, 13, 9, 15]",0.8113139638139639,0.11497193291786312,0.5594034105224329,0.7865688439715488,0.6681507875162842,0.5594034105224329,-1.0,-1.0,0.061290322580645165,0.5592741935483871,0.617741935483871,0.617741935483871,-1.0,-1.0
yolov8n_dataset_2_exp_dataset_quality_139,0.6,-17.917082294264333,9.168022228318787,"[9, 10, 9, 6, 8, 10, 8, 9, 12, 11, 7, 8, 11, 10, 9, 7, 9, 6, 12]","[13, 15, 11, 8, 12, 15, 9, 12, 14, 12, 12, 12, 15, 15, 11, 12, 13, 9, 15]",0.2692801350696087,0.09387535686621988,0.19481023181191118,0.25742574257425743,0.23698659339618172,0.19481023181191118,-1.0,-1.0,0.05887096774193549,0.2060483870967742,0.2060483870967742,0.2060483870967742,-1.0,-1.0
yolov8n_dataset_2_exp_dataset_quality_139,0.7,,11.0,"[11, 11]","[12, 12]",0.08333333333333337,0.0,0.007425742574257425,0.009900990099009901,0.009900990099009901,0.007425742574257425,-1.0,-1.0,0.006048387096774193,0.006048387096774193,0.006048387096774193,0.006048387096774193,-1.0,-1.0
yolov8n_dataset_2_exp_dataset_quality_140,0.29,0.9174528301886793,0.5916079783099616,"[-1, 0, 0, 0, 0, -1, 0, 1, 0, -1, 0, 0, 0, 1, -1, 0, -1, 0, 0, 0]","[13, 15, 13, 11, 8, 12, 15, 9, 12, 14, 12, 12, 12, 15, 15, 11, 12, 13, 9, 15]",0.9720268620268622,0.039046592942585466,0.5556760264521855,0.9474907204004953,0.6305654289786374,0.5556760264521855,-1.0,-1.0,0.05967741935483871,0.5024193548387096,0.6209677419354839,0.6209677419354839,-1.0,-1.0
yolov8n_dataset_2_exp_dataset_quality_140,0.4,0.8349056603773585,0.8366600265340756,"[-1, 0, 0, 0, 1, -1, 0, 1, 0, 0, 1, 0, 0, 1, -1, 2, -1, 1, 0, 1]","[13, 15, 13, 11, 8, 12, 15, 9, 12, 14, 12, 12, 12, 15, 15, 11, 12, 13, 9, 15]",0.9489112276612277,0.05235850612061557,0.5468811599763337,0.9285235640287206,0.6234763200677462,0.5468811599763337,-1.0,-1.0,0.05967741935483871,0.4987903225806451,0.6108870967741936,0.6108870967741936,-1.0,-1.0
yolov8n_dataset_2_exp_dataset_quality_140,0.5,-1.9481132075471694,3.5355339059327378,"[3, 4, 5, 1, 4, 3, 5, 5, 2, 1, 4, 2, 0, 7, 2, 3, 2, 5, 2, 2]","[13, 15, 13, 11, 8, 12, 15, 9, 12, 14, 12, 12, 12, 15, 15, 11, 12, 13, 9, 15]",0.7435245310245311,0.14522232310930933,0.44455883319019585,0.7271218149331514,0.5333396818983456,0.44455883319019585,-1.0,-1.0,0.05967741935483871,0.4608870967741935,0.4927419354838709,0.4927419354838709,-1.0,-1.0
yolov8n_dataset_2_exp_dataset_quality_140,0.6,-16.382075471698112,8.5848704125339,"[10, 9, 11, 9, 6, 5, 14, 8, 6, 9, 8, 9, 6, 12, 7, 7, 7, 8, 6, 9]","[13, 15, 13, 11, 8, 12, 15, 9, 12, 14, 12, 12, 12, 15, 15, 11, 12, 13, 9, 15]",0.3274802974802975,0.14056513114373184,0.22032447950254186,0.33663366336633666,0.2865999664590043,0.22032447950254186,-1.0,-1.0,0.05967741935483871,0.23266129032258065,0.23266129032258065,0.23266129032258065,-1.0,-1.0
yolov8n_dataset_2_exp_dataset_quality_140,0.7,-37.928044280442805,11.173457560046211,"[12, 13, 9, 11, 13, 10, 11, 9, 14, 10, 9, 8, 14]","[13, 15, 12, 12, 14, 12, 12, 12, 15, 15, 11, 9, 15]",0.1442010980472519,0.08345691585928482,0.07007963839862247,0.09900990099009901,0.09900990099009901,0.07007963839862247,-1.0,-1.0,0.038306451612903226,0.07137096774193549,0.07137096774193549,0.07137096774193549,-1.0,-1.0
yolov8n_dataset_2_exp_dataset_quality_140,0.8,-84.5,13.076696830622021,"[11, 14, 14]","[12, 15, 15]",0.07222222222222223,0.007856742013183886,0.01485148514851485,0.019801980198019802,0.019801980198019802,0.01485148514851485,-1.0,-1.0,0.009274193548387096,0.009274193548387096,0.009274193548387096,0.009274193548387096,-1.0,-1.0
yolov8n_dataset_2_exp_dataset_quality_141,0.29,0.6698113207547169,1.1832159566199232,"[-3, 0, -1, 0, -2, -2, 0, 0, -1, -1, 0, -1, 0, 1, -1, 0, -2, 0, -1, 0]","[13, 15, 13, 11, 8, 12, 15, 9, 12, 14, 12, 12, 12, 15, 15, 11, 12, 13, 9, 15]",0.931321733821734,0.07845972402770929,0.6544524889695511,0.9267753056297497,0.8120451444804202,0.6544524889695511,-1.0,-1.0,0.05846774193548386,0.5858870967741935,0.7443548387096774,0.7443548387096774,-1.0,-1.0
yolov8n_dataset_2_exp_dataset_quality_141,0.4,0.7877358490566038,0.9486832980505138,"[-2, 0, -1, 0, 0, -1, 1, 0, -1, 1, 0, -1, 0, 1, 0, 1, -2, 1, -1, 0]","[13, 15, 13, 11, 8, 12, 15, 9, 12, 14, 12, 12, 12, 15, 15, 11, 12, 13, 9, 15]",0.943442945942946,0.05231688730525762,0.6449032383763135,0.9080507211177271,0.8033865146422811,0.6449032383763135,-1.0,-1.0,0.05846774193548386,0.5858870967741935,0.7342741935483871,0.7342741935483871,-1.0,-1.0
yolov8n_dataset_2_exp_dataset_quality_141,0.5,-1.382075471698113,3.1780497164141406,"[1, 2, 7, 1, 1, -1, 3, 1, -1, 3, 3, 1, 0, 6, 4, 4, 3, 5, 3, 2]","[13, 15, 13, 11, 8, 12, 15, 9, 12, 14, 12, 12, 12, 15, 15, 11, 12, 13, 9, 15]",0.7939195526695526,0.1364551193706498,0.531866331928284,0.7302175907040573,0.6639259357421228,0.531866331928284,-1.0,-1.0,0.05846774193548386,0.5451612903225806,0.6048387096774193,0.6048387096774193,-1.0,-1.0
yolov8n_dataset_2_exp_dataset_quality_141,0.6,-16.063679245283016,8.50588031893231,"[9, 6, 11, 8, 4, 8, 12, 7, 7, 12, 9, 7, 8, 12, 8, 8, 8, 8, 6, 7]","[13, 15, 13, 11, 8, 12, 15, 9, 12, 14, 12, 12, 12, 15, 15, 11, 12, 13, 9, 15]",0.33366772116772114,0.12339556822390345,0.22542662668054617,0.305365698653563,0.2800015433028788,0.22542662668054617,-1.0,-1.0,0.05846774193548386,0.24879032258064515,0.24879032258064515,0.24879032258064515,-1.0,-1.0
yolov8n_dataset_2_exp_dataset_quality_141,0.7,-26.801724137931032,11.357816691600547,"[12, 13, 8, 13, 11, 10, 13, 11, 8, 13]","[13, 15, 9, 14, 12, 12, 15, 12, 9, 15]",0.1103907203907204,0.029748020304735213,0.04503947098006505,0.05728429985855729,0.05728429985855729,0.04503947098006505,-1.0,-1.0,0.029435483870967737,0.042741935483870966,0.042741935483870966,0.042741935483870966,-1.0,-1.0
yolov8n_dataset_2_exp_dataset_quality_142,0.29,0.8820754716981132,0.7071067811865476,"[-1, 0, -1, 0, -1, 0, 0, 0, 0, 0, 1, -2, 1, 1, 0, 0, 0, 0, 0, 0]","[13, 15, 13, 11, 8, 12, 15, 9, 12, 14, 12, 12, 12, 15, 15, 11, 12, 13, 9, 15]",0.9660576923076925,0.05026371733574456,0.6598298563913386,0.9621485113527815,0.8133325912244004,0.6598298563913386,-1.0,-1.0,0.061693548387096765,0.5923387096774193,0.7241935483870968,0.7241935483870968,-1.0,-1.0
yolov8n_dataset_2_exp_dataset_quality_142,0.4,0.9410377358490566,0.5,"[0, 0, -1, 0, 0, 0, 0, 0, 0, 0, 1, -1, 1, 1, 0, 0, 0, 0, 0, 0]","[13, 15, 13, 11, 8, 12, 15, 9, 12, 14, 12, 12, 12, 15, 15, 11, 12, 13, 9, 15]",0.9803205128205128,0.03424127131703741,0.6598298563913386,0.9621485113527815,0.8133325912244004,0.6598298563913386,-1.0,-1.0,0.061693548387096765,0.5923387096774193,0.7241935483870968,0.7241935483870968,-1.0,-1.0
yolov8n_dataset_2_exp_dataset_quality_142,0.5,0.7641509433962265,1.0,"[0, 0, -1, 0, 1, 0, 0, 2, 0, 0, 1, -1, 1, 3, 0, 0, 0, 1, 1, 0]","[13, 15, 13, 11, 8, 12, 15, 9, 12, 14, 12, 12, 12, 15, 15, 11, 12, 13, 9, 15]",0.9468910256410258,0.06841410116797743,0.6446496557281073,0.9329591298640253,0.7959148058632972,0.6446496557281073,-1.0,-1.0,0.061693548387096765,0.5838709677419355,0.709274193548387,0.709274193548387,-1.0,-1.0
yolov8n_dataset_2_exp_dataset_quality_142,0.6,-0.8042452830188678,2.7658633371878665,"[1, 1, 1, 4, 2, 1, 3, 2, 1, 3, 5, -1, 1, 7, 0, 0, 3, 4, 1, 2]","[13, 15, 13, 11, 8, 12, 15, 9, 12, 14, 12, 12, 12, 15, 15, 11, 12, 13, 9, 15]",0.825526973026973,0.13114099076438052,0.5628238789728937,0.806862009282402,0.6995094896560008,0.5628238789728937,-1.0,-1.0,0.061693548387096765,0.5508064516129033,0.6149193548387096,0.6149193548387096,-1.0,-1.0
yolov8n_dataset_2_exp_dataset_quality_142,0.7,-21.18834080717489,8.792752697534487,"[6, 9, 9, 8, 12, 7, 10, 13, 5, 4, 8, 8, 10, 8, 6, 12]","[13, 15, 13, 12, 15, 9, 12, 14, 12, 12, 15, 11, 12, 13, 9, 15]",0.3321133727383727,0.16141917501578987,0.2003092616954003,0.27722772277227725,0.2496249624962496,0.2003092616954003,-1.0,-1.0,0.04879032258064516,0.2096774193548387,0.2096774193548387,0.2096774193548387,-1.0,-1.0
yolov8n_dataset_2_exp_dataset_quality_142,0.8,,12.0,[12],[13],0.07692307692307687,0.0,0.004950495049504949,0.0099009900990099,0.0,0.004950495049504949,-1.0,-1.0,0.0020161290322580645,0.0020161290322580645,0.0020161290322580645,0.0020161290322580645,-1.0,-1.0
yolov8n_dataset_2_exp_dataset_quality_143,0.29,0.6698113207547169,1.1832159566199232,"[-2, 0, -1, 0, -2, 0, 0, 0, 1, -1, 1, -1, 2, 1, -1, 0, -3, 0, 0, 0]","[13, 15, 13, 11, 8, 12, 15, 9, 12, 14, 12, 12, 12, 15, 15, 11, 12, 13, 9, 15]",0.93239010989011,0.07929876884903896,0.651124357289215,0.9469300092684093,0.7913550507514464,0.651124357289215,-1.0,-1.0,0.06370967741935483,0.5810483870967742,0.7201612903225806,0.7201612903225806,-1.0,-1.0
yolov8n_dataset_2_exp_dataset_quality_143,0.4,0.7877358490566038,0.9486832980505138,"[0, 0, -1, 0, 0, 0, 0, 0, 1, 0, 1, 0, 2, 1, -1, 0, -3, 0, 0, 0]","[13, 15, 13, 11, 8, 12, 15, 9, 12, 14, 12, 12, 12, 15, 15, 11, 12, 13, 9, 15]",0.9603205128205129,0.06613753898593726,0.651124357289215,0.9469300092684093,0.7913550507514464,0.651124357289215,-1.0,-1.0,0.06370967741935483,0.5810483870967742,0.7201612903225806,0.7201612903225806,-1.0,-1.0
yolov8n_dataset_2_exp_dataset_quality_143,0.5,0.7523584905660378,1.02469507659596,"[1, 0, -1, 0, 1, 0, 1, 1, 1, 0, 1, 0, 2, 1, -1, 0, -2, 0, 2, 0]","[13, 15, 13, 11, 8, 12, 15, 9, 12, 14, 12, 12, 12, 15, 15, 11, 12, 13, 9, 15]",0.9343910256410257,0.06552661369146215,0.6400407459983557,0.9181331923817547,0.782706838991495,0.6400407459983557,-1.0,-1.0,0.06370967741935483,0.5737903225806451,0.709274193548387,0.709274193548387,-1.0,-1.0
yolov8n_dataset_2_exp_dataset_quality_143,0.6,-0.9575471698113205,2.8809720581775866,"[3, 2, 0, 0, 2, 1, 5, 2, 2, 2, 6, 1, 2, 6, 3, 0, 4, 2, 2, 1]","[13, 15, 13, 11, 8, 12, 15, 9, 12, 14, 12, 12, 12, 15, 15, 11, 12, 13, 9, 15]",0.8155708180708181,0.13080579081881116,0.5452831585395098,0.7838009837090345,0.660451335287155,0.5452831585395098,-1.0,-1.0,0.06370967741935483,0.5483870967741936,0.5983870967741935,0.5983870967741935,-1.0,-1.0
yolov8n_dataset_2_exp_dataset_quality_143,0.7,-16.582547169811317,8.634234187233979,"[6, 9, 10, 9, 7, 6, 12, 6, 7, 9, 11, 7, 5, 11, 10, 6, 11, 10, 5, 10]","[13, 15, 13, 11, 8, 12, 15, 9, 12, 14, 12, 12, 12, 15, 15, 11, 12, 13, 9, 15]",0.3256475468975469,0.14348045991716826,0.23527981833078082,0.32673267326732675,0.2830569878693296,0.23527981833078082,-1.0,-1.0,0.06370967741935483,0.24919354838709676,0.24919354838709676,0.24919354838709676,-1.0,-1.0
yolov8n_dataset_2_exp_dataset_quality_143,0.8,-96.33333333333333,12.816005617976296,"[14, 12, 11, 14]","[15, 13, 12, 15]",0.07339743589743589,0.00710208968146166,0.016666666666666666,0.019801980198019802,0.019801980198019802,0.016666666666666666,-1.0,-1.0,0.01411290322580645,0.01411290322580645,0.01411290322580645,0.01411290322580645,-1.0,-1.0
yolov8n_dataset_2_exp_dataset_quality_144,0.29,0.6933962264150944,1.140175425099138,"[0, 0, -1, 0, 1, 0, 1, 2, 1, 0, 1, 0, 1, 3, -1, 0, -2, 1, 0, 1]","[13, 15, 13, 11, 8, 12, 15, 9, 12, 14, 12, 12, 12, 15, 15, 11, 12, 13, 9, 15]",0.9341132478632478,0.06781047038542726,0.6584331968130885,0.9329125798182636,0.8033818701900793,0.6584331968130885,-1.0,-1.0,0.0657258064516129,0.5935483870967742,0.7221774193548387,0.7221774193548387,-1.0,-1.0
yolov8n_dataset_2_exp_dataset_quality_144,0.4,0.20990566037735858,1.8303005217723127,"[1, 0, -1, 0, 2, 1, 2, 2, 1, 2, 3, 0, 1, 5, 1, 1, 1, 2, 1, 2]","[13, 15, 13, 11, 8, 12, 15, 9, 12, 14, 12, 12, 12, 15, 15, 11, 12, 13, 9, 15]",0.8812604062604062,0.08596832154254468,0.6152755283384251,0.8651236361056311,0.7500428801636637,0.6152755283384251,-1.0,-1.0,0.0657258064516129,0.5850806451612903,0.675,0.675,-1.0,-1.0
yolov8n_dataset_2_exp_dataset_quality_144,0.5,-7.856132075471697,6.1278054799414114,"[4, 3, 5, 6, 4, 6, 4, 3, 6, 5, 11, 2, 2, 11, 7, 3, 8, 7, 5, 9]","[13, 15, 13, 11, 8, 12, 15, 9, 12, 14, 12, 12, 12, 15, 15, 11, 12, 13, 9, 15]",0.5510841935841937,0.19211789758085934,0.38958218055153265,0.5427104917703885,0.48009813909542015,0.38958218055153265,-1.0,-1.0,0.0657258064516129,0.4125,0.4229838709677419,0.4229838709677419,-1.0,-1.0
yolov8n_dataset_2_exp_dataset_quality_144,0.6,-19.75278810408922,10.673732778581794,"[13, 11, 10, 6, 14, 8, 13, 8, 7, 13, 9, 12, 8, 13]","[15, 13, 11, 8, 15, 9, 14, 12, 12, 15, 11, 13, 9, 15]",0.16170099741528313,0.09987153741389455,0.08342165645135943,0.10891089108910891,0.10659332599926659,0.08342165645135943,-1.0,-1.0,0.04475806451612903,0.08387096774193548,0.08387096774193548,0.08387096774193548,-1.0,-1.0
yolov8n_dataset_2_exp_dataset_quality_144,0.7,-13.444444444444445,11.40175425099138,"[14, 8]","[15, 9]",0.0888888888888889,0.022222222222222254,0.008415841584158416,0.009900990099009901,0.009900990099009901,0.008415841584158416,-1.0,-1.0,0.006854838709677419,0.006854838709677419,0.006854838709677419,0.006854838709677419,-1.0,-1.0
yolov8n_dataset_2_exp_dataset_quality_145,0.29,0.8113207547169812,0.8944271909999159,"[-1, 1, -1, 1, 1, 0, 1, 1, 0, 0, -2, 0, 0, 1, 0, 1, -1, 1, 0, 1]","[13, 15, 13, 11, 8, 12, 15, 9, 12, 14, 12, 12, 12, 15, 15, 11, 12, 13, 9, 15]",0.9417317404817405,0.04839797649508521,0.5358854153536149,0.92643203745398,0.5579364703400499,0.5358854153536149,-1.0,-1.0,0.057258064516129026,0.5004032258064516,0.6157258064516129,0.6157258064516129,-1.0,-1.0
yolov8n_dataset_2_exp_dataset_quality_145,0.4,-0.4033018867924527,2.4392621835300936,"[1, 2, 4, 1, 3, 2, 2, 1, 3, 3, 0, 1, 0, 5, 3, 3, 0, 4, 0, 1]","[13, 15, 13, 11, 8, 12, 15, 9, 12, 14, 12, 12, 12, 15, 15, 11, 12, 13, 9, 15]",0.8438496225996225,0.11778677190914406,0.471209774975791,0.8105938232196259,0.4918360849274477,0.471209774975791,-1.0,-1.0,0.057258064516129026,0.4814516129032258,0.5391129032258065,0.5391129032258065,-1.0,-1.0
yolov8n_dataset_2_exp_dataset_quality_145,0.5,-9.424528301886792,6.648308055437865,"[8, 6, 8, 8, 5, 5, 8, 6, 5, 8, 6, 7, 5, 8, 9, 6, 4, 7, 5, 6]","[13, 15, 13, 11, 8, 12, 15, 9, 12, 14, 12, 12, 12, 15, 15, 11, 12, 13, 9, 15]",0.47030289155289157,0.10088512483582121,0.2719090813664692,0.46042311858304463,0.29248101888561584,0.2719090813664692,-1.0,-1.0,0.057258064516129026,0.3044354838709677,0.3044354838709677,0.3044354838709677,-1.0,-1.0
yolov8n_dataset_2_exp_dataset_quality_145,0.6,-26.990842490842493,10.28419690021311,"[12, 12, 10, 6, 10, 10, 13, 9, 8, 9, 11, 12, 9, 9, 12, 8, 12]","[13, 15, 13, 8, 12, 12, 14, 12, 12, 12, 15, 15, 11, 12, 13, 9, 15]",0.1930768577827401,0.07261285943931342,0.10417998391394247,0.16831683168316833,0.11673216663771638,0.10417998391394247,-1.0,-1.0,0.048790322580645154,0.1096774193548387,0.1096774193548387,0.1096774193548387,-1.0,-1.0
yolov8n_dataset_2_exp_dataset_quality_145,0.7,-50.06818181818183,11.729084728632008,"[11, 10, 9, 14, 13, 10, 14]","[12, 12, 12, 15, 15, 11, 15]",0.1225108225108225,0.06221051848689536,0.033518601860186015,0.04950495049504951,0.045004500450045,0.033518601860186015,-1.0,-1.0,0.021370967741935483,0.03185483870967742,0.03185483870967742,0.03185483870967742,-1.0,-1.0
yolov8n_dataset_2_exp_dataset_quality_146,0.29,-33.25581395348837,11.07925990308017,"[12, 13, 7, 11, 9, 11, 10, 11, 13, 14, 9, 11]","[13, 15, 8, 12, 12, 12, 12, 12, 15, 15, 11, 13]",0.12813228438228438,0.051933590250014976,0.05114198847588634,0.07920792079207921,0.05680041688379364,0.05114198847588634,-1.0,-1.0,0.03387096774193548,0.052822580645161286,0.052822580645161286,0.052822580645161286,-1.0,-1.0
yolov8n_dataset_2_exp_dataset_quality_146,0.4,,10.0,[10],[11],0.09090909090909094,0.0,0.007920792079207917,0.0099009900990099,0.0099009900990099,0.007920792079207917,-1.0,-1.0,0.0032258064516129032,0.0032258064516129032,0.0032258064516129032,0.0032258064516129032,-1.0,-1.0
yolov8n_dataset_2_exp_dataset_quality_147,0.29,0.11556603773584917,1.9364916731037085,"[0, 1, 1, 3, 1, 0, 4, 2, 1, 2, 1, 0, 2, 3, 4, 1, 2, 1, 1, 1]","[13, 15, 13, 11, 8, 12, 15, 9, 12, 14, 12, 12, 12, 15, 15, 11, 12, 13, 9, 15]",0.8757330169830169,0.08483819898652019,0.6377104822908111,0.8685039010813524,0.8061903540181403,0.6377104822908111,-1.0,-1.0,0.06290322580645161,0.5963709677419355,0.6834677419354838,0.6834677419354838,-1.0,-1.0
yolov8n_dataset_2_exp_dataset_quality_147,0.4,-7.396226415094338,5.966573556070519,"[3, 5, 9, 7, 3, 4, 10, 5, 3, 7, 9, 3, 2, 8, 6, 3, 6, 6, 4, 7]","[13, 15, 13, 11, 8, 12, 15, 9, 12, 14, 12, 12, 12, 15, 15, 11, 12, 13, 9, 15]",0.5590646853146853,0.1623863363391162,0.40920751618283935,0.5523748026976611,0.5188751271350841,0.40920751618283935,-1.0,-1.0,0.06290322580645161,0.43306451612903213,0.43306451612903213,0.43306451612903213,-1.0,-1.0
yolov8n_dataset_2_exp_dataset_quality_147,0.5,-28.62139037433155,10.40132203135736,"[11, 11, 9, 6, 10, 14, 9, 12, 10, 6, 12, 12, 9, 9, 11, 12]","[13, 15, 11, 8, 12, 15, 12, 14, 12, 12, 15, 15, 11, 12, 13, 15]",0.20817828005328004,0.08981269202735022,0.13220685134715562,0.16831683168316833,0.16360207449316358,0.13220685134715562,-1.0,-1.0,0.050806451612903224,0.13709677419354838,0.13709677419354838,0.13709677419354838,-1.0,-1.0
yolov8n_dataset_2_exp_dataset_quality_147,0.6,-43.99999999999999,11.40175425099138,"[11, 10, 13]","[12, 11, 15]",0.10252525252525253,0.022003051425042358,0.016501650165016504,0.019801980198019802,0.019801980198019802,0.016501650165016504,-1.0,-1.0,0.00967741935483871,0.013306451612903225,0.013306451612903225,0.013306451612903225,-1.0,-1.0
yolov8n_dataset_2_exp_dataset_quality_148,0.29,-22.779411764705884,10.382677881933928,"[12, 10, 7, 11, 13, 8, 9, 13, 11, 7, 14, 6, 10, 7, 13]","[13, 11, 8, 12, 15, 9, 12, 14, 12, 12, 15, 11, 12, 9, 15]",0.16569819069819072,0.11809263326366244,0.06948938072218015,0.10686241037896892,0.08266411348781055,0.06948938072218015,-1.0,-1.0,0.039919354838709675,0.07016129032258064,0.07016129032258064,0.07016129032258064,-1.0,-1.0
yolov8n_dataset_2_exp_dataset_quality_148,0.4,-529.0,11.510864433221338,"[12, 11]","[13, 12]",0.08012820512820512,0.0032051282051282493,0.00891089108910891,0.009900990099009901,0.009900990099009901,0.00891089108910891,-1.0,-1.0,0.006854838709677419,0.006854838709677419,0.006854838709677419,0.006854838709677419,-1.0,-1.0
yolov8n_dataset_2_exp_dataset_quality_149,0.29,-23.176433915211962,10.364412797239357,"[13, 11, 9, 5, 10, 14, 6, 10, 13, 8, 9, 10, 12, 13, 10, 10, 9, 6, 13]","[15, 13, 11, 8, 12, 15, 9, 12, 14, 12, 12, 12, 15, 15, 11, 12, 13, 9, 15]",0.1981067178435599,0.09302959656791689,0.0,0.0,0.0,0.0,-1.0,-1.0,0.0,0.0,0.0,0.0,-1.0,-1.0
yolov8n_dataset_2_exp_dataset_quality_149,0.4,-23.80423940149625,10.498120132470836,"[13, 11, 9, 5, 10, 14, 6, 10, 13, 8, 9, 11, 12, 13, 10, 10, 10, 7, 13]","[15, 13, 11, 8, 12, 15, 9, 12, 14, 12, 12, 12, 15, 15, 11, 12, 13, 9, 15]",0.18382421671895355,0.08708659188046881,0.0,0.0,0.0,0.0,-1.0,-1.0,0.0,0.0,0.0,0.0,-1.0,-1.0
yolov8n_dataset_2_exp_dataset_quality_149,0.5,-25.427057356608472,10.836099511889827,"[13, 12, 10, 6, 11, 14, 6, 10, 13, 8, 9, 11, 12, 13, 10, 11, 10, 8, 14]","[15, 13, 11, 8, 12, 15, 9, 12, 14, 12, 12, 12, 15, 15, 11, 12, 13, 9, 15]",0.15028334238860555,0.0871506390558732,0.0,0.0,0.0,0.0,-1.0,-1.0,0.0,0.0,0.0,0.0,-1.0,-1.0
yolov8n_dataset_2_exp_dataset_quality_149,0.6,-24.776971894832275,10.538619454178995,"[14, 12, 10, 6, 7, 10, 13, 8, 10, 11, 12, 13, 10, 11, 10, 8]","[15, 13, 11, 8, 9, 12, 14, 12, 12, 12, 15, 15, 11, 12, 13, 9]",0.14860035797535798,0.07685037193401006,0.0,0.0,0.0,0.0,-1.0,-1.0,0.0,0.0,0.0,0.0,-1.0,-1.0
yolov8n_dataset_2_exp_dataset_quality_149,0.7,-24.28933333333333,10.593902455222496,"[14, 7, 7, 11, 13, 9, 10, 11, 12, 10, 11, 12, 8]","[15, 8, 9, 12, 14, 12, 12, 12, 15, 11, 12, 13, 9]",0.12545595430210815,0.06049987914721369,0.0,0.0,0.0,0.0,-1.0,-1.0,0.0,0.0,0.0,0.0,-1.0,-1.0
yolov8n_dataset_2_exp_dataset_quality_149,0.8,-22.824766355140188,11.220021786471223,"[14, 7, 11, 13, 10, 11, 13, 12, 8]","[15, 8, 12, 14, 12, 12, 15, 13, 9]",0.1019773436440103,0.03211846289852886,0.0,0.0,0.0,0.0,-1.0,-1.0,0.0,0.0,0.0,0.0,-1.0,-1.0
yolov8n_dataset_2_exp_dataset_quality_149,0.9,-92.44999999999999,12.351980754981307,"[14, 11, 13, 11, 11, 14, 12]","[15, 12, 14, 12, 12, 15, 13]",0.07595499738356881,0.007144342507954398,0.0,0.0,0.0,0.0,-1.0,-1.0,0.0,0.0,0.0,0.0,-1.0,-1.0
yolov8n_dataset_2_exp_dataset_quality_149,0.95,-102.38235294117646,11.85748708622531,"[11, 11, 11, 14, 12]","[12, 12, 12, 15, 13]",0.07871794871794872,0.00651705898827635,0.0,0.0,0.0,0.0,-1.0,-1.0,0.0,0.0,0.0,0.0,-1.0,-1.0
yolov8n_dataset_2_exp_dataset_quality_150,0.29,,11.0,"[11, 11]","[12, 12]",0.08333333333333337,0.0,0.007920792079207921,0.009900990099009901,0.009900990099009901,0.007920792079207921,-1.0,-1.0,0.0064516129032258064,0.0064516129032258064,0.0064516129032258064,0.0064516129032258064,-1.0,-1.0
yolov8n_dataset_3_exp_dataset_quality_153,0.29,0.8035817446562681,0.9219544457292888,"[-1, -2, -1, -1, 0, 1, 0, 0, -1, -1, 1, -1, 0, -2, 0, 1, 0, 0, 0, 0]","[13, 14, 11, 10, 12, 14, 14, 12, 15, 9, 8, 14, 15, 11, 14, 11, 10, 11, 15, 14]",0.9435474247974248,0.05691811664027495,0.6113187522395379,0.9390472181099943,0.7024681157959732,0.6113187522395379,-1.0,-1.0,0.06558704453441297,0.5554655870445344,0.6753036437246964,0.6753036437246964,-1.0,-1.0
yolov8n_dataset_3_exp_dataset_quality_153,0.4,0.8497978047371462,0.806225774829855,"[-1, -1, -1, -1, 0, 1, 0, 0, -1, -1, 1, 0, 0, -2, 0, 1, 0, 0, 0, 0]","[13, 14, 11, 10, 12, 14, 14, 12, 15, 9, 8, 14, 15, 11, 14, 11, 10, 11, 15, 14]",0.9506902819402819,0.054540890994593784,0.6097846857894147,0.9390472181099943,0.7024681157959732,0.6097846857894147,-1.0,-1.0,0.06558704453441297,0.5554655870445344,0.6716599190283401,0.6716599190283401,-1.0,-1.0
yolov8n_dataset_3_exp_dataset_quality_153,0.5,0.8729058347775852,0.7416198487095663,"[-1, 1, 0, 0, 0, 1, 0, 0, 2, -1, 1, 0, 0, -1, 0, 1, 0, 0, 0, 0]","[13, 14, 11, 10, 12, 14, 14, 12, 15, 9, 8, 14, 15, 11, 14, 11, 10, 11, 15, 14]",0.9614478576978577,0.04933217524305625,0.6036929922827146,0.9296631471727802,0.6949926694561586,0.6036929922827146,-1.0,-1.0,0.06558704453441297,0.5554655870445344,0.6651821862348178,0.6651821862348178,-1.0,-1.0
yolov8n_dataset_3_exp_dataset_quality_153,0.6,0.4685153090699018,1.51657508881031,"[0, 1, 2, 2, 1, 2, 0, 0, 3, 0, 2, 4, 1, -1, 0, 1, 0, 0, 0, 0]","[13, 14, 11, 10, 12, 14, 14, 12, 15, 9, 8, 14, 15, 11, 14, 11, 10, 11, 15, 14]",0.9168181818181818,0.09279930640112266,0.5815037571952819,0.8822937110042507,0.6794595905608857,0.5815037571952819,-1.0,-1.0,0.06558704453441297,0.5445344129554657,0.6404858299595142,0.6404858299595142,-1.0,-1.0
yolov8n_dataset_3_exp_dataset_quality_153,0.7,-2.1658001155401503,3.7013511046643495,"[0, 2, 3, 7, 2, 5, 1, 1, 8, 0, 3, 9, 2, -1, 2, 3, 3, 0, 0, 0]","[13, 14, 11, 10, 12, 14, 14, 12, 15, 9, 8, 14, 15, 11, 14, 11, 10, 11, 15, 14]",0.7857413419913419,0.21014203304872203,0.5229763218096439,0.7670723398335622,0.6229879226109946,0.5229763218096439,-1.0,-1.0,0.06558704453441297,0.5004048582995951,0.5728744939271256,0.5728744939271256,-1.0,-1.0
yolov8n_dataset_3_exp_dataset_quality_153,0.8,-8.924898902368573,6.553624951124378,"[3, 7, 8, 8, 2, 11, 4, 5, 10, 5, 3, 13, 3, 1, 7, 5, 6, 2, 4, 8]","[13, 14, 11, 10, 12, 14, 14, 12, 15, 9, 8, 14, 15, 11, 14, 11, 10, 11, 15, 14]",0.5348017260517259,0.23408244083088442,0.3736952712844245,0.52389798979898,0.4589735803588704,0.3736952712844245,-1.0,-1.0,0.06558704453441297,0.3914979757085021,0.40283400809716596,0.40283400809716596,-1.0,-1.0
yolov8n_dataset_3_exp_dataset_quality_153,0.9,-32.223880597014926,11.795126112085448,"[12, 12, 8, 14, 13, 10, 10, 14]","[13, 14, 9, 15, 14, 11, 11, 15]",0.08968392718392718,0.024609964965842376,0.033484598459845985,0.039603960396039604,0.039603960396039604,0.033484598459845985,-1.0,-1.0,0.02793522267206478,0.031174089068825912,0.031174089068825912,0.031174089068825912,-1.0,-1.0
yolov8n_dataset_3_exp_dataset_quality_154,0.29,0.9191218948584633,0.5916079783099616,"[-1, -1, 0, -2, 0, 0, 0, 0, 0, -1, 0, 0, 0, 0, 0, 0, 0, 0, 0, 0]","[13, 14, 11, 10, 12, 14, 14, 12, 15, 9, 8, 14, 15, 11, 14, 11, 10, 11, 15, 14]",0.9770268620268621,0.0513855905022649,0.6816439169586459,0.9724166213015786,0.830698837284908,0.6816439169586459,-1.0,-1.0,0.06639676113360324,0.5979757085020243,0.7336032388663968,0.7336032388663968,-1.0,-1.0
yolov8n_dataset_3_exp_dataset_quality_154,0.4,0.9653379549393414,0.3872983346207417,"[0, -1, 0, -1, 0, 0, 0, 0, 0, -1, 0, 0, 0, 0, 0, 0, 0, 0, 0, 0]","[13, 14, 11, 10, 12, 14, 14, 12, 15, 9, 8, 14, 15, 11, 14, 11, 10, 11, 15, 14]",0.9858730158730158,0.03424637660993568,0.6816439169586459,0.9724166213015786,0.830698837284908,0.6816439169586459,-1.0,-1.0,0.06639676113360324,0.5979757085020243,0.7336032388663968,0.7336032388663968,-1.0,-1.0
yolov8n_dataset_3_exp_dataset_quality_154,0.5,0.7458116695551704,1.0488088481701516,"[0, 0, 1, 3, 0, 2, 1, 0, 0, -1, 0, 2, 1, 0, 0, 0, 1, 0, 0, 0]","[13, 14, 11, 10, 12, 14, 14, 12, 15, 9, 8, 14, 15, 11, 14, 11, 10, 11, 15, 14]",0.9487085137085138,0.07692744058327033,0.6580581994265008,0.9332406135495221,0.8046926138439089,0.6580581994265008,-1.0,-1.0,0.06639676113360324,0.5894736842105263,0.7068825910931175,0.7068825910931175,-1.0,-1.0
yolov8n_dataset_3_exp_dataset_quality_154,0.6,-1.5765453495089545,3.3391615714128,"[0, 0, 4, 7, 2, 7, 1, 1, 7, 1, 1, 6, 1, 0, 2, 1, 3, 0, 0, 1]","[13, 14, 11, 10, 12, 14, 14, 12, 15, 9, 8, 14, 15, 11, 14, 11, 10, 11, 15, 14]",0.8155862193362193,0.1986866698519203,0.5809943352717143,0.79625809115565,0.7236557666862123,0.5809943352717143,-1.0,-1.0,0.06639676113360324,0.5437246963562752,0.6230769230769231,0.6230769230769231,-1.0,-1.0
yolov8n_dataset_3_exp_dataset_quality_154,0.7,-11.143269786250723,7.249137879775773,"[4, 6, 10, 9, 4, 13, 5, 6, 10, 4, 3, 13, 5, 4, 8, 5, 8, 2, 4, 8]","[13, 14, 11, 10, 12, 14, 14, 12, 15, 9, 8, 14, 15, 11, 14, 11, 10, 11, 15, 14]",0.4689029026529026,0.23626767443094923,0.3525408595219291,0.4624445203141003,0.4337507046614846,0.3525408595219291,-1.0,-1.0,0.06639676113360324,0.37165991902834017,0.37489878542510124,0.37489878542510124,-1.0,-1.0
yolov8n_dataset_3_exp_dataset_quality_154,0.8,-22.08455882352941,11.320020191804304,"[12, 12, 6, 12, 13, 8, 14]","[13, 14, 8, 15, 14, 11, 15]",0.1543718186575329,0.08100913952776939,0.04783891850723534,0.0594059405940594,0.0594059405940594,0.04783891850723534,-1.0,-1.0,0.022672064777327937,0.044534412955465584,0.044534412955465584,0.044534412955465584,-1.0,-1.0
yolov8n_dataset_3_exp_dataset_quality_155,0.29,0.8613518197573657,0.7745966692414834,"[-2, -1, 0, -2, 0, -1, 0, 0, 0, 0, 1, -1, 0, 0, 0, 0, 0, 0, 0, 0]","[13, 14, 11, 10, 12, 14, 14, 12, 15, 9, 8, 14, 15, 11, 14, 11, 10, 11, 15, 14]",0.9653434065934066,0.05940461773769582,0.646371492450287,0.9716097583418638,0.8137500499430818,0.646371492450287,-1.0,-1.0,0.05748987854251012,0.571255060728745,0.7174089068825911,0.7174089068825911,-1.0,-1.0
yolov8n_dataset_3_exp_dataset_quality_155,0.4,0.9653379549393414,0.3872983346207417,"[0, -1, 0, 0, 0, 0, 0, 0, 0, 0, 1, -1, 0, 0, 0, 0, 0, 0, 0, 0]","[13, 14, 11, 10, 12, 14, 14, 12, 15, 9, 8, 14, 15, 11, 14, 11, 10, 11, 15, 14]",0.9866071428571429,0.033347945351755524,0.646371492450287,0.9716097583418638,0.8137500499430818,0.646371492450287,-1.0,-1.0,0.05748987854251012,0.571255060728745,0.7174089068825911,0.7174089068825911,-1.0,-1.0
yolov8n_dataset_3_exp_dataset_quality_155,0.5,0.8613518197573657,0.7745966692414834,"[0, -1, 1, 2, 0, 0, 1, 0, 1, 0, 1, 0, 0, 1, 1, 1, 0, 0, 0, 0]","[13, 14, 11, 10, 12, 14, 14, 12, 15, 9, 8, 14, 15, 11, 14, 11, 10, 11, 15, 14]",0.9560660173160173,0.0554820054763913,0.622130310200582,0.93279674794108,0.7879712147119733,0.622130310200582,-1.0,-1.0,0.05748987854251012,0.5655870445344131,0.6898785425101214,0.6898785425101214,-1.0,-1.0
yolov8n_dataset_3_exp_dataset_quality_155,0.6,-1.1028307336799537,3.0166206257996713,"[1, 1, 5, 6, 3, 5, 1, 0, 6, 1, 1, 5, 1, 1, 2, 3, 2, 0, 1, 1]","[13, 14, 11, 10, 12, 14, 14, 12, 15, 9, 8, 14, 15, 11, 14, 11, 10, 11, 15, 14]",0.8107011044511043,0.16258348861763833,0.5419484004992324,0.7952810206393772,0.7084701010061922,0.5419484004992324,-1.0,-1.0,0.05748987854251012,0.5251012145748988,0.5967611336032389,0.5967611336032389,-1.0,-1.0
yolov8n_dataset_3_exp_dataset_quality_155,0.7,-10.485074626865673,7.152474728151236,"[6, 6, 9, 5, 11, 4, 6, 10, 5, 5, 11, 5, 7, 10, 5, 7, 2, 7, 7]","[13, 14, 10, 12, 14, 14, 12, 15, 9, 8, 14, 15, 11, 14, 11, 10, 11, 15, 14]",0.45272870404449356,0.18114399562648198,0.2979247593252797,0.422002200220022,0.4044660234518359,0.2979247593252797,-1.0,-1.0,0.054655870445344125,0.32267206477732796,0.32267206477732796,0.32267206477732796,-1.0,-1.0
yolov8n_dataset_3_exp_dataset_quality_155,0.8,-32.45238095238095,10.601886624558858,"[10, 12, 7, 10, 13]","[12, 15, 11, 11, 15]",0.1909090909090909,0.09361625752557395,0.03949394939493949,0.04950495049504951,0.04950495049504951,0.03949394939493949,-1.0,-1.0,0.016194331983805668,0.03886639676113361,0.03886639676113361,0.03886639676113361,-1.0,-1.0
yolov8n_dataset_3_exp_dataset_quality_156,0.29,0.8151357596764875,0.8944271909999159,"[0, -2, -2, -1, 0, 0, -1, 0, 0, -2, 0, -1, 0, 0, 0, -1, 0, 0, 0, 0]","[13, 14, 11, 10, 12, 14, 14, 12, 15, 9, 8, 14, 15, 11, 14, 11, 10, 11, 15, 14]",0.9559668109668109,0.0680216290117627,0.6441110138696842,0.9769842218362244,0.8029386980652818,0.6441110138696842,-1.0,-1.0,0.06315789473684211,0.5736842105263158,0.7085020242914981,0.7085020242914981,-1.0,-1.0
yolov8n_dataset_3_exp_dataset_quality_156,0.4,0.8844598497978047,0.7071067811865476,"[0, -1, -1, -1, 0, 0, -1, 0, 0, -2, 0, -1, 0, 0, 0, -1, 0, 0, 0, 0]","[13, 14, 11, 10, 12, 14, 14, 12, 15, 9, 8, 14, 15, 11, 14, 11, 10, 11, 15, 14]",0.9640836940836941,0.05719184535610108,0.6441110138696842,0.9769842218362244,0.8029386980652818,0.6441110138696842,-1.0,-1.0,0.06315789473684211,0.5736842105263158,0.7085020242914981,0.7085020242914981,-1.0,-1.0
yolov8n_dataset_3_exp_dataset_quality_156,0.5,0.9191218948584633,0.5916079783099616,"[0, -1, 0, 0, 0, 0, -1, 0, 0, -2, 0, 0, 0, 0, 0, -1, 0, 0, 0, 0]","[13, 14, 11, 10, 12, 14, 14, 12, 15, 9, 8, 14, 15, 11, 14, 11, 10, 11, 15, 14]",0.9772005772005773,0.05359803489504832,0.640527243727964,0.9674715058587443,0.7946684592766972,0.640527243727964,-1.0,-1.0,0.06315789473684211,0.5736842105263158,0.7060728744939271,0.7060728744939271,-1.0,-1.0
yolov8n_dataset_3_exp_dataset_quality_156,0.6,0.6071634893125362,1.3038404810405297,"[0, -1, 1, 4, 1, 0, -1, 1, 2, -2, 0, 2, 0, 0, 0, -1, 0, 0, 0, 0]","[13, 14, 11, 10, 12, 14, 14, 12, 15, 9, 8, 14, 15, 11, 14, 11, 10, 11, 15, 14]",0.9305122655122655,0.09788249290580152,0.6253887063300527,0.9386789053443376,0.777826268935214,0.6253887063300527,-1.0,-1.0,0.06315789473684211,0.5684210526315789,0.6866396761133604,0.6866396761133604,-1.0,-1.0
yolov8n_dataset_3_exp_dataset_quality_156,0.7,-1.0103986135181975,2.949576240750525,"[1, 4, 2, 6, 1, 4, -1, 2, 3, 2, 3, 5, 0, 1, 2, 4, 4, 1, 1, 3]","[13, 14, 11, 10, 12, 14, 14, 12, 15, 9, 8, 14, 15, 11, 14, 11, 10, 11, 15, 14]",0.7862386224886225,0.14582113906177926,0.5407854607744529,0.7741402162346708,0.6905355086413949,0.5407854607744529,-1.0,-1.0,0.06315789473684211,0.531578947368421,0.5923076923076924,0.5923076923076924,-1.0,-1.0
yolov8n_dataset_3_exp_dataset_quality_156,0.8,-10.808203350664357,7.148426400264607,"[7, 8, 5, 8, 6, 11, 5, 5, 13, 6, 4, 12, 3, 4, 9, 5, 6, 4, 4, 7]","[13, 14, 11, 10, 12, 14, 14, 12, 15, 9, 8, 14, 15, 11, 14, 11, 10, 11, 15, 14]",0.46471112221112215,0.18528473466611947,0.3237786105836021,0.45212303839079565,0.404841927312191,0.3237786105836021,-1.0,-1.0,0.06315789473684211,0.3421052631578948,0.35060728744939273,0.35060728744939273,-1.0,-1.0
yolov8n_dataset_3_exp_dataset_quality_156,0.9,-22.916666666666668,10.714476188783099,"[13, 8, 14, 8, 9]","[14, 9, 15, 11, 11]",0.14075036075036076,0.07781627149286814,0.02933168316831683,0.039603960396039604,0.039603960396039604,0.02933168316831683,-1.0,-1.0,0.015789473684210527,0.024696356275303647,0.024696356275303647,0.024696356275303647,-1.0,-1.0
yolov8n_dataset_3_exp_dataset_quality_157,0.29,0.8151357596764875,0.8944271909999159,"[-1, -1, 0, -1, 0, 2, -1, 0, 0, 0, 2, -1, 1, 0, 0, 1, 0, -1, 0, 0]","[13, 14, 11, 10, 12, 14, 14, 12, 15, 9, 8, 14, 15, 11, 14, 11, 10, 11, 15, 14]",0.9483724608724609,0.06395184110507171,0.6180436498940258,0.9317539915329838,0.7374321194043438,0.6180436498940258,-1.0,-1.0,0.06477732793522267,0.5538461538461539,0.6680161943319838,0.6680161943319838,-1.0,-1.0
yolov8n_dataset_3_exp_dataset_quality_157,0.4,0.6302715193529751,1.2649110640673518,"[0, 0, 1, 1, 1, 4, -1, 0, 2, 0, 2, 1, 1, 0, 0, 1, 0, -1, 0, 0]","[13, 14, 11, 10, 12, 14, 14, 12, 15, 9, 8, 14, 15, 11, 14, 11, 10, 11, 15, 14]",0.9332683982683984,0.08038490417889234,0.6029107191025468,0.9035534090921302,0.7215565962939199,0.6029107191025468,-1.0,-1.0,0.06477732793522267,0.5510121457489878,0.6502024291497976,0.6502024291497976,-1.0,-1.0
yolov8n_dataset_3_exp_dataset_quality_157,0.5,-0.005199306759098743,2.085665361461421,"[0, 1, 2, 3, 2, 5, 0, 1, 4, 0, 2, 3, 2, 0, 0, 3, 1, 0, 0, 0]","[13, 14, 11, 10, 12, 14, 14, 12, 15, 9, 8, 14, 15, 11, 14, 11, 10, 11, 15, 14]",0.8801298701298702,0.1193196537687378,0.5772965263118234,0.8463719637122021,0.6971814524290888,0.5772965263118234,-1.0,-1.0,0.06477732793522267,0.5376518218623482,0.6210526315789473,0.6210526315789473,-1.0,-1.0
yolov8n_dataset_3_exp_dataset_quality_157,0.6,-2.8359329867128826,4.0743097574926725,"[1, 2, 4, 7, 4, 8, 0, 1, 9, 3, 3, 7, 2, 0, 4, 3, 2, 0, 0, 0]","[13, 14, 11, 10, 12, 14, 14, 12, 15, 9, 8, 14, 15, 11, 14, 11, 10, 11, 15, 14]",0.7514189976689977,0.21596519495388658,0.5209946291276379,0.7401937462653829,0.6378370653375467,0.5209946291276379,-1.0,-1.0,0.06477732793522267,0.4906882591093117,0.5578947368421052,0.5578947368421052,-1.0,-1.0
yolov8n_dataset_3_exp_dataset_quality_157,0.7,-12.633737723859042,7.681145747868608,"[6, 7, 8, 9, 6, 13, 7, 4, 11, 7, 4, 13, 5, 6, 9, 5, 6, 5, 4, 9]","[13, 14, 11, 10, 12, 14, 14, 12, 15, 9, 8, 14, 15, 11, 14, 11, 10, 11, 15, 14]",0.41346708846708846,0.1909633260106143,0.3127913953994788,0.4158415841584158,0.40225684333139194,0.3127913953994788,-1.0,-1.0,0.06477732793522267,0.32550607287449396,0.3291497975708502,0.3291497975708502,-1.0,-1.0
yolov8n_dataset_3_exp_dataset_quality_157,0.8,-38.171597633136095,11.74379268663521,"[12, 13, 11, 12, 11, 8, 14, 13, 9, 9, 14, 13]","[13, 14, 12, 14, 12, 9, 15, 14, 11, 10, 15, 14]",0.0939162689162689,0.03411935753297648,0.04575671852899576,0.0594059405940594,0.0594059405940594,0.04575671852899576,-1.0,-1.0,0.039271255060728746,0.045748987854251015,0.045748987854251015,0.045748987854251015,-1.0,-1.0
yolov8n_dataset_3_exp_dataset_quality_158,0.29,0.8382437897169266,0.8366600265340756,"[-2, -1, 0, -1, 0, 1, 0, 0, -1, -1, 2, 0, 0, -1, 0, 0, 0, 0, 0, 0]","[13, 14, 11, 10, 12, 14, 14, 12, 15, 9, 8, 14, 15, 11, 14, 11, 10, 11, 15, 14]",0.9542304917304918,0.06690678187148266,0.5334098051378724,0.9126643149812046,0.5602483967500882,0.5334098051378724,-1.0,-1.0,0.058704453441295545,0.4991902834008098,0.6271255060728745,0.6271255060728745,-1.0,-1.0
yolov8n_dataset_3_exp_dataset_quality_158,0.4,0.8497978047371462,0.806225774829855,"[-2, -1, 0, 0, 0, 1, 0, 0, -1, -1, 2, 0, 0, -1, 0, 0, 0, 0, 0, 0]","[13, 14, 11, 10, 12, 14, 14, 12, 15, 9, 8, 14, 15, 11, 14, 11, 10, 11, 15, 14]",0.9592304917304917,0.06640190165268796,0.5334098051378724,0.9126643149812046,0.5602483967500882,0.5334098051378724,-1.0,-1.0,0.058704453441295545,0.4991902834008098,0.6271255060728745,0.6271255060728745,-1.0,-1.0
yolov8n_dataset_3_exp_dataset_quality_158,0.5,0.7458116695551704,1.0488088481701516,"[-1, 1, 1, 1, 1, 3, 0, 0, 1, -1, 2, 0, 0, -1, 1, 0, 0, 0, 0, 0]","[13, 14, 11, 10, 12, 14, 14, 12, 15, 9, 8, 14, 15, 11, 14, 11, 10, 11, 15, 14]",0.9386502386502386,0.0705433334591304,0.5215704788060356,0.8940697726001373,0.5462347124548294,0.5215704788060356,-1.0,-1.0,0.058704453441295545,0.4991902834008098,0.6117408906882591,0.6117408906882591,-1.0,-1.0
yolov8n_dataset_3_exp_dataset_quality_158,0.6,-0.9526285384171,2.9068883707497264,"[0, 3, 3, 7, 1, 6, 0, 2, 4, 1, 2, 5, 1, -1, 2, 2, 2, 0, 0, 1]","[13, 14, 11, 10, 12, 14, 14, 12, 15, 9, 8, 14, 15, 11, 14, 11, 10, 11, 15, 14]",0.8197907647907648,0.16792433240294677,0.4655743993178442,0.7806135292030046,0.4953063708895007,0.4655743993178442,-1.0,-1.0,0.058704453441295545,0.46923076923076923,0.5429149797570851,0.5429149797570851,-1.0,-1.0
yolov8n_dataset_3_exp_dataset_quality_158,0.7,-8.52050837666089,6.418722614352485,"[6, 7, 6, 9, 5, 12, 3, 4, 11, 7, 4, 7, 4, 3, 8, 4, 4, 2, 2, 8]","[13, 14, 11, 10, 12, 14, 14, 12, 15, 9, 8, 14, 15, 11, 14, 11, 10, 11, 15, 14]",0.5249714174714175,0.21297480832521173,0.3058455845095554,0.5202176706220241,0.31152110272712147,0.3058455845095554,-1.0,-1.0,0.058704453441295545,0.33522267206477735,0.3493927125506073,0.3493927125506073,-1.0,-1.0
yolov8n_dataset_3_exp_dataset_quality_158,0.8,-31.33684210526316,10.474458731327633,"[10, 12, 10, 10, 11, 8, 13, 10, 12, 8, 9, 6, 13, 12]","[13, 14, 12, 14, 12, 9, 15, 11, 14, 11, 10, 11, 15, 14]",0.17792961007246721,0.09811290504043692,0.08711423706987008,0.12871287128712872,0.09990871357221878,0.08711423706987008,-1.0,-1.0,0.041700404858299595,0.08987854251012145,0.08987854251012145,0.08987854251012145,-1.0,-1.0
yolov8n_dataset_3_exp_dataset_quality_159,0.29,0.9191218948584633,0.5916079783099616,"[0, 0, 0, 0, 0, 1, 0, -1, 1, -1, 0, 1, 0, 0, 0, 1, 0, -1, 0, 0]","[13, 14, 11, 10, 12, 14, 14, 12, 15, 9, 8, 14, 15, 11, 14, 11, 10, 11, 15, 14]",0.9707106782106782,0.04081071411783524,0.5827439128879811,0.9310301301890745,0.6886993381213125,0.5827439128879811,-1.0,-1.0,0.06315789473684211,0.5360323886639676,0.6607287449392713,0.6607287449392713,-1.0,-1.0
yolov8n_dataset_3_exp_dataset_quality_159,0.4,0.48006932409012126,1.5,"[1, 0, 0, 5, 0, 1, 1, -1, 2, -1, 0, 3, 0, 0, 0, 1, 1, 0, 0, 0]","[13, 14, 11, 10, 12, 14, 14, 12, 15, 9, 8, 14, 15, 11, 14, 11, 10, 11, 15, 14]",0.9273623598623597,0.1144219029495849,0.5640604111674554,0.9026253395869923,0.672930200231914,0.5640604111674554,-1.0,-1.0,0.06315789473684211,0.5218623481781377,0.637246963562753,0.637246963562753,-1.0,-1.0
yolov8n_dataset_3_exp_dataset_quality_159,0.5,-2.073367995378394,3.646916505762094,"[5, 4, 5, 7, 2, 5, 4, 0, 4, 0, 1, 7, 2, 2, 2, 3, 4, 1, 1, 1]","[13, 14, 11, 10, 12, 14, 14, 12, 15, 9, 8, 14, 15, 11, 14, 11, 10, 11, 15, 14]",0.755709706959707,0.1774472794830521,0.47219847102372114,0.7387649811472408,0.5679683934288764,0.47219847102372114,-1.0,-1.0,0.06315789473684211,0.48663967611336034,0.5291497975708503,0.5291497975708503,-1.0,-1.0
yolov8n_dataset_3_exp_dataset_quality_159,0.6,-14.061277705345502,8.0,"[9, 9, 7, 7, 11, 8, 5, 12, 5, 4, 13, 7, 5, 10, 5, 8, 4, 7, 8]","[13, 14, 11, 12, 14, 14, 12, 15, 9, 8, 14, 15, 11, 14, 11, 10, 11, 15, 14]",0.399759305022463,0.1501618576677494,0.25315309646761186,0.37623762376237624,0.3064733359395166,0.25315309646761186,-1.0,-1.0,0.05991902834008097,0.2757085020242915,0.2757085020242915,0.2757085020242915,-1.0,-1.0
yolov8n_dataset_3_exp_dataset_quality_159,0.7,-35.27692307692308,10.790942704159097,"[13, 10, 11, 8, 10, 9, 10, 12, 13]","[14, 12, 12, 9, 11, 11, 11, 15, 14]",0.11862273528940197,0.047395006510144014,0.04002284843869002,0.0594059405940594,0.04798172124904799,0.04002284843869002,-1.0,-1.0,0.02874493927125506,0.039271255060728746,0.039271255060728746,0.039271255060728746,-1.0,-1.0
yolov8n_dataset_3_exp_dataset_quality_160,0.29,0.9075678798382438,0.6324555320336759,"[-1, 0, 0, 0, 0, 0, 0, 0, 1, -2, 0, -1, 0, 0, 0, 0, 0, 1, 0, 0]","[13, 14, 11, 10, 12, 14, 14, 12, 15, 9, 8, 14, 15, 11, 14, 11, 10, 11, 15, 14]",0.9735925185925186,0.05438920959053145,0.5204033218540822,0.9092719658182089,0.5615672539501196,0.5204033218540822,-1.0,-1.0,0.054251012145749,0.5012145748987855,0.6291497975708501,0.6291497975708501,-1.0,-1.0
yolov8n_dataset_3_exp_dataset_quality_160,0.4,-0.5482380127094166,2.588435821108957,"[0, 2, 2, 5, 0, 4, 0, 2, 7, -1, 0, 5, 0, 0, 1, 1, 1, 1, 1, 1]","[13, 14, 11, 10, 12, 14, 14, 12, 15, 9, 8, 14, 15, 11, 14, 11, 10, 11, 15, 14]",0.8648340548340547,0.1493873688748702,0.46137982464918137,0.7969380028938966,0.5037863100570574,0.46137982464918137,-1.0,-1.0,0.054251012145749,0.4821862348178138,0.5558704453441294,0.5558704453441294,-1.0,-1.0
yolov8n_dataset_3_exp_dataset_quality_160,0.5,-6.4407856730213755,5.674504383644443,"[4, 7, 6, 7, 4, 10, 3, 5, 8, 2, 3, 12, 3, 1, 6, 3, 5, 3, 3, 5]","[13, 14, 11, 10, 12, 14, 14, 12, 15, 9, 8, 14, 15, 11, 14, 11, 10, 11, 15, 14]",0.5979252691752691,0.19328132688460328,0.3274812719683103,0.5602352628524505,0.3625473982842307,0.3274812719683103,-1.0,-1.0,0.054251012145749,0.3720647773279352,0.3870445344129555,0.3870445344129555,-1.0,-1.0
yolov8n_dataset_3_exp_dataset_quality_160,0.6,-20.455805892547662,9.635870484808313,"[7, 12, 9, 9, 10, 13, 7, 9, 14, 8, 7, 13, 9, 7, 12, 8, 9, 6, 7, 11]","[13, 14, 11, 10, 12, 14, 14, 12, 15, 9, 8, 14, 15, 11, 14, 11, 10, 11, 15, 14]",0.23649503274503275,0.15407414678370954,0.14152485902749326,0.233993399339934,0.16899076462268078,0.14152485902749326,-1.0,-1.0,0.054251012145749,0.16275303643724698,0.16275303643724698,0.16275303643724698,-1.0,-1.0
yolov8n_dataset_3_exp_dataset_quality_160,0.7,-58.23076923076923,12.015614840697916,"[10, 12, 14, 13, 10, 9, 14, 13]","[12, 14, 15, 14, 11, 11, 15, 14]",0.10730519480519479,0.045395466399143575,0.0351035103510351,0.04950495049504951,0.04770477047704771,0.0351035103510351,-1.0,-1.0,0.022267206477732795,0.031174089068825912,0.031174089068825912,0.031174089068825912,-1.0,-1.0
yolov8n_dataset_3_exp_dataset_quality_161,0.29,0.8497978047371462,0.806225774829855,"[0, -1, 0, -2, 0, 0, 0, 0, 0, -2, 0, -1, 0, -1, 0, 1, -1, 0, 0, 0]","[13, 14, 11, 10, 12, 14, 14, 12, 15, 9, 8, 14, 15, 11, 14, 11, 10, 11, 15, 14]",0.9576551226551226,0.06717661444089616,0.565845918279263,0.9433878854335882,0.6230586025630014,0.565845918279263,-1.0,-1.0,0.05263157894736842,0.5255060728744939,0.6647773279352226,0.6647773279352226,-1.0,-1.0
yolov8n_dataset_3_exp_dataset_quality_161,0.4,0.8497978047371462,0.806225774829855,"[0, 0, 0, -1, 1, 0, 0, 0, 0, -2, 0, -1, 0, -1, 0, 2, -1, 0, 0, 0]","[13, 14, 11, 10, 12, 14, 14, 12, 15, 9, 8, 14, 15, 11, 14, 11, 10, 11, 15, 14]",0.95751443001443,0.06582212478329957,0.5615121763336399,0.9339156239217229,0.6155149910589939,0.5615121763336399,-1.0,-1.0,0.05263157894736842,0.5230769230769231,0.659919028340081,0.659919028340081,-1.0,-1.0
yolov8n_dataset_3_exp_dataset_quality_161,0.5,0.7804737146158289,0.9746794344808963,"[0, 1, 1, 2, 1, 1, 0, 0, 1, -2, 0, 0, 0, -1, 0, 2, -1, 0, 0, 0]","[13, 14, 11, 10, 12, 14, 14, 12, 15, 9, 8, 14, 15, 11, 14, 11, 10, 11, 15, 14]",0.9410642135642135,0.07109638702998072,0.549741581747324,0.9148994707294092,0.607917496615672,0.549741581747324,-1.0,-1.0,0.05263157894736842,0.5198380566801619,0.6449392712550607,0.6449392712550607,-1.0,-1.0
yolov8n_dataset_3_exp_dataset_quality_161,0.6,-0.40958983246678216,2.4698178070456938,"[0, 3, 2, 7, 1, 2, 1, 1, 4, -1, 0, 4, 1, -1, 3, 3, 0, 0, 0, 0]","[13, 14, 11, 10, 12, 14, 14, 12, 15, 9, 8, 14, 15, 11, 14, 11, 10, 11, 15, 14]",0.8607431457431458,0.16103148224525426,0.49990604432373625,0.8278616360934833,0.5541141261159678,0.49990604432373625,-1.0,-1.0,0.05263157894736842,0.5004048582995951,0.5842105263157895,0.5842105263157895,-1.0,-1.0
yolov8n_dataset_3_exp_dataset_quality_161,0.7,-6.533217793183131,5.709640969448079,"[5, 5, 7, 8, 6, 8, 5, 3, 8, 3, 3, 11, 5, 1, 7, 5, 3, 3, 3, 5]","[13, 14, 11, 10, 12, 14, 14, 12, 15, 9, 8, 14, 15, 11, 14, 11, 10, 11, 15, 14]",0.5803633866133866,0.17699836201724325,0.3383558608151923,0.5395514826790616,0.3766276605223024,0.3383558608151923,-1.0,-1.0,0.05263157894736842,0.38178137651821864,0.38785425101214577,0.38785425101214577,-1.0,-1.0
yolov8n_dataset_3_exp_dataset_quality_161,0.8,-30.612499999999994,10.601886624558858,"[10, 13, 9, 11, 11, 12, 8, 14, 10, 12, 8, 8, 7, 13, 10]","[13, 14, 12, 14, 12, 15, 9, 15, 11, 14, 11, 10, 11, 15, 14]",0.18111814111814112,0.08685133868287764,0.08338335247835248,0.12423083740599122,0.09391100400362618,0.08338335247835248,-1.0,-1.0,0.04048582995951417,0.09473684210526316,0.09473684210526316,0.09473684210526316,-1.0,-1.0
yolov8n_dataset_3_exp_dataset_quality_162,0.29,0.7458116695551704,1.0488088481701516,"[-1, 1, 0, 0, 2, 1, -1, 1, 2, -1, 1, 2, 0, 0, -1, 0, 1, 0, 0, 1]","[13, 14, 11, 10, 12, 14, 14, 12, 15, 9, 8, 14, 15, 11, 14, 11, 10, 11, 15, 14]",0.9351816239316237,0.05398044488505514,0.4420467233910153,0.8731799650553291,0.3985149904306776,0.4420467233910153,-1.0,-1.0,0.047368421052631574,0.43198380566801625,0.5218623481781377,0.5218623481781377,-1.0,-1.0
yolov8n_dataset_3_exp_dataset_quality_162,0.4,0.07567879838243785,2.0,"[0, 1, 1, 2, 2, 3, -1, 3, 5, -1, 1, 4, 0, 1, 0, 1, 1, 0, 1, 2]","[13, 14, 11, 10, 12, 14, 14, 12, 15, 9, 8, 14, 15, 11, 14, 11, 10, 11, 15, 14]",0.8794390331890332,0.0938247653110981,0.412695680028459,0.8140204291922406,0.3748677447878924,0.412695680028459,-1.0,-1.0,0.047368421052631574,0.42348178137651826,0.4850202429149797,0.4850202429149797,-1.0,-1.0
yolov8n_dataset_3_exp_dataset_quality_162,0.5,-3.471403812824957,4.398863489584555,"[3, 4, 4, 6, 2, 6, 1, 4, 8, 1, 1, 8, 3, 2, 5, 5, 1, 1, 3, 7]","[13, 14, 11, 10, 12, 14, 14, 12, 15, 9, 8, 14, 15, 11, 14, 11, 10, 11, 15, 14]",0.704729575979576,0.168154849672266,0.32629762115161226,0.6220630584880724,0.30959167678811067,0.32629762115161226,-1.0,-1.0,0.047368421052631574,0.36599190283400806,0.37894736842105264,0.37894736842105264,-1.0,-1.0
yolov8n_dataset_3_exp_dataset_quality_162,0.6,-12.65684575389948,7.687652437513028,"[6, 10, 6, 9, 6, 10, 3, 5, 12, 4, 4, 10, 10, 5, 10, 7, 6, 4, 6, 11]","[13, 14, 11, 10, 12, 14, 14, 12, 15, 9, 8, 14, 15, 11, 14, 11, 10, 11, 15, 14]",0.42267704517704513,0.16999591680756243,0.20817677344548055,0.368454522024935,0.23243555912237282,0.20817677344548055,-1.0,-1.0,0.047368421052631574,0.2360323886639676,0.23805668016194334,0.23805668016194334,-1.0,-1.0
yolov8n_dataset_3_exp_dataset_quality_162,0.7,-36.36304347826087,10.906015609313432,"[10, 13, 9, 11, 13, 10, 10, 8, 13, 14, 9, 13, 10, 8, 7, 11, 13]","[13, 14, 11, 12, 14, 14, 12, 9, 14, 15, 11, 14, 11, 10, 11, 15, 14]",0.15213250801486097,0.08950163394419697,0.0755665856854627,0.1265470297029703,0.09379420084865628,0.0755665856854627,-1.0,-1.0,0.04291497975708502,0.08016194331983806,0.08016194331983806,0.08016194331983806,-1.0,-1.0
yolov8n_dataset_3_exp_dataset_quality_162,0.8,-97.08823529411765,11.549891774384728,"[12, 11, 13, 8, 13]","[13, 12, 14, 11, 14]",0.11516816516816515,0.07890160934817293,0.0194012258368694,0.0297029702970297,0.0297029702970297,0.0194012258368694,-1.0,-1.0,0.013360323886639675,0.018623481781376516,0.018623481781376516,0.018623481781376516,-1.0,-1.0
yolov8n_dataset_3_exp_dataset_quality_164,0.29,-20.193708609271525,9.41213234576085,"[9, 13, 10, 7, 12, 11, 11, 5, 6, 10, 10, 9, 10, 7, 3, 10, 11]","[13, 14, 11, 12, 14, 14, 12, 9, 8, 15, 11, 14, 11, 10, 11, 15, 14]",0.2628707893413776,0.16651837622036886,0.13725320749575357,0.21504531405521504,0.16492876401422327,0.13725320749575357,-1.0,-1.0,0.045748987854251015,0.14493927125506073,0.14493927125506073,0.14493927125506073,-1.0,-1.0
yolov8n_dataset_3_exp_dataset_quality_168,0.29,-4.719237435008666,4.9749371855331,"[2, 7, 7, 5, 5, 9, 4, 3, 7, 3, 4, 8, 6, 1, 4, 2, 4, 4, 1, 3]","[13, 14, 11, 10, 12, 14, 14, 12, 15, 9, 8, 14, 15, 11, 14, 11, 10, 11, 15, 14]",0.6370046620046621,0.16662724325596565,0.4021304267821314,0.6103120300162928,0.4745458777269408,0.4021304267821314,-1.0,-1.0,0.05789473684210526,0.428744939271255,0.4481781376518218,0.4481781376518218,-1.0,-1.0
yolov8n_dataset_3_exp_dataset_quality_168,0.4,-16.781629116117852,8.772114910328067,"[7, 11, 10, 8, 10, 12, 8, 8, 12, 6, 7, 13, 8, 6, 8, 7, 8, 7, 3, 10]","[13, 14, 11, 10, 12, 14, 14, 12, 15, 9, 8, 14, 15, 11, 14, 11, 10, 11, 15, 14]",0.3065347152847152,0.16983770223421407,0.21101976839501174,0.2986832084018119,0.25544042178943166,0.21101976839501174,-1.0,-1.0,0.05789473684210526,0.22064777327935223,0.22712550607287446,0.22712550607287446,-1.0,-1.0
yolov8n_dataset_3_exp_dataset_quality_168,0.5,-28.999999999999996,11.030261405182864,"[11, 13, 10, 11, 13, 10, 7, 14, 13, 8, 9, 11]","[13, 14, 11, 12, 14, 14, 8, 15, 14, 11, 11, 15]",0.14508061383061382,0.08259049571464479,0.06603007553502603,0.08775877587758775,0.08499421370708499,0.06603007553502603,-1.0,-1.0,0.038461538461538464,0.06558704453441296,0.06558704453441296,0.06558704453441296,-1.0,-1.0
yolov8n_dataset_3_exp_dataset_quality_168,0.6,-36.12499999999999,11.489125293076057,"[10, 10, 14]","[11, 11, 15]",0.08282828282828285,0.01142798838281291,0.016501650165016504,0.019801980198019802,0.019801980198019802,0.016501650165016504,-1.0,-1.0,0.010526315789473684,0.010526315789473684,0.010526315789473684,0.010526315789473684,-1.0,-1.0
rtdetr-l_dataset_1_exp_dataset_quality_172,0.29,0.9555884529977794,0.7745966692414834,"[0, 2, 1, 0, 0, 0, 0, 0, 0, 0, 2, -1, 0, 0, 0, 1, -1, 0, 0, 0]","[9, 8, 7, 15, 15, 13, 14, 7, 15, 7, 16, 13, 15, 7, 16, 16, 13, 8, 14, 6]",0.9632898351648352,0.06607609580908738,0.6946797727215881,0.9612501558973453,0.8686837959164087,0.6946797727215881,-1.0,-1.0,0.07136752136752136,0.5747863247863247,0.7525641025641024,0.7525641025641024,-1.0,-1.0
rtdetr-l_dataset_1_exp_dataset_quality_172,0.4,0.9555884529977794,0.7745966692414834,"[0, 2, 1, 0, 0, 0, 0, 0, 0, 0, 2, -1, 0, 0, 0, 1, -1, 0, 0, 0]","[9, 8, 7, 15, 15, 13, 14, 7, 15, 7, 16, 13, 15, 7, 16, 16, 13, 8, 14, 6]",0.9632898351648352,0.06607609580908738,0.6946797727215881,0.9612501558973453,0.8686837959164087,0.6946797727215881,-1.0,-1.0,0.07136752136752136,0.5747863247863247,0.7525641025641024,0.7525641025641024,-1.0,-1.0
rtdetr-l_dataset_1_exp_dataset_quality_172,0.5,0.9555884529977794,0.7745966692414834,"[0, 2, 1, 0, 0, 0, 0, 0, 0, 0, 2, -1, 0, 0, 0, 1, -1, 0, 0, 0]","[9, 8, 7, 15, 15, 13, 14, 7, 15, 7, 16, 13, 15, 7, 16, 16, 13, 8, 14, 6]",0.9632898351648352,0.06607609580908738,0.6946797727215881,0.9612501558973453,0.8686837959164087,0.6946797727215881,-1.0,-1.0,0.07136752136752136,0.5747863247863247,0.7525641025641024,0.7525641025641024,-1.0,-1.0
rtdetr-l_dataset_1_exp_dataset_quality_172,0.6,0.9370836417468542,0.9219544457292888,"[0, 3, 1, 0, 0, 0, 0, 0, 0, 0, 2, -1, 0, 0, 0, 1, -1, 0, 0, 0]","[9, 8, 7, 15, 15, 13, 14, 7, 15, 7, 16, 13, 15, 7, 16, 16, 13, 8, 14, 6]",0.9570398351648353,0.08817233623383319,0.6917731638529928,0.951474925478917,0.8686837959164087,0.6917731638529928,-1.0,-1.0,0.07136752136752136,0.573076923076923,0.7508547008547007,0.7508547008547007,-1.0,-1.0
rtdetr-l_dataset_1_exp_dataset_quality_172,0.7,0.9370836417468542,0.9219544457292888,"[0, 3, 1, 0, 0, 0, 0, 0, 0, 0, 2, -1, 0, 0, 0, 1, -1, 0, 0, 0]","[9, 8, 7, 15, 15, 13, 14, 7, 15, 7, 16, 13, 15, 7, 16, 16, 13, 8, 14, 6]",0.9570398351648353,0.08817233623383319,0.6917731638529928,0.951474925478917,0.8686837959164087,0.6917731638529928,-1.0,-1.0,0.07136752136752136,0.573076923076923,0.7508547008547007,0.7508547008547007,-1.0,-1.0
rtdetr-l_dataset_1_exp_dataset_quality_172,0.8,0.8852701702442635,1.2449899597988732,"[0, 4, 1, 0, 1, 0, 0, 0, 0, 0, 3, -1, 0, 0, 1, 1, -1, 0, 0, 0]","[9, 8, 7, 15, 15, 13, 14, 7, 15, 7, 16, 13, 15, 7, 16, 16, 13, 8, 14, 6]",0.9412065018315019,0.11413197814341822,0.6822668848253528,0.9319231362388577,0.8593422068902494,0.6822668848253528,-1.0,-1.0,0.07136752136752136,0.5722222222222222,0.7414529914529914,0.7414529914529914,-1.0,-1.0
rtdetr-l_dataset_1_exp_dataset_quality_173,0.29,0.9703923019985197,0.6324555320336759,"[0, 0, 0, 0, 0, -1, -1, 0, 0, 0, 2, -1, 0, 0, 0, 0, -1, 0, 0, 0]","[9, 8, 7, 15, 15, 13, 14, 7, 15, 7, 16, 13, 15, 7, 16, 16, 13, 8, 14, 6]",0.9786401098901099,0.038310326281653956,0.6835988957391476,0.9739938052682172,0.8337938034765277,0.6835988957391476,-1.0,-1.0,0.06752136752136752,0.582051282051282,0.7512820512820513,0.7512820512820513,-1.0,-1.0
rtdetr-l_dataset_1_exp_dataset_quality_173,0.4,0.9703923019985197,0.6324555320336759,"[0, 0, 0, 0, 0, -1, -1, 0, 0, 0, 2, -1, 0, 0, 0, 0, -1, 0, 0, 0]","[9, 8, 7, 15, 15, 13, 14, 7, 15, 7, 16, 13, 15, 7, 16, 16, 13, 8, 14, 6]",0.9786401098901099,0.038310326281653956,0.6835988957391476,0.9739938052682172,0.8337938034765277,0.6835988957391476,-1.0,-1.0,0.06752136752136752,0.582051282051282,0.7512820512820513,0.7512820512820513,-1.0,-1.0
rtdetr-l_dataset_1_exp_dataset_quality_173,0.5,0.9703923019985197,0.6324555320336759,"[0, 0, 0, 0, 0, -1, -1, 0, 0, 0, 2, -1, 0, 0, 0, 0, -1, 0, 0, 0]","[9, 8, 7, 15, 15, 13, 14, 7, 15, 7, 16, 13, 15, 7, 16, 16, 13, 8, 14, 6]",0.9786401098901099,0.038310326281653956,0.6835988957391476,0.9739938052682172,0.8337938034765277,0.6835988957391476,-1.0,-1.0,0.06752136752136752,0.582051282051282,0.7512820512820513,0.7512820512820513,-1.0,-1.0
rtdetr-l_dataset_1_exp_dataset_quality_173,0.6,0.9777942264988897,0.5477225575051661,"[0, 0, 0, 0, 0, 0, 0, 0, 0, 0, 2, -1, 0, 0, 0, 0, -1, 0, 0, 0]","[9, 8, 7, 15, 15, 13, 14, 7, 15, 7, 16, 13, 15, 7, 16, 16, 13, 8, 14, 6]",0.9860576923076924,0.0343304242989273,0.6835988957391476,0.9739938052682172,0.8337938034765277,0.6835988957391476,-1.0,-1.0,0.06752136752136752,0.582051282051282,0.7512820512820513,0.7512820512820513,-1.0,-1.0
rtdetr-l_dataset_1_exp_dataset_quality_173,0.7,0.9777942264988897,0.5477225575051661,"[0, 0, 0, 0, 0, 0, 0, 0, 0, 0, 2, -1, 0, 0, 0, 0, -1, 0, 0, 0]","[9, 8, 7, 15, 15, 13, 14, 7, 15, 7, 16, 13, 15, 7, 16, 16, 13, 8, 14, 6]",0.9860576923076924,0.0343304242989273,0.6835988957391476,0.9739938052682172,0.8337938034765277,0.6835988957391476,-1.0,-1.0,0.06752136752136752,0.582051282051282,0.7512820512820513,0.7512820512820513,-1.0,-1.0
rtdetr-l_dataset_1_exp_dataset_quality_173,0.8,-0.687638786084382,4.774934554525329,"[4, 5, 1, 8, 7, 3, 4, 1, 2, 4, 7, 4, 0, 1, 9, 5, 8, 1, 3, 3]","[9, 8, 7, 15, 15, 13, 14, 7, 15, 7, 16, 13, 15, 7, 16, 16, 13, 8, 14, 6]",0.6602938034188035,0.1888355045625915,0.4624699329720188,0.6494149414941495,0.5588736979029104,0.4624699329720188,-1.0,-1.0,0.06752136752136752,0.4735042735042735,0.5055555555555556,0.5055555555555556,-1.0,-1.0
rtdetr-l_dataset_1_exp_dataset_quality_174,0.29,0.9555884529977794,0.7745966692414834,"[0, 2, 0, 0, 1, 0, 0, 0, 0, 1, 2, -1, 0, 0, 0, 0, -1, 0, 0, 0]","[9, 8, 7, 15, 15, 13, 14, 7, 15, 7, 16, 13, 15, 7, 16, 16, 13, 8, 14, 6]",0.9630815018315019,0.06616359161050349,0.6426354171602445,0.9656478691347395,0.8166492243915217,0.6426354171602445,-1.0,-1.0,0.060256410256410244,0.5423076923076924,0.7158119658119657,0.7158119658119657,-1.0,-1.0
rtdetr-l_dataset_1_exp_dataset_quality_174,0.4,0.9555884529977794,0.7745966692414834,"[0, 2, 0, 0, 1, 0, 0, 0, 0, 1, 2, -1, 0, 0, 0, 0, -1, 0, 0, 0]","[9, 8, 7, 15, 15, 13, 14, 7, 15, 7, 16, 13, 15, 7, 16, 16, 13, 8, 14, 6]",0.9630815018315019,0.06616359161050349,0.6426354171602445,0.9656478691347395,0.8166492243915217,0.6426354171602445,-1.0,-1.0,0.060256410256410244,0.5423076923076924,0.7158119658119657,0.7158119658119657,-1.0,-1.0
rtdetr-l_dataset_1_exp_dataset_quality_174,0.5,0.9370836417468542,0.9219544457292888,"[0, 2, 0, 0, 1, 0, 0, 0, 0, 1, 3, -1, 0, 0, 0, 0, -1, 0, 0, 0]","[9, 8, 7, 15, 15, 13, 14, 7, 15, 7, 16, 13, 15, 7, 16, 16, 13, 8, 14, 6]",0.9599565018315019,0.0715099791375188,0.6407279868121215,0.9656448614293743,0.8166492243915217,0.6407279868121215,-1.0,-1.0,0.060256410256410244,0.5423076923076924,0.7136752136752136,0.7136752136752136,-1.0,-1.0
rtdetr-l_dataset_1_exp_dataset_quality_174,0.6,0.9370836417468542,0.9219544457292888,"[0, 2, 0, 0, 1, 0, 0, 0, 0, 1, 3, -1, 0, 0, 0, 0, -1, 0, 0, 0]","[9, 8, 7, 15, 15, 13, 14, 7, 15, 7, 16, 13, 15, 7, 16, 16, 13, 8, 14, 6]",0.9599565018315019,0.0715099791375188,0.6407279868121215,0.9656448614293743,0.8166492243915217,0.6407279868121215,-1.0,-1.0,0.060256410256410244,0.5423076923076924,0.7136752136752136,0.7136752136752136,-1.0,-1.0
rtdetr-l_dataset_1_exp_dataset_quality_174,0.7,0.8889711324944486,1.224744871391589,"[0, 4, 0, 0, 1, 0, 1, 0, 0, 1, 3, 0, 0, 0, 1, 0, -1, 0, 0, 0]","[9, 8, 7, 15, 15, 13, 14, 7, 15, 7, 16, 13, 15, 7, 16, 16, 13, 8, 14, 6]",0.9446062271062271,0.11479653888102484,0.630754064748943,0.9361916548797737,0.8077514183113541,0.630754064748943,-1.0,-1.0,0.060256410256410244,0.5414529914529915,0.7021367521367521,0.7021367521367521,-1.0,-1.0
rtdetr-l_dataset_1_exp_dataset_quality_175,0.29,0.9666913397483345,0.6708203932499369,"[0, 0, 0, 0, 0, -1, 0, 0, 0, 0, 2, -1, 0, -1, 0, 1, -1, 0, 0, 0]","[9, 8, 7, 15, 15, 13, 14, 7, 15, 7, 16, 13, 15, 7, 16, 16, 13, 8, 14, 6]",0.9719436813186814,0.04579724456574472,0.5403835493495136,0.9546678828261289,0.558277987109307,0.5403835493495136,-1.0,-1.0,0.053418803418803416,0.4863247863247864,0.626068376068376,0.626068376068376,-1.0,-1.0
rtdetr-l_dataset_1_exp_dataset_quality_175,0.4,0.9740932642487047,0.5916079783099616,"[0, 0, 0, 0, 0, 0, 0, 0, 0, 0, 2, -1, 0, 0, 0, 1, -1, 0, 0, 0]","[9, 8, 7, 15, 15, 13, 14, 7, 15, 7, 16, 13, 15, 7, 16, 16, 13, 8, 14, 6]",0.9829326923076923,0.03573493367095362,0.5403835493495136,0.9546678828261289,0.558277987109307,0.5403835493495136,-1.0,-1.0,0.053418803418803416,0.4863247863247864,0.626068376068376,0.626068376068376,-1.0,-1.0
rtdetr-l_dataset_1_exp_dataset_quality_175,0.5,0.9740932642487047,0.5916079783099616,"[0, 0, 0, 0, 0, 0, 0, 0, 0, 0, 2, -1, 0, 0, 0, 1, -1, 0, 0, 0]","[9, 8, 7, 15, 15, 13, 14, 7, 15, 7, 16, 13, 15, 7, 16, 16, 13, 8, 14, 6]",0.9829326923076923,0.03573493367095362,0.5403835493495136,0.9546678828261289,0.558277987109307,0.5403835493495136,-1.0,-1.0,0.053418803418803416,0.4863247863247864,0.626068376068376,0.626068376068376,-1.0,-1.0
rtdetr-l_dataset_1_exp_dataset_quality_175,0.6,0.6706143597335308,2.1095023109728985,"[0, 2, 0, 2, 0, 2, 1, 2, 1, 1, 3, 0, 0, 0, 7, 1, 3, 1, 1, 0]","[9, 8, 7, 15, 15, 13, 14, 7, 15, 7, 16, 13, 15, 7, 16, 16, 13, 8, 14, 6]",0.8890728021978023,0.11702287871598538,0.48493950831497007,0.8473215536474742,0.5141700018037393,0.48493950831497007,-1.0,-1.0,0.053418803418803416,0.46752136752136747,0.5615384615384615,0.5615384615384615,-1.0,-1.0
rtdetr-l_dataset_1_exp_dataset_quality_176,0.29,0.9296817172464841,0.9746794344808963,"[-2, 1, 1, 0, 0, -2, -2, 0, -1, 0, 1, 0, 0, 0, 1, 1, 0, 0, 0, -1]","[9, 8, 7, 15, 15, 13, 14, 7, 15, 7, 16, 13, 15, 7, 16, 16, 13, 8, 14, 6]",0.9396192002442001,0.07089317113533287,0.4570145467006587,0.9458207623337443,0.3222307663363539,0.4570145467006587,-1.0,-1.0,0.039316239316239315,0.4367521367521367,0.5803418803418803,0.5803418803418803,-1.0,-1.0
rtdetr-l_dataset_1_exp_dataset_quality_176,0.4,0.9592894152479645,0.7416198487095663,"[-2, 1, 1, 0, 0, 0, 0, 0, -1, 0, 1, 0, 0, 0, 1, 1, 0, 0, 0, -1]","[9, 8, 7, 15, 15, 13, 14, 7, 15, 7, 16, 13, 15, 7, 16, 16, 13, 8, 14, 6]",0.9544543650793651,0.06628301227706687,0.4570145467006587,0.9458207623337443,0.3222307663363539,0.4570145467006587,-1.0,-1.0,0.039316239316239315,0.4367521367521367,0.5803418803418803,0.5803418803418803,-1.0,-1.0
rtdetr-l_dataset_1_exp_dataset_quality_176,0.5,0.9444855662472242,0.8660254037844386,"[-2, 1, 1, 0, 0, 0, 0, 1, -1, 0, 2, 0, 0, 0, 1, 1, 0, 0, 0, -1]","[9, 8, 7, 15, 15, 13, 14, 7, 15, 7, 16, 13, 15, 7, 16, 16, 13, 8, 14, 6]",0.9441865079365078,0.0704204682162038,0.452915044169167,0.935965025073936,0.31662162173090624,0.452915044169167,-1.0,-1.0,0.039316239316239315,0.43290598290598287,0.5747863247863247,0.5747863247863247,-1.0,-1.0
rtdetr-l_dataset_1_exp_dataset_quality_176,0.6,-1.5943745373797187,5.920304046246273,"[3, 6, 2, 8, 8, 6, 7, 2, 3, 4, 8, 7, 2, 2, 11, 7, 10, 3, 3, 1]","[9, 8, 7, 15, 15, 13, 14, 7, 15, 7, 16, 13, 15, 7, 16, 16, 13, 8, 14, 6]",0.5718956043956045,0.1842955615075939,0.24110532937134732,0.5177096692077108,0.1578189989118868,0.24110532937134732,-1.0,-1.0,0.039316239316239315,0.29401709401709397,0.3098290598290598,0.3098290598290598,-1.0,-1.0
rtdetr-l_dataset_1_exp_dataset_quality_176,0.7,-405.94117647058823,13.862419221285535,"[14, 14, 15, 14, 14, 12]","[15, 15, 16, 15, 16, 14]",0.08839285714285712,0.03264190414016454,0.011262376237623762,0.028465346534653466,0.0049504950495049506,0.011262376237623762,-1.0,-1.0,0.010256410256410256,0.011965811965811965,0.011965811965811965,0.011965811965811965,-1.0,-1.0
rtdetr-l_dataset_1_exp_dataset_quality_176,0.8,,13.0,[13],[14],0.0714285714285714,0.0,0.0029702970297029695,0.0099009900990099,0.0,0.0029702970297029695,-1.0,-1.0,0.0012820512820512823,0.0012820512820512823,0.0012820512820512823,0.0012820512820512823,-1.0,-1.0
rtdetr-l_dataset_1_exp_dataset_quality_177,0.29,0.9407846039970392,0.8944271909999159,"[0, 1, 1, 0, 0, -1, -2, 0, -1, 0, 2, 0, -1, -1, 0, 1, -1, 0, 0, 0]","[9, 8, 7, 15, 15, 13, 14, 7, 15, 7, 16, 13, 15, 7, 16, 16, 13, 8, 14, 6]",0.9485874542124542,0.056674046495862905,0.643121834602547,0.9625955615526595,0.7701026899958584,0.643121834602547,-1.0,-1.0,0.07008547008547009,0.5572649572649573,0.7162393162393161,0.7162393162393161,-1.0,-1.0
rtdetr-l_dataset_1_exp_dataset_quality_177,0.4,0.9555884529977794,0.7745966692414834,"[0, 1, 1, 0, 0, -1, -1, 0, -1, 0, 2, 0, -1, 0, 0, 1, -1, 0, 0, 0]","[9, 8, 7, 15, 15, 13, 14, 7, 15, 7, 16, 13, 15, 7, 16, 16, 13, 8, 14, 6]",0.95930173992674,0.04912366793987113,0.643121834602547,0.9625955615526595,0.7701026899958584,0.643121834602547,-1.0,-1.0,0.07008547008547009,0.5572649572649573,0.7162393162393161,0.7162393162393161,-1.0,-1.0
rtdetr-l_dataset_1_exp_dataset_quality_177,0.5,0.9592894152479645,0.7416198487095663,"[0, 1, 1, 0, 0, 0, -1, 0, -1, 0, 2, 0, -1, 0, 0, 1, -1, 0, 0, 0]","[9, 8, 7, 15, 15, 13, 14, 7, 15, 7, 16, 13, 15, 7, 16, 16, 13, 8, 14, 6]",0.9631478937728938,0.04914821871968339,0.643121834602547,0.9625955615526595,0.7701026899958584,0.643121834602547,-1.0,-1.0,0.07008547008547009,0.5572649572649573,0.7162393162393161,0.7162393162393161,-1.0,-1.0
rtdetr-l_dataset_1_exp_dataset_quality_177,0.6,0.770540340488527,1.760681686165901,"[0, 4, 1, 1, 1, 1, 4, 1, 0, 1, 4, 1, -1, 0, 1, 2, 0, 0, 0, 1]","[9, 8, 7, 15, 15, 13, 14, 7, 15, 7, 16, 13, 15, 7, 16, 16, 13, 8, 14, 6]",0.8913850732600732,0.12080765234050536,0.5918757664937448,0.8756483449168191,0.70204259845483,0.5918757664937448,-1.0,-1.0,0.07008547008547009,0.5401709401709401,0.658974358974359,0.658974358974359,-1.0,-1.0
rtdetr-l_dataset_1_exp_dataset_quality_178,0.29,0.9555884529977794,0.7745966692414834,"[0, 1, 1, 0, 1, -1, -1, 0, 0, 1, 2, 0, 0, 0, 0, 1, -1, 0, 0, 0]","[9, 8, 7, 15, 15, 13, 14, 7, 15, 7, 16, 13, 15, 7, 16, 16, 13, 8, 14, 6]",0.9554922161172161,0.05372826295111285,0.6250144548316131,0.9571083772991535,0.7878427565304245,0.6250144548316131,-1.0,-1.0,0.061538461538461556,0.5397435897435898,0.691025641025641,0.691025641025641,-1.0,-1.0
rtdetr-l_dataset_1_exp_dataset_quality_178,0.4,0.9592894152479645,0.7416198487095663,"[0, 1, 1, 0, 1, 0, 0, 0, 0, 1, 2, 0, 0, 0, 1, 1, -1, 0, 0, 0]","[9, 8, 7, 15, 15, 13, 14, 7, 15, 7, 16, 13, 15, 7, 16, 16, 13, 8, 14, 6]",0.9597847985347986,0.05380296560629139,0.6202791986973041,0.9474226261153395,0.7878427565304245,0.6202791986973041,-1.0,-1.0,0.061538461538461556,0.5397435897435898,0.6888888888888889,0.6888888888888889,-1.0,-1.0
rtdetr-l_dataset_1_exp_dataset_quality_178,0.5,0.9592894152479645,0.7416198487095663,"[0, 1, 1, 0, 1, 0, 0, 0, 0, 1, 2, 0, 0, 0, 1, 1, -1, 0, 0, 0]","[9, 8, 7, 15, 15, 13, 14, 7, 15, 7, 16, 13, 15, 7, 16, 16, 13, 8, 14, 6]",0.9597847985347986,0.05380296560629139,0.6202791986973041,0.9474226261153395,0.7878427565304245,0.6202791986973041,-1.0,-1.0,0.061538461538461556,0.5397435897435898,0.6888888888888889,0.6888888888888889,-1.0,-1.0
rtdetr-l_dataset_1_exp_dataset_quality_178,0.6,0.9370836417468542,0.9219544457292888,"[0, 1, 1, 0, 1, 0, 0, 0, 0, 1, 3, 1, 0, 0, 1, 1, -1, 0, 0, 0]","[9, 8, 7, 15, 15, 13, 14, 7, 15, 7, 16, 13, 15, 7, 16, 16, 13, 8, 14, 6]",0.9528136446886446,0.05964805024068033,0.6177237061436434,0.9376443443224024,0.7792502673255569,0.6177237061436434,-1.0,-1.0,0.061538461538461556,0.5397435897435898,0.6846153846153846,0.6846153846153846,-1.0,-1.0
rtdetr-l_dataset_1_exp_dataset_quality_178,0.7,-3.463360473723168,7.76530746332687,"[3, 7, 5, 12, 9, 9, 8, 3, 12, 4, 12, 7, 2, 3, 12, 9, 8, 4, 8, 3]","[9, 8, 7, 15, 15, 13, 14, 7, 15, 7, 16, 13, 15, 7, 16, 16, 13, 8, 14, 6]",0.4131982600732601,0.17237551312376123,0.27424315184612963,0.40594059405940597,0.37026634105490924,0.27424315184612963,-1.0,-1.0,0.061538461538461556,0.2893162393162393,0.3,0.3,-1.0,-1.0
rtdetr-l_dataset_1_exp_dataset_quality_179,0.29,0.9629903774981495,0.7071067811865476,"[0, 0, 0, 0, 1, 0, 0, 0, 0, 0, 2, -1, 0, 0, 1, 1, -1, 1, 0, 0]","[9, 8, 7, 15, 15, 13, 14, 7, 15, 7, 16, 13, 15, 7, 16, 16, 13, 8, 14, 6]",0.970224358974359,0.04336443704310879,0.606884082229697,0.9524890502632609,0.7244860967672465,0.606884082229697,-1.0,-1.0,0.06153846153846154,0.5410256410256411,0.6794871794871795,0.6794871794871795,-1.0,-1.0
rtdetr-l_dataset_1_exp_dataset_quality_179,0.4,0.9629903774981495,0.7071067811865476,"[0, 0, 0, 0, 1, 0, 0, 0, 0, 0, 2, -1, 0, 0, 1, 1, -1, 1, 0, 0]","[9, 8, 7, 15, 15, 13, 14, 7, 15, 7, 16, 13, 15, 7, 16, 16, 13, 8, 14, 6]",0.970224358974359,0.04336443704310879,0.606884082229697,0.9524890502632609,0.7244860967672465,0.606884082229697,-1.0,-1.0,0.06153846153846154,0.5410256410256411,0.6794871794871795,0.6794871794871795,-1.0,-1.0
rtdetr-l_dataset_1_exp_dataset_quality_179,0.5,0.844559585492228,1.449137674618944,"[0, 3, 1, 0, 3, 0, 1, 0, 1, 2, 2, 0, 0, 1, 2, 2, 0, 2, 0, 0]","[9, 8, 7, 15, 15, 13, 14, 7, 15, 7, 16, 13, 15, 7, 16, 16, 13, 8, 14, 6]",0.9045238095238096,0.10947177853120219,0.5724933365706317,0.8934815248181437,0.6824782147703145,0.5724933365706317,-1.0,-1.0,0.06153846153846154,0.5252136752136752,0.6418803418803419,0.6418803418803419,-1.0,-1.0
rtdetr-l_dataset_1_exp_dataset_quality_179,0.6,,12.589678312014172,"[14, 11]","[15, 15]",0.16666666666666663,0.09999999999999998,0.021386138613861388,0.0297029702970297,0.0297029702970297,0.021386138613861388,-1.0,-1.0,0.0068376068376068385,0.01623931623931624,0.01623931623931624,0.01623931623931624,-1.0,-1.0
rtdetr-l_dataset_1_exp_dataset_quality_179,0.7,,13.038404810405298,"[14, 12]","[15, 15]",0.1333333333333333,0.06666666666666665,0.015346534653465346,0.019801980198019802,0.019801980198019802,0.015346534653465346,-1.0,-1.0,0.0068376068376068385,0.012820512820512822,0.012820512820512822,0.012820512820512822,-1.0,-1.0
rtdetr-l_dataset_1_exp_dataset_quality_180,0.29,0.5299777942264989,2.5199206336708304,"[-2, -1, 0, -2, -1, -7, -2, -2, 0, -1, 2, -3, -2, -1, 0, 0, -4, 0, -5, 0]","[9, 8, 7, 15, 15, 13, 14, 7, 15, 7, 16, 13, 15, 7, 16, 16, 13, 8, 14, 6]",0.8523046398046399,0.14011286759879557,0.3561155733093857,0.9027315106949657,0.20538605771175533,0.3561155733093857,-1.0,-1.0,0.038888888888888896,0.3602564102564102,0.4837606837606837,0.4837606837606837,-1.0,-1.0
rtdetr-l_dataset_1_exp_dataset_quality_180,0.4,0.8297557364914878,1.51657508881031,"[-1, -1, 0, -1, -1, -1, -1, -2, 0, 0, 2, -3, 0, -1, 1, 1, -2, 0, -4, 0]","[9, 8, 7, 15, 15, 13, 14, 7, 15, 7, 16, 13, 15, 7, 16, 16, 13, 8, 14, 6]",0.9066651404151405,0.0887932695977566,0.3561155733093857,0.9027315106949657,0.20538605771175533,0.3561155733093857,-1.0,-1.0,0.038888888888888896,0.3602564102564102,0.4837606837606837,0.4837606837606837,-1.0,-1.0
rtdetr-l_dataset_1_exp_dataset_quality_180,0.5,0.9111769059955588,1.0954451150103321,"[0, 0, 1, 0, 0, 0, 0, 0, 0, 1, 3, -2, 0, -1, 1, 1, 2, 1, 1, 0]","[9, 8, 7, 15, 15, 13, 14, 7, 15, 7, 16, 13, 15, 7, 16, 16, 13, 8, 14, 6]",0.9377403846153844,0.0688230937120488,0.3459492060774427,0.8843675176621149,0.2009132420091324,0.3459492060774427,-1.0,-1.0,0.038888888888888896,0.3602564102564102,0.47051282051282045,0.47051282051282045,-1.0,-1.0
rtdetr-l_dataset_1_exp_dataset_quality_180,0.6,-7.148837209302325,10.464224768228174,"[8, 11, 6, 6, 12, 9, 15, 13]","[9, 14, 7, 7, 16, 15, 16, 14]",0.1743799603174603,0.10447589388446922,0.02543101368960425,0.07810781078107812,0.0054005400540054005,0.02543101368960425,-1.0,-1.0,0.013675213675213677,0.029914529914529912,0.029914529914529912,0.029914529914529912,-1.0,-1.0
rtdetr-l_dataset_1_exp_dataset_quality_181,0.29,0.9444855662472242,0.8660254037844386,"[-1, 0, 0, 0, 0, 0, 0, -1, 0, 1, 2, -1, 0, 0, 2, 0, -1, 0, -1, -1]","[9, 8, 7, 15, 15, 13, 14, 7, 15, 7, 16, 13, 15, 7, 16, 16, 13, 8, 14, 6]",0.9480616605616605,0.06130836875641291,0.3256599617511251,0.8924359700735855,0.09080597675271265,0.3256599617511251,-1.0,-1.0,0.03717948717948718,0.32564102564102565,0.41923076923076924,0.41923076923076924,-1.0,-1.0
rtdetr-l_dataset_1_exp_dataset_quality_181,0.4,0.5706883789785344,2.4083189157584592,"[1, 2, 0, 5, 0, 2, 0, -1, 0, 1, 4, 1, 0, 0, 7, 1, 3, 0, 0, 2]","[9, 8, 7, 15, 15, 13, 14, 7, 15, 7, 16, 13, 15, 7, 16, 16, 13, 8, 14, 6]",0.8737484737484739,0.13411711427606365,0.2920435489558243,0.7898846695778268,0.08239225984454114,0.2920435489558243,-1.0,-1.0,0.03717948717948718,0.311965811965812,0.37564102564102564,0.37564102564102564,-1.0,-1.0
rtdetr-l_dataset_1_exp_dataset_quality_181,0.5,-10.689944134078214,10.16530045465127,"[8, 12, 12, 4, 13, 10, 10, 12, 7]","[9, 15, 14, 7, 16, 13, 15, 16, 14]",0.26490469407136075,0.12332371051512693,0.051709041329722566,0.1264771638454168,0.015969338869370808,0.051709041329722566,-1.0,-1.0,0.01794871794871795,0.06153846153846154,0.06153846153846154,0.06153846153846154,-1.0,-1.0
rtdetr-l_dataset_1_exp_dataset_quality_182,0.29,0.9444855662472242,0.8660254037844386,"[0, -1, 0, 0, 1, 0, 0, 0, -1, 0, 2, -2, 0, 0, 1, 1, -1, 0, 0, 1]","[9, 8, 7, 15, 15, 13, 14, 7, 15, 7, 16, 13, 15, 7, 16, 16, 13, 8, 14, 6]",0.9547115384615384,0.056698355581454245,0.4768932920841614,0.9332054410923105,0.4461556211037185,0.4768932920841614,-1.0,-1.0,0.04358974358974359,0.43888888888888894,0.5726495726495726,0.5726495726495726,-1.0,-1.0
rtdetr-l_dataset_1_exp_dataset_quality_182,0.4,0.8852701702442635,1.2449899597988732,"[0, 1, 2, 0, 1, 2, 2, 0, -1, 0, 2, 0, 0, 0, 3, 1, 1, 0, 0, 1]","[9, 8, 7, 15, 15, 13, 14, 7, 15, 7, 16, 13, 15, 7, 16, 16, 13, 8, 14, 6]",0.9270329670329669,0.081277925603919,0.455661313000706,0.8853466932958429,0.43301245656700055,0.455661313000706,-1.0,-1.0,0.04358974358974359,0.43717948717948724,0.5478632478632479,0.5478632478632479,-1.0,-1.0
rtdetr-l_dataset_1_exp_dataset_quality_182,0.5,,12.0,[12],[13],0.07692307692307687,0.0,0.0,0.0,0.0,0.0,-1.0,-1.0,0.0,0.0,0.0,0.0,-1.0,-1.0
rtdetr-l_dataset_1_exp_dataset_quality_183,0.29,0.9296817172464841,0.9746794344808963,"[-1, 0, 1, 0, 0, 1, 1, 0, 0, 1, 2, -2, 0, 0, 2, 0, -1, 0, 0, 1]","[9, 8, 7, 15, 15, 13, 14, 7, 15, 7, 16, 13, 15, 7, 16, 16, 13, 8, 14, 6]",0.9403693528693529,0.06390559489299384,0.41161593306315875,0.9207405526333655,0.2813308120138594,0.41161593306315875,-1.0,-1.0,0.037606837606837605,0.41196581196581195,0.5252136752136752,0.5252136752136752,-1.0,-1.0
rtdetr-l_dataset_1_exp_dataset_quality_183,0.4,0.8963730569948186,1.1832159566199232,"[-1, 1, 1, 1, 1, 1, 1, 0, 0, 1, 2, -1, 0, 0, 2, 3, 0, 0, 1, 1]","[9, 8, 7, 15, 15, 13, 14, 7, 15, 7, 16, 13, 15, 7, 16, 16, 13, 8, 14, 6]",0.9221985653235653,0.06034776657618501,0.4005231993226823,0.8823379983247603,0.27622765852670444,0.4005231993226823,-1.0,-1.0,0.037606837606837605,0.4111111111111111,0.5119658119658119,0.5119658119658119,-1.0,-1.0
rtdetr-l_dataset_1_exp_dataset_quality_183,0.5,0.3560325684678016,2.949576240750525,"[-1, 3, 2, 3, 5, 3, 3, 3, 1, 3, 3, 2, 3, 0, 3, 3, 5, 2, 4, 2]","[9, 8, 7, 15, 15, 13, 14, 7, 15, 7, 16, 13, 15, 7, 16, 16, 13, 8, 14, 6]",0.7577983821733821,0.11308322275501498,0.33133045321918825,0.7296688138805428,0.2338655446564792,0.33133045321918825,-1.0,-1.0,0.037606837606837605,0.3811965811965812,0.42179487179487174,0.42179487179487174,-1.0,-1.0
rtdetr-l_dataset_1_exp_dataset_quality_183,0.6,-7.5625,11.704699910719626,"[15, 7]","[16, 8]",0.09375,0.03125,0.0034653465346534654,0.009900990099009901,0.0,0.0034653465346534654,-1.0,-1.0,0.002991452991452992,0.002991452991452992,0.002991452991452992,0.002991452991452992,-1.0,-1.0
rtdetr-l_dataset_1_exp_dataset_quality_184,0.29,0.6558105107327905,2.1563858652847827,"[1, 0, 1, 0, 1, -7, 0, -2, -1, -1, 3, -2, -1, -3, -1, 0, -1, 0, -3, -1]","[9, 8, 7, 15, 15, 13, 14, 7, 15, 7, 16, 13, 15, 7, 16, 16, 13, 8, 14, 6]",0.8644352869352868,0.14080676565821734,0.4684618354319816,0.9419250680483834,0.407642343738484,0.4684618354319816,-1.0,-1.0,0.04957264957264958,0.44102564102564107,0.5598290598290598,0.5598290598290598,-1.0,-1.0
rtdetr-l_dataset_1_exp_dataset_quality_184,0.4,0.8741672834937084,1.3038404810405297,"[1, 1, 1, 0, 3, -1, 0, 0, 0, 0, 3, 0, 0, 0, 2, 1, -1, 2, 1, 1]","[9, 8, 7, 15, 15, 13, 14, 7, 15, 7, 16, 13, 15, 7, 16, 16, 13, 8, 14, 6]",0.9202045177045175,0.07840092489984118,0.4586536581832296,0.912835119128351,0.40126467894497764,0.4586536581832296,-1.0,-1.0,0.04957264957264958,0.43418803418803414,0.5491452991452992,0.5491452991452992,-1.0,-1.0
rtdetr-l_dataset_1_exp_dataset_quality_185,0.29,0.7039230199851961,2.0,"[0, 1, 1, 0, 4, 0, 0, 0, -1, 0, 5, -1, 1, 0, 4, 1, 0, 1, 4, 0]","[9, 8, 7, 15, 15, 13, 14, 7, 15, 7, 16, 13, 15, 7, 16, 16, 13, 8, 14, 6]",0.9109752747252747,0.10601000940596084,0.43603118931498097,0.8405669793256316,0.37864639205248063,0.43603118931498097,-1.0,-1.0,0.05641025641025641,0.4384615384615384,0.5128205128205128,0.5128205128205128,-1.0,-1.0
rtdetr-l_dataset_1_exp_dataset_quality_185,0.4,0.6262028127313102,2.247220505424423,"[0, 1, 1, 1, 4, 1, 1, 0, 4, 0, 5, -1, 2, 0, 4, 1, 0, 1, 4, 0]","[9, 8, 7, 15, 15, 13, 14, 7, 15, 7, 16, 13, 15, 7, 16, 16, 13, 8, 14, 6]",0.8868910256410256,0.10556072174420429,0.4259728650909791,0.8214786211139437,0.3726476975199025,0.4259728650909791,-1.0,-1.0,0.05641025641025641,0.4384615384615384,0.5012820512820513,0.5012820512820513,-1.0,-1.0
rtdetr-l_dataset_1_exp_dataset_quality_186,0.29,0.9148778682457439,1.0723805294763609,"[2, 0, 1, 1, 1, -1, 0, 0, 1, -1, 2, -1, 0, 0, 2, 0, -1, 1, 1, 1]","[9, 8, 7, 15, 15, 13, 14, 7, 15, 7, 16, 13, 15, 7, 16, 16, 13, 8, 14, 6]",0.9224099511599512,0.06349581097102003,0.4235998471381285,0.9302540884324466,0.2926550462202926,0.4235998471381285,-1.0,-1.0,0.052564102564102565,0.3935897435897436,0.505982905982906,0.505982905982906,-1.0,-1.0
rtdetr-l_dataset_1_exp_dataset_quality_186,0.4,0.9000740192450037,1.161895003862225,"[2, 0, 1, 1, 1, -1, 0, 0, 1, 0, 3, -1, 0, 0, 2, 0, -1, 1, 1, 1]","[9, 8, 7, 15, 15, 13, 14, 7, 15, 7, 16, 13, 15, 7, 16, 16, 13, 8, 14, 6]",0.9264278083028081,0.06778805673180964,0.4204227294263573,0.920573120335637,0.2876825489705676,0.4204227294263573,-1.0,-1.0,0.052564102564102565,0.3935897435897436,0.5034188034188034,0.5034188034188034,-1.0,-1.0
rtdetr-l_dataset_1_exp_dataset_quality_186,0.5,-4.54774083546462,8.491481799891861,"[7, 7, 3, 11, 10, 9, 9, 5, 8, 14, 6, 5, 2, 14, 10, 9, 7, 10, 2]","[9, 8, 7, 15, 15, 13, 14, 7, 15, 16, 13, 15, 7, 16, 16, 13, 8, 14, 6]",0.36133442580811004,0.18744104869298345,0.15950298146947725,0.3196231015506614,0.13597410544912614,0.15950298146947725,-1.0,-1.0,0.04957264957264958,0.18333333333333332,0.18333333333333332,0.18333333333333332,-1.0,-1.0
rtdetr-l_dataset_1_exp_dataset_quality_187,0.29,-2.7897853441894895,7.155417527999327,"[3, 4, 4, 8, 10, 6, 6, 5, 9, 3, 10, 6, 9, 5, 7, 12, 6, 6, 11, 2]","[9, 8, 7, 15, 15, 13, 14, 7, 15, 7, 16, 13, 15, 7, 16, 16, 13, 8, 14, 6]",0.44216804029304024,0.1369851019636922,0.2060722574393115,0.4235783055429726,0.1547395677693147,0.2060722574393115,-1.0,-1.0,0.04529914529914529,0.24700854700854702,0.24700854700854702,0.24700854700854702,-1.0,-1.0
rtdetr-l_dataset_1_exp_dataset_quality_188,0.29,0.4337527757216876,2.7658633371878665,"[1, 4, 3, 2, 3, 2, 3, 2, 4, 2, 7, 0, 1, 1, 4, 2, 2, 0, 1, 1]","[9, 8, 7, 15, 15, 13, 14, 7, 15, 7, 16, 13, 15, 7, 16, 16, 13, 8, 14, 6]",0.800339590964591,0.13442601802571635,0.38715134446773225,0.7677981255872649,0.32876406521346163,0.38715134446773225,-1.0,-1.0,0.05,0.39871794871794874,0.4551282051282051,0.4551282051282051,-1.0,-1.0
rtdetr-l_dataset_1_exp_dataset_quality_188,0.4,,12.0,[12],[13],0.07692307692307687,0.0,0.0,0.0,0.0,0.0,-1.0,-1.0,0.0,0.0,0.0,0.0,-1.0,-1.0
rtdetr-l_dataset_1_exp_dataset_quality_189,0.29,0.8815692079940785,1.2649110640673518,"[1, 2, 1, 1, 3, 0, 1, 1, 1, 0, 3, 0, 0, -1, 1, 1, 0, 1, 0, 0]","[9, 8, 7, 15, 15, 13, 14, 7, 15, 7, 16, 13, 15, 7, 16, 16, 13, 8, 14, 6]",0.9184027777777779,0.07599102414950899,0.4363761597231747,0.8866760906160527,0.3766107505155672,0.4363761597231747,-1.0,-1.0,0.05,0.4247863247863248,0.5179487179487179,0.5179487179487179,-1.0,-1.0
rtdetr-l_dataset_1_exp_dataset_quality_189,0.4,0.11176905995558839,3.4641016151377544,"[3, 4, 2, 3, 6, 2, 4, 4, 4, 3, 5, 4, 1, 0, 3, 6, 2, 2, 1, 3]","[9, 8, 7, 15, 15, 13, 14, 7, 15, 7, 16, 13, 15, 7, 16, 16, 13, 8, 14, 6]",0.7175045787545788,0.14951825458201784,0.3565226928229194,0.7031856974144526,0.31819574079910046,0.3565226928229194,-1.0,-1.0,0.05,0.38376068376068373,0.4175213675213675,0.4175213675213675,-1.0,-1.0
rtdetr-l_dataset_1_exp_dataset_quality_189,0.5,-3.877868245743894,8.117881497040962,"[7, 5, 6, 10, 11, 8, 8, 6, 11, 6, 12, 7, 9, 0, 10, 11, 9, 5, 7, 4]","[9, 8, 7, 15, 15, 13, 14, 7, 15, 7, 16, 13, 15, 7, 16, 16, 13, 8, 14, 6]",0.3510355616605616,0.17914496370896515,0.1839576076367793,0.33832407631007005,0.19731491695988163,0.1839576076367793,-1.0,-1.0,0.05,0.2111111111111111,0.2111111111111111,0.2111111111111111,-1.0,-1.0
rtdetr-l_dataset_1_exp_dataset_quality_189,0.6,-9.55357142857143,8.103497187428813,"[7, 12, 2]","[9, 13, 7]",0.3378103378103378,0.2727370433529616,0.016584158415841585,0.027227722772277228,0.022277227722772276,0.016584158415841585,-1.0,-1.0,0.005555555555555556,0.018376068376068377,0.018376068376068377,0.018376068376068377,-1.0,-1.0
rtdetr-l_dataset_1_exp_dataset_quality_190,0.29,,14.0,[14],[15],0.06666666666666665,0.0,0.007920792079207917,0.0099009900990099,0.0099009900990099,0.007920792079207917,-1.0,-1.0,0.0034188034188034192,0.0034188034188034192,0.0034188034188034192,0.0034188034188034192,-1.0,-1.0
rtdetr-l_dataset_2_exp_dataset_quality_191,0.29,0.7523584905660378,1.02469507659596,"[-2, 1, 0, 1, -2, 0, 1, 0, 1, 0, 1, 0, 1, 2, 0, 0, -1, 1, -1, 0]","[13, 15, 13, 11, 8, 12, 15, 9, 12, 14, 12, 12, 12, 15, 15, 11, 12, 13, 9, 15]",0.9358605283605284,0.06513944605209034,0.5576372701257012,0.9313880057368368,0.6059698027825408,0.5576372701257012,-1.0,-1.0,0.057258064516129026,0.5181451612903226,0.6362903225806452,0.6362903225806452,-1.0,-1.0
rtdetr-l_dataset_2_exp_dataset_quality_191,0.4,0.7995283018867925,0.9219544457292888,"[-2, 1, 0, 1, 0, 0, 1, 0, 1, 0, 1, 0, 1, 2, 0, 0, -1, 1, -1, 0]","[13, 15, 13, 11, 8, 12, 15, 9, 12, 14, 12, 12, 12, 15, 15, 11, 12, 13, 9, 15]",0.9483605283605284,0.050649622140347496,0.5576372701257012,0.9313880057368368,0.6059698027825408,0.5576372701257012,-1.0,-1.0,0.057258064516129026,0.5181451612903226,0.6362903225806452,0.6362903225806452,-1.0,-1.0
rtdetr-l_dataset_2_exp_dataset_quality_191,0.5,0.6580188679245284,1.2041594578792296,"[-2, 1, 0, 1, 0, 0, 1, 0, 1, 0, 1, 0, 1, 4, 0, 0, -1, 1, -1, 0]","[13, 15, 13, 11, 8, 12, 15, 9, 12, 14, 12, 12, 12, 15, 15, 11, 12, 13, 9, 15]",0.9416938616938617,0.06707518286710752,0.5521475583769891,0.9218102691096316,0.5983480188642475,0.5521475583769891,-1.0,-1.0,0.057258064516129026,0.5181451612903226,0.6290322580645162,0.6290322580645162,-1.0,-1.0
rtdetr-l_dataset_2_exp_dataset_quality_191,0.6,0.10377358490566047,1.9493588689617927,"[-2, 1, 0, 1, 0, 0, 2, 2, 1, 0, 5, 1, 2, 5, 0, 0, 0, 2, -1, 1]","[13, 15, 13, 11, 8, 12, 15, 9, 12, 14, 12, 12, 12, 15, 15, 11, 12, 13, 9, 15]",0.8959032634032635,0.11261950988436749,0.5288889045248902,0.8832572600104839,0.5680029299186411,0.5288889045248902,-1.0,-1.0,0.057258064516129026,0.509274193548387,0.6040322580645161,0.6040322580645161,-1.0,-1.0
rtdetr-l_dataset_2_exp_dataset_quality_191,0.7,-25.840579710144926,10.758717395675006,"[12, 9, 11, 7, 10, 13, 8, 10, 12, 7, 13, 14, 7, 10, 11, 14]","[13, 15, 13, 8, 12, 15, 9, 12, 14, 12, 15, 15, 11, 12, 13, 15]",0.1777429168054168,0.10890731793682525,0.09360506517684736,0.1485148514851485,0.09797854785478548,0.09360506517684736,-1.0,-1.0,0.04596774193548387,0.10161290322580648,0.10161290322580648,0.10161290322580648,-1.0,-1.0
rtdetr-l_dataset_2_exp_dataset_quality_192,0.29,0.8113207547169812,0.8944271909999159,"[0, 0, -1, 1, -2, 0, 0, 1, 0, 0, 0, 0, 2, 2, 0, 0, -1, 0, 0, 0]","[13, 15, 13, 11, 8, 12, 15, 9, 12, 14, 12, 12, 12, 15, 15, 11, 12, 13, 9, 15]",0.9543861693861695,0.07068057396492759,0.6987075202558517,0.9521236643465686,0.8772256257766541,0.6987075202558517,-1.0,-1.0,0.06693548387096773,0.6108870967741935,0.7536290322580645,0.7536290322580645,-1.0,-1.0
rtdetr-l_dataset_2_exp_dataset_quality_192,0.4,0.8466981132075472,0.806225774829855,"[0, 0, -1, 1, -1, 0, 0, 1, 0, 0, 0, 0, 2, 2, 0, 0, -1, 0, 0, 0]","[13, 15, 13, 11, 8, 12, 15, 9, 12, 14, 12, 12, 12, 15, 15, 11, 12, 13, 9, 15]",0.9606361693861695,0.05641900316989377,0.6987075202558517,0.9521236643465686,0.8772256257766541,0.6987075202558517,-1.0,-1.0,0.06693548387096773,0.6108870967741935,0.7536290322580645,0.7536290322580645,-1.0,-1.0
rtdetr-l_dataset_2_exp_dataset_quality_192,0.5,0.8584905660377359,0.7745966692414834,"[0, 0, -1, 1, 0, 0, 0, 1, 0, 0, 0, 0, 2, 2, 0, 0, -1, 0, 0, 0]","[13, 15, 13, 11, 8, 12, 15, 9, 12, 14, 12, 12, 12, 15, 15, 11, 12, 13, 9, 15]",0.9668861693861694,0.053430696246234394,0.6977408735744555,0.9424651474744733,0.8772256257766541,0.6977408735744555,-1.0,-1.0,0.06693548387096773,0.6076612903225805,0.7504032258064516,0.7504032258064516,-1.0,-1.0
rtdetr-l_dataset_2_exp_dataset_quality_192,0.6,0.7995283018867925,0.9219544457292888,"[0, 0, -1, 1, 1, 0, 1, 2, 0, 0, 0, 0, 2, 2, 0, 0, -1, 0, 0, 0]","[13, 15, 13, 11, 8, 12, 15, 9, 12, 14, 12, 12, 12, 15, 15, 11, 12, 13, 9, 15]",0.9517472804972806,0.06692058139275822,0.6921526452362516,0.9424634498320572,0.8679738141375497,0.6921526452362516,-1.0,-1.0,0.06693548387096773,0.605241935483871,0.7447580645161291,0.7447580645161291,-1.0,-1.0
rtdetr-l_dataset_2_exp_dataset_quality_192,0.7,0.7051886792452831,1.118033988749895,"[0, 1, -1, 1, 1, 0, 2, 2, 0, 0, 2, 0, 2, 2, 0, 0, 0, 0, 1, 0]","[13, 15, 13, 11, 8, 12, 15, 9, 12, 14, 12, 12, 12, 15, 15, 11, 12, 13, 9, 15]",0.9353583916083916,0.07194436130838669,0.6791958047240851,0.9230722990987266,0.8494864882265354,0.6791958047240851,-1.0,-1.0,0.06693548387096773,0.6028225806451613,0.7310483870967742,0.7310483870967742,-1.0,-1.0
rtdetr-l_dataset_2_exp_dataset_quality_192,0.8,-3.5165094339622636,4.376071297408213,"[5, 3, 4, 4, 4, 3, 6, 3, 4, 3, 6, 5, 3, 6, 4, 3, 3, 8, 3, 3]","[13, 15, 13, 11, 8, 12, 15, 9, 12, 14, 12, 12, 12, 15, 15, 11, 12, 13, 9, 15]",0.6604162504162505,0.10794554383372719,0.4876827597105131,0.6505288745435053,0.6077526246572886,0.4876827597105131,-1.0,-1.0,0.06693548387096773,0.5056451612903226,0.5201612903225806,0.5201612903225806,-1.0,-1.0
rtdetr-l_dataset_2_exp_dataset_quality_193,0.29,0.8231132075471699,0.8660254037844386,"[-1, 0, 0, 0, -1, 0, 1, 0, 0, 0, 0, 0, 1, 3, 0, 0, 0, 0, 1, 1]","[13, 15, 13, 11, 8, 12, 15, 9, 12, 14, 12, 12, 12, 15, 15, 11, 12, 13, 9, 15]",0.9635149572649574,0.056168498841180865,0.6222444586688511,0.9568366883789701,0.7214436200831464,0.6222444586688511,-1.0,-1.0,0.06370967741935483,0.5552419354838709,0.6721774193548387,0.6721774193548387,-1.0,-1.0
rtdetr-l_dataset_2_exp_dataset_quality_193,0.4,0.8231132075471699,0.8660254037844386,"[-1, 0, 0, 0, -1, 0, 1, 0, 0, 0, 0, 0, 1, 3, 0, 0, 0, 0, 1, 1]","[13, 15, 13, 11, 8, 12, 15, 9, 12, 14, 12, 12, 12, 15, 15, 11, 12, 13, 9, 15]",0.9635149572649574,0.056168498841180865,0.6222444586688511,0.9568366883789701,0.7214436200831464,0.6222444586688511,-1.0,-1.0,0.06370967741935483,0.5552419354838709,0.6721774193548387,0.6721774193548387,-1.0,-1.0
rtdetr-l_dataset_2_exp_dataset_quality_193,0.5,0.8231132075471699,0.8660254037844386,"[-1, 0, 0, 0, -1, 0, 1, 0, 0, 0, 0, 0, 1, 3, 0, 0, 0, 0, 1, 1]","[13, 15, 13, 11, 8, 12, 15, 9, 12, 14, 12, 12, 12, 15, 15, 11, 12, 13, 9, 15]",0.9635149572649574,0.056168498841180865,0.6222444586688511,0.9568366883789701,0.7214436200831464,0.6222444586688511,-1.0,-1.0,0.06370967741935483,0.5552419354838709,0.6721774193548387,0.6721774193548387,-1.0,-1.0
rtdetr-l_dataset_2_exp_dataset_quality_193,0.6,0.8349056603773585,0.8366600265340756,"[0, 0, 0, 0, -1, 0, 1, 0, 0, 0, 0, 0, 1, 3, 0, 0, 0, 0, 1, 1]","[13, 15, 13, 11, 8, 12, 15, 9, 12, 14, 12, 12, 12, 15, 15, 11, 12, 13, 9, 15]",0.9673611111111111,0.055900836750291276,0.6222444586688511,0.9568366883789701,0.7214436200831464,0.6222444586688511,-1.0,-1.0,0.06370967741935483,0.5552419354838709,0.6721774193548387,0.6721774193548387,-1.0,-1.0
rtdetr-l_dataset_2_exp_dataset_quality_193,0.7,0.7877358490566038,0.9486832980505138,"[0, 0, 0, 0, -1, 0, 1, 2, 0, 0, 0, 0, 1, 3, 0, 0, 0, 0, 1, 1]","[13, 15, 13, 11, 8, 12, 15, 9, 12, 14, 12, 12, 12, 15, 15, 11, 12, 13, 9, 15]",0.95625,0.06888594863797033,0.6184434876626597,0.947058437826642,0.7214436200831464,0.6184434876626597,-1.0,-1.0,0.06370967741935483,0.552016129032258,0.6689516129032258,0.6689516129032258,-1.0,-1.0
rtdetr-l_dataset_2_exp_dataset_quality_193,0.8,0.7641509433962265,1.0,"[0, 0, 0, 0, 1, 0, 1, 2, 0, 0, 1, 0, 1, 3, 0, 0, 0, 1, 1, 1]","[13, 15, 13, 11, 8, 12, 15, 9, 12, 14, 12, 12, 12, 15, 15, 11, 12, 13, 9, 15]",0.9482371794871796,0.06799284552582364,0.6145486847743129,0.9372166759834587,0.7214436200831464,0.6145486847743129,-1.0,-1.0,0.06370967741935483,0.5504032258064515,0.6649193548387096,0.6649193548387096,-1.0,-1.0
rtdetr-l_dataset_2_exp_dataset_quality_194,0.29,0.7287735849056605,1.0723805294763609,"[-1, 0, -1, 0, -3, 0, 0, 0, 1, 0, -1, 0, 2, 2, -1, 0, 0, 0, 0, 1]","[13, 15, 13, 11, 8, 12, 15, 9, 12, 14, 12, 12, 12, 15, 15, 11, 12, 13, 9, 15]",0.9435576923076925,0.08862222376675553,0.6588041072831782,0.9538709563259888,0.8096997798071123,0.6588041072831782,-1.0,-1.0,0.062096774193548386,0.5879032258064516,0.7201612903225807,0.7201612903225807,-1.0,-1.0
rtdetr-l_dataset_2_exp_dataset_quality_194,0.4,0.7877358490566038,0.9486832980505138,"[-1, 0, -1, 0, -2, 0, 0, 0, 1, 0, 0, 0, 2, 2, -1, 0, 0, 1, 0, 1]","[13, 15, 13, 11, 8, 12, 15, 9, 12, 14, 12, 12, 12, 15, 15, 11, 12, 13, 9, 15]",0.9501282051282052,0.0677851199394609,0.6544644394454269,0.9442893530043663,0.8096997798071123,0.6544644394454269,-1.0,-1.0,0.062096774193548386,0.5879032258064516,0.7153225806451613,0.7153225806451613,-1.0,-1.0
rtdetr-l_dataset_2_exp_dataset_quality_194,0.5,0.8231132075471699,0.8660254037844386,"[-1, 0, -1, 0, 1, 0, 0, 0, 1, 0, 0, 0, 2, 2, -1, 0, 0, 1, 0, 1]","[13, 15, 13, 11, 8, 12, 15, 9, 12, 14, 12, 12, 12, 15, 15, 11, 12, 13, 9, 15]",0.9563782051282053,0.05324854384022661,0.6544644394454269,0.9442893530043663,0.8096997798071123,0.6544644394454269,-1.0,-1.0,0.062096774193548386,0.5879032258064516,0.7153225806451613,0.7153225806451613,-1.0,-1.0
rtdetr-l_dataset_2_exp_dataset_quality_194,0.6,0.7641509433962265,1.0,"[0, 1, -1, 0, 1, 0, 2, 1, 1, 0, 0, 0, 2, 2, -1, 0, 0, 1, 0, 1]","[13, 15, 13, 11, 8, 12, 15, 9, 12, 14, 12, 12, 12, 15, 15, 11, 12, 13, 9, 15]",0.9446688034188035,0.05576077624457159,0.6451149183324913,0.9345190100418806,0.8009256384510364,0.6451149183324913,-1.0,-1.0,0.062096774193548386,0.5850806451612903,0.7040322580645163,0.7040322580645163,-1.0,-1.0
rtdetr-l_dataset_2_exp_dataset_quality_194,0.7,0.03301886792452846,2.0248456731316584,"[1, 3, 0, 2, 2, 0, 3, 2, 1, 0, 3, 1, 3, 3, 0, 2, 1, 3, 2, 2]","[13, 15, 13, 11, 8, 12, 15, 9, 12, 14, 12, 12, 12, 15, 15, 11, 12, 13, 9, 15]",0.8575446775446774,0.09063483475059504,0.5837890911869359,0.8371358169200867,0.7213592560436206,0.5837890911869359,-1.0,-1.0,0.062096774193548386,0.5625,0.6362903225806452,0.6362903225806452,-1.0,-1.0
rtdetr-l_dataset_2_exp_dataset_quality_194,0.8,-25.3026981450253,10.389474311561111,"[11, 12, 10, 5, 8, 14, 8, 9, 11, 10, 11, 13, 10, 10, 11, 8, 12]","[13, 13, 11, 8, 12, 15, 9, 12, 14, 12, 12, 15, 11, 12, 13, 9, 15]",0.16340832370244135,0.08589071642483326,0.10306052033774805,0.13861386138613863,0.12871287128712872,0.10306052033774805,-1.0,-1.0,0.053629032258064514,0.10645161290322583,0.10645161290322583,0.10645161290322583,-1.0,-1.0
rtdetr-l_dataset_2_exp_dataset_quality_195,0.29,-1.2287735849056602,3.0740852297878796,"[2, 1, 2, 2, 1, 2, 5, 6, 4, 1, 6, 0, 1, 4, 6, -1, -1, 1, -1, 0]","[13, 15, 13, 11, 8, 12, 15, 9, 12, 14, 12, 12, 12, 15, 15, 11, 12, 13, 9, 15]",0.8067558830058829,0.16950996808156313,0.2637761663821152,0.7302580290453864,0.09865000074668101,0.2637761663821152,-1.0,-1.0,0.032258064516129024,0.31451612903225806,0.35806451612903223,0.35806451612903223,-1.0,-1.0
rtdetr-l_dataset_2_exp_dataset_quality_195,0.4,-32.26869806094183,10.959014554237985,"[14, 8, 11, 14, 11, 9, 11, 11, 12, 6]","[15, 11, 12, 15, 12, 14, 12, 12, 15, 9]",0.16298701298701299,0.11138280812176977,0.026976197619761978,0.07772277227722772,0.0018001800180018003,0.026976197619761978,-1.0,-1.0,0.01693548387096774,0.03104838709677419,0.03104838709677419,0.03104838709677419,-1.0,-1.0
rtdetr-l_dataset_2_exp_dataset_quality_196,0.29,0.7523584905660378,1.02469507659596,"[0, 0, 0, 0, -2, 0, 0, 0, 1, 0, -1, 0, 2, 1, -2, -2, 0, -1, -1, 0]","[13, 15, 13, 11, 8, 12, 15, 9, 12, 14, 12, 12, 12, 15, 15, 11, 12, 13, 9, 15]",0.9423407148407149,0.0745713469110698,0.6788397497500406,0.9660982269826939,0.8484567378324925,0.6788397497500406,-1.0,-1.0,0.06370967741935482,0.6036290322580645,0.7379032258064516,0.7379032258064516,-1.0,-1.0
rtdetr-l_dataset_2_exp_dataset_quality_196,0.4,0.8113207547169812,0.8944271909999159,"[0, 0, 0, 0, -1, 0, 0, 0, 1, 0, -1, 0, 2, 1, -2, -2, 0, 0, 0, 0]","[13, 15, 13, 11, 8, 12, 15, 9, 12, 14, 12, 12, 12, 15, 15, 11, 12, 13, 9, 15]",0.9579924242424243,0.06216068359823151,0.6788397497500406,0.9660982269826939,0.8484567378324925,0.6788397497500406,-1.0,-1.0,0.06370967741935482,0.6036290322580645,0.7379032258064516,0.7379032258064516,-1.0,-1.0
rtdetr-l_dataset_2_exp_dataset_quality_196,0.5,0.8584905660377359,0.7745966692414834,"[0, 0, 0, 0, 0, 0, 1, 1, 1, 0, 0, 0, 2, 1, -2, 0, 0, 0, 0, 0]","[13, 15, 13, 11, 8, 12, 15, 9, 12, 14, 12, 12, 12, 15, 15, 11, 12, 13, 9, 15]",0.968611111111111,0.05197562937938044,0.6699962787279309,0.9563968536195511,0.8308106183818378,0.6699962787279309,-1.0,-1.0,0.06370967741935482,0.5975806451612903,0.7290322580645161,0.7290322580645161,-1.0,-1.0
rtdetr-l_dataset_2_exp_dataset_quality_196,0.6,0.48113207547169823,1.4832396974191326,"[0, 1, 0, 2, 1, 0, 2, 3, 1, 1, 2, 1, 2, 3, 0, 0, 0, 2, 1, 0]","[13, 15, 13, 11, 8, 12, 15, 9, 12, 14, 12, 12, 12, 15, 15, 11, 12, 13, 9, 15]",0.9061731324231325,0.0884611118835935,0.6335773585151775,0.8974620944292414,0.7947897568187697,0.6335773585151775,-1.0,-1.0,0.06370967741935482,0.5879032258064516,0.6883064516129032,0.6883064516129032,-1.0,-1.0
rtdetr-l_dataset_2_exp_dataset_quality_196,0.7,-30.413043478260867,10.488088481701515,"[9, 13, 12, 10, 6, 8, 8, 13, 11, 10, 10, 14, 8, 10, 12, 7, 13]","[13, 15, 13, 11, 8, 12, 12, 14, 12, 12, 12, 15, 11, 12, 13, 9, 15]",0.17365640895052656,0.09266541280690334,0.1071321093575523,0.1485148514851485,0.13239038189533237,0.1071321093575523,-1.0,-1.0,0.05483870967741935,0.11129032258064517,0.11129032258064517,0.11129032258064517,-1.0,-1.0
rtdetr-l_dataset_2_exp_dataset_quality_197,0.29,0.8231132075471699,0.8660254037844386,"[-2, -1, 0, 1, -1, 0, 0, 0, 0, 0, 0, 0, 1, 2, -1, -1, 0, 0, 0, 1]","[13, 15, 13, 11, 8, 12, 15, 9, 12, 14, 12, 12, 12, 15, 15, 11, 12, 13, 9, 15]",0.95613344988345,0.05262729132593118,0.6513755196933833,0.9560052858278035,0.8299875325286372,0.6513755196933833,-1.0,-1.0,0.061693548387096765,0.5826612903225806,0.7080645161290323,0.7080645161290323,-1.0,-1.0
rtdetr-l_dataset_2_exp_dataset_quality_197,0.4,0.8702830188679246,0.7416198487095663,"[-1, 0, 0, 1, -1, 0, 0, 0, 0, 0, 0, 0, 1, 2, -1, -1, 0, 0, 0, 1]","[13, 15, 13, 11, 8, 12, 15, 9, 12, 14, 12, 12, 12, 15, 15, 11, 12, 13, 9, 15]",0.9633129370629371,0.04730929335516389,0.6513755196933833,0.9560052858278035,0.8299875325286372,0.6513755196933833,-1.0,-1.0,0.061693548387096765,0.5826612903225806,0.7080645161290323,0.7080645161290323,-1.0,-1.0
rtdetr-l_dataset_2_exp_dataset_quality_197,0.5,0.8113207547169812,0.8944271909999159,"[-1, 0, 0, 1, 0, 0, 2, 1, 0, 0, 0, 0, 1, 2, -1, -1, 0, 0, 1, 1]","[13, 15, 13, 11, 8, 12, 15, 9, 12, 14, 12, 12, 12, 15, 15, 11, 12, 13, 9, 15]",0.9517851592851594,0.05100633048631284,0.642419233403585,0.9463848905898992,0.8212584963597142,0.642419233403585,-1.0,-1.0,0.061693548387096765,0.5774193548387097,0.6983870967741936,0.6983870967741936,-1.0,-1.0
rtdetr-l_dataset_2_exp_dataset_quality_197,0.6,-0.4150943396226414,2.449489742783178,"[1, 2, 1, 3, 2, 0, 4, 2, 2, 4, 4, 1, 2, 3, 2, 1, 3, 3, 2, 2]","[13, 15, 13, 11, 8, 12, 15, 9, 12, 14, 12, 12, 12, 15, 15, 11, 12, 13, 9, 15]",0.8202461427461429,0.08513461172119333,0.561121688515596,0.8098219485814128,0.7315233192701712,0.561121688515596,-1.0,-1.0,0.061693548387096765,0.5532258064516129,0.6068548387096775,0.6068548387096775,-1.0,-1.0
rtdetr-l_dataset_2_exp_dataset_quality_197,0.7,-29.77511961722488,11.575836902790225,"[12, 14, 10, 7, 9, 9, 13, 10, 14, 14, 10, 14]","[13, 15, 11, 8, 12, 12, 14, 12, 15, 15, 11, 15]",0.11570859695859693,0.06649995540944997,0.05287738857919406,0.06930693069306931,0.06930693069306931,0.05287738857919406,-1.0,-1.0,0.038306451612903226,0.05241935483870967,0.05241935483870967,0.05241935483870967,-1.0,-1.0
rtdetr-l_dataset_2_exp_dataset_quality_198,0.29,0.7169811320754718,1.0954451150103321,"[-1, -1, 0, -1, -3, -2, 0, 0, 1, -1, -1, -1, 1, 0, -1, 0, -1, -1, 0, 0]","[13, 15, 13, 11, 8, 12, 15, 9, 12, 14, 12, 12, 12, 15, 15, 11, 12, 13, 9, 15]",0.9296074758574757,0.08310010918724568,0.6215692104884881,0.9560326905885574,0.7707709265199745,0.6215692104884881,-1.0,-1.0,0.05403225806451613,0.5532258064516129,0.6919354838709679,0.6919354838709679,-1.0,-1.0
rtdetr-l_dataset_2_exp_dataset_quality_198,0.4,0.8349056603773585,0.8366600265340756,"[-1, -1, 0, 0, -2, -1, 0, 0, 1, 0, -1, -1, 1, 1, -1, 0, -1, 0, 0, 0]","[13, 15, 13, 11, 8, 12, 15, 9, 12, 14, 12, 12, 12, 15, 15, 11, 12, 13, 9, 15]",0.9486538461538462,0.0594510763012141,0.6215692104884881,0.9560326905885574,0.7707709265199745,0.6215692104884881,-1.0,-1.0,0.05403225806451613,0.5532258064516129,0.6919354838709679,0.6919354838709679,-1.0,-1.0
rtdetr-l_dataset_2_exp_dataset_quality_198,0.5,0.9174528301886793,0.5916079783099616,"[-1, 0, 0, 0, 0, 0, 1, 0, 1, 0, 0, -1, 1, 1, -1, 0, 0, 0, 0, 0]","[13, 15, 13, 11, 8, 12, 15, 9, 12, 14, 12, 12, 12, 15, 15, 11, 12, 13, 9, 15]",0.9736538461538462,0.03619490984950517,0.6196628047619753,0.9560288113969294,0.7707709265199745,0.6196628047619753,-1.0,-1.0,0.05403225806451613,0.552016129032258,0.6895161290322581,0.6895161290322581,-1.0,-1.0
rtdetr-l_dataset_2_exp_dataset_quality_198,0.6,-21.547169811320753,9.777525249264253,"[7, 10, 11, 9, 6, 9, 13, 7, 7, 12, 11, 6, 9, 13, 13, 8, 10, 12, 7, 10]","[13, 15, 13, 11, 8, 12, 15, 9, 12, 14, 12, 12, 12, 15, 15, 11, 12, 13, 9, 15]",0.23587440337440335,0.11787055776001254,0.15076244008840242,0.22390133750217123,0.20323084940072955,0.15076244008840242,-1.0,-1.0,0.05403225806451613,0.16370967741935485,0.16370967741935485,0.16370967741935485,-1.0,-1.0
rtdetr-l_dataset_2_exp_dataset_quality_199,0.29,0.7641509433962265,1.0,"[-2, 0, -1, 0, -3, -1, 0, 0, 1, -1, 0, 0, 1, 1, -1, 0, 0, 0, 0, 0]","[13, 15, 13, 11, 8, 12, 15, 9, 12, 14, 12, 12, 12, 15, 15, 11, 12, 13, 9, 15]",0.9469734432234432,0.08625507155627683,0.6630027525243498,0.9700889806842687,0.78711915775274,0.6630027525243498,-1.0,-1.0,0.06572580645161288,0.5874999999999999,0.7294354838709678,0.7294354838709678,-1.0,-1.0
rtdetr-l_dataset_2_exp_dataset_quality_199,0.4,0.8466981132075472,0.806225774829855,"[-2, 0, -1, 0, -2, 0, 0, 0, 1, 0, 0, 0, 1, 1, -1, 0, 0, 0, 0, 0]","[13, 15, 13, 11, 8, 12, 15, 9, 12, 14, 12, 12, 12, 15, 15, 11, 12, 13, 9, 15]",0.9609615384615384,0.06495519494564964,0.6630027525243498,0.9700889806842687,0.78711915775274,0.6630027525243498,-1.0,-1.0,0.06572580645161288,0.5874999999999999,0.7294354838709678,0.7294354838709678,-1.0,-1.0
rtdetr-l_dataset_2_exp_dataset_quality_199,0.5,0.7523584905660378,1.02469507659596,"[-2, 0, -1, 0, 1, 0, 3, 1, 1, 0, 0, 0, 1, 1, -1, 0, 0, 1, 0, 0]","[13, 15, 13, 11, 8, 12, 15, 9, 12, 14, 12, 12, 12, 15, 15, 11, 12, 13, 9, 15]",0.9478098290598291,0.05990623361333936,0.6488923920539116,0.940990008899396,0.7701113496548571,0.6488923920539116,-1.0,-1.0,0.06572580645161288,0.5826612903225807,0.7149193548387096,0.7149193548387096,-1.0,-1.0
rtdetr-l_dataset_2_exp_dataset_quality_199,0.6,-15.341417910447763,8.531674729161358,"[4, 12, 9, 10, 5, 3, 13, 7, 7, 7, 10, 5, 13, 10, 6, 7, 10, 7, 8]","[13, 15, 13, 11, 8, 12, 15, 9, 12, 14, 12, 12, 15, 15, 11, 12, 13, 9, 15]",0.3524035905614853,0.1855475680417812,0.2457539446001171,0.33317428128355003,0.2904678262483137,0.2457539446001171,-1.0,-1.0,0.06290322580645161,0.2584677419354839,0.2584677419354839,0.2584677419354839,-1.0,-1.0
rtdetr-l_dataset_2_exp_dataset_quality_200,0.29,0.7995283018867925,0.9219544457292888,"[-1, 0, 0, 1, 0, -1, 0, 0, 0, 0, 0, -1, 1, 3, -1, -1, 0, 0, -1, 0]","[13, 15, 13, 11, 8, 12, 15, 9, 12, 14, 12, 12, 12, 15, 15, 11, 12, 13, 9, 15]",0.9556740481740482,0.05512428778122204,0.5142614802063615,0.952176633852371,0.4631268647613354,0.5142614802063615,-1.0,-1.0,0.052822580645161286,0.4766129032258065,0.6016129032258065,0.6016129032258065,-1.0,-1.0
rtdetr-l_dataset_2_exp_dataset_quality_200,0.4,-6.511792452830187,5.643580423808985,"[4, 5, 5, 6, 3, 4, 9, 6, 2, 4, 9, 5, 4, 8, 7, 4, 6, 7, 1, 6]","[13, 15, 13, 11, 8, 12, 15, 9, 12, 14, 12, 12, 12, 15, 15, 11, 12, 13, 9, 15]",0.5794157231657232,0.1537800356633061,0.3026821180994432,0.5504627385815504,0.2825292467057843,0.3026821180994432,-1.0,-1.0,0.052822580645161286,0.3512096774193548,0.3512096774193548,0.3512096774193548,-1.0,-1.0
rtdetr-l_dataset_2_exp_dataset_quality_201,0.29,0.5400943396226416,1.396424004376894,"[-3, 0, 0, 0, -2, 0, 1, 0, 1, 0, 0, 0, 2, 2, 3, -1, -2, -1, 1, 0]","[13, 15, 13, 11, 8, 12, 15, 9, 12, 14, 12, 12, 12, 15, 15, 11, 12, 13, 9, 15]",0.9211810411810412,0.08448532307197708,0.5907833195236102,0.9406362409588791,0.6848984500882412,0.5907833195236102,-1.0,-1.0,0.0596774193548387,0.5383064516129032,0.6580645161290323,0.6580645161290323,-1.0,-1.0
rtdetr-l_dataset_2_exp_dataset_quality_201,0.4,0.6698113207547169,1.1832159566199232,"[-2, 0, 0, 1, 0, 0, 2, 0, 1, 0, 0, 0, 2, 2, 3, 0, 0, 0, 1, 0]","[13, 15, 13, 11, 8, 12, 15, 9, 12, 14, 12, 12, 12, 15, 15, 11, 12, 13, 9, 15]",0.9463733488733489,0.06965637244075525,0.5837289840395568,0.9213669992198904,0.6770189121344458,0.5837289840395568,-1.0,-1.0,0.0596774193548387,0.5358870967741935,0.6487903225806452,0.6487903225806452,-1.0,-1.0
rtdetr-l_dataset_2_exp_dataset_quality_201,0.5,-8.882075471698112,6.473020933072903,"[2, 6, 5, 6, 3, 3, 11, 5, 2, 6, 10, 7, 4, 11, 9, 2, 7, 9, 4, 4]","[13, 15, 13, 11, 8, 12, 15, 9, 12, 14, 12, 12, 12, 15, 15, 11, 12, 13, 9, 15]",0.537752664002664,0.19767915394370672,0.3519183656900078,0.5209270927092708,0.43586135973484685,0.3519183656900078,-1.0,-1.0,0.0596774193548387,0.37741935483870964,0.38387096774193546,0.38387096774193546,-1.0,-1.0
rtdetr-l_dataset_2_exp_dataset_quality_202,0.29,0.5518867924528302,1.378404875209022,"[-3, 0, 1, -2, -4, -1, 0, 0, 0, 0, -1, -2, 0, -1, 0, -1, 0, 0, 0, 0]","[13, 15, 13, 11, 8, 12, 15, 9, 12, 14, 12, 12, 12, 15, 15, 11, 12, 13, 9, 15]",0.9259790209790211,0.11979626790709084,0.586262812928369,0.9312802923223293,0.6929220773274791,0.586262812928369,-1.0,-1.0,0.06048387096774194,0.5370967741935483,0.6419354838709678,0.6419354838709678,-1.0,-1.0
rtdetr-l_dataset_2_exp_dataset_quality_202,0.4,0.8349056603773585,0.8366600265340756,"[-1, 0, 1, 0, 0, 0, 1, 1, 1, 0, 0, 0, 1, 1, 2, -1, 1, 1, 0, 0]","[13, 15, 13, 11, 8, 12, 15, 9, 12, 14, 12, 12, 12, 15, 15, 11, 12, 13, 9, 15]",0.952527195027195,0.04515986983621871,0.5782139871735787,0.9125211073129191,0.685157400444853,0.5782139871735787,-1.0,-1.0,0.06048387096774194,0.5338709677419354,0.6330645161290323,0.6330645161290323,-1.0,-1.0
rtdetr-l_dataset_2_exp_dataset_quality_203,0.29,0.7051886792452831,1.118033988749895,"[-1, 0, 0, 0, -3, -1, 0, -1, 1, 0, 2, 0, 0, 1, -2, -1, -1, 0, -1, 0]","[13, 15, 13, 11, 8, 12, 15, 9, 12, 14, 12, 12, 12, 15, 15, 11, 12, 13, 9, 15]",0.930913947163947,0.08799819884575422,0.5592698892107323,0.9448925950194432,0.629845510004263,0.5592698892107323,-1.0,-1.0,0.0532258064516129,0.5201612903225806,0.6350806451612903,0.6350806451612903,-1.0,-1.0
rtdetr-l_dataset_2_exp_dataset_quality_203,0.4,0.8466981132075472,0.806225774829855,"[-1, 0, 0, 0, 1, 0, 1, 1, 1, 0, 2, 1, 0, 1, 0, 0, 0, 1, -1, 0]","[13, 15, 13, 11, 8, 12, 15, 9, 12, 14, 12, 12, 12, 15, 15, 11, 12, 13, 9, 15]",0.9516132478632479,0.05285862155788987,0.5480519782051978,0.9258039723460658,0.6150037231514667,0.5480519782051978,-1.0,-1.0,0.0532258064516129,0.5157258064516129,0.6225806451612903,0.6225806451612903,-1.0,-1.0
rtdetr-l_dataset_2_exp_dataset_quality_204,0.29,0.7523584905660378,1.02469507659596,"[-1, 0, 0, 0, 0, 0, 0, 1, 0, 0, 2, 0, 1, 3, 0, 0, -2, 0, -1, 0]","[13, 15, 13, 11, 8, 12, 15, 9, 12, 14, 12, 12, 12, 15, 15, 11, 12, 13, 9, 15]",0.9542094017094017,0.0675177532030599,0.5771910624648847,0.9379063817979674,0.635124185617455,0.5771910624648847,-1.0,-1.0,0.05524193548387096,0.5338709677419355,0.6495967741935483,0.6495967741935483,-1.0,-1.0
rtdetr-l_dataset_2_exp_dataset_quality_204,0.4,-0.07311320754716966,2.1330729007701543,"[-1, 1, 0, 2, 2, 0, 3, 2, 0, 3, 5, 0, 1, 5, 1, 1, -1, 2, 1, 0]","[13, 15, 13, 11, 8, 12, 15, 9, 12, 14, 12, 12, 12, 15, 15, 11, 12, 13, 9, 15]",0.8724442224442225,0.11470513229965822,0.5330939754288295,0.8605624870982194,0.6038608133472719,0.5330939754288295,-1.0,-1.0,0.05524193548387096,0.5153225806451613,0.6008064516129031,0.6008064516129031,-1.0,-1.0
rtdetr-l_dataset_2_exp_dataset_quality_204,0.5,-81.52631578947368,11.430952132988164,"[11, 11, 14, 9, 11, 12]","[12, 12, 15, 11, 12, 13]",0.09590132090132092,0.0388810336733564,0.01937765205091938,0.0297029702970297,0.025459688826025458,0.01937765205091938,-1.0,-1.0,0.016129032258064516,0.018951612903225806,0.018951612903225806,0.018951612903225806,-1.0,-1.0
rtdetr-l_dataset_2_exp_dataset_quality_204,0.6,,12.0,[12],[13],0.07692307692307687,0.0,0.00396039603960396,0.0099009900990099,0.0,0.00396039603960396,-1.0,-1.0,0.0016129032258064516,0.0016129032258064516,0.0016129032258064516,0.0016129032258064516,-1.0,-1.0
rtdetr-l_dataset_2_exp_dataset_quality_205,0.29,-1.606132075471698,3.3241540277189325,"[3, 1, 3, 3, 2, 1, 5, 3, 2, 4, 5, 4, 5, 8, 1, 1, 0, 0, 1, 1]","[13, 15, 13, 11, 8, 12, 15, 9, 12, 14, 12, 12, 12, 15, 15, 11, 12, 13, 9, 15]",0.7855666555666556,0.1481644706686724,0.45007448294401387,0.7400150164637671,0.5051200407595213,0.45007448294401387,-1.0,-1.0,0.05927419354838709,0.4584677419354838,0.5008064516129033,0.5008064516129033,-1.0,-1.0
rtdetr-l_dataset_2_exp_dataset_quality_205,0.4,-5.627358490566037,5.300943312279429,"[5, 2, 6, 6, 2, 3, 6, 5, 5, 7, 7, 7, 9, 10, 3, 2, 3, 2, 2, 2]","[13, 15, 13, 11, 8, 12, 15, 9, 12, 14, 12, 12, 12, 15, 15, 11, 12, 13, 9, 15]",0.6189141414141415,0.18746421295201254,0.3727462448777698,0.5965184425647644,0.4352735798653826,0.3727462448777698,-1.0,-1.0,0.05927419354838709,0.3870967741935484,0.4116935483870968,0.4116935483870968,-1.0,-1.0
rtdetr-l_dataset_2_exp_dataset_quality_205,0.5,-13.327830188679243,7.794228634059948,"[7, 6, 8, 8, 3, 8, 9, 6, 7, 9, 10, 9, 10, 11, 5, 8, 9, 6, 5, 7]","[13, 15, 13, 11, 8, 12, 15, 9, 12, 14, 12, 12, 12, 15, 15, 11, 12, 13, 9, 15]",0.38699952824952827,0.1442863439017089,0.24776075392827016,0.3830806467174044,0.2982278315677847,0.24776075392827016,-1.0,-1.0,0.05927419354838709,0.26612903225806456,0.26612903225806456,0.26612903225806456,-1.0,-1.0
rtdetr-l_dataset_2_exp_dataset_quality_205,0.6,-27.0,10.747092630102339,"[9, 11, 12, 10, 7, 9, 14, 10, 13, 10, 14, 9, 9, 12, 6, 13]","[13, 15, 13, 11, 8, 12, 15, 12, 14, 12, 15, 11, 12, 13, 9, 15]",0.1644183941058941,0.0885537061351136,0.09056203834669181,0.12871287128712872,0.111237165383205,0.09056203834669181,-1.0,-1.0,0.04838709677419355,0.09354838709677418,0.09354838709677418,0.09354838709677418,-1.0,-1.0
rtdetr-l_dataset_2_exp_dataset_quality_205,0.7,-83.56521739130436,12.47397290361014,"[12, 14, 11, 11, 14]","[13, 15, 12, 12, 15]",0.07538461538461538,0.00749314830574487,0.019950495049504947,0.0297029702970297,0.01782178217821782,0.019950495049504947,-1.0,-1.0,0.014919354838709676,0.014919354838709676,0.014919354838709676,0.014919354838709676,-1.0,-1.0
rtdetr-l_dataset_2_exp_dataset_quality_206,0.29,0.7405660377358492,1.0488088481701516,"[-1, 1, 0, 1, 0, 0, 1, 0, 2, 0, 0, -2, 2, 1, 0, 1, -2, 0, 0, 0]","[13, 15, 13, 11, 8, 12, 15, 9, 12, 14, 12, 12, 12, 15, 15, 11, 12, 13, 9, 15]",0.9437296037296037,0.0646387576841651,0.5138063273276036,0.8803342019457562,0.5299092865496285,0.5138063273276036,-1.0,-1.0,0.05564516129032258,0.49838709677419357,0.5955645161290322,0.5955645161290322,-1.0,-1.0
rtdetr-l_dataset_2_exp_dataset_quality_206,0.4,-34.683908045977,11.256744010338235,"[8, 14, 12, 10, 6, 9, 14, 10, 13, 11, 14, 13, 9, 11]","[13, 15, 13, 11, 8, 12, 15, 12, 14, 12, 15, 15, 12, 13]",0.1507896865039722,0.09482661473728114,0.06332020550233161,0.09653465346534654,0.0770800764286955,0.06332020550233161,-1.0,-1.0,0.03870967741935484,0.0657258064516129,0.0657258064516129,0.0657258064516129,-1.0,-1.0
rtdetr-l_dataset_2_exp_dataset_quality_207,0.29,-28.842105263157897,11.224972160321824,"[14, 10, 10, 10, 8, 14]","[15, 13, 12, 12, 9, 15]",0.13475783475783476,0.059282539805709564,0.016303630363036305,0.03564356435643565,0.0066006600660066,0.016303630363036305,-1.0,-1.0,0.009274193548387096,0.017741935483870964,0.017741935483870964,0.017741935483870964,-1.0,-1.0
rtdetr-l_dataset_2_exp_dataset_quality_208,0.29,,12.0,[12],[13],0.07692307692307687,0.0,0.0029702970297029695,0.0099009900990099,0.0,0.0029702970297029695,-1.0,-1.0,0.0012096774193548388,0.0012096774193548388,0.0012096774193548388,0.0012096774193548388,-1.0,-1.0
rtdetr-l_dataset_3_exp_dataset_quality_210,0.29,0.8844598497978047,0.7071067811865476,"[-1, -1, -1, -2, 0, 1, 0, 0, 0, 1, 1, 0, 0, 0, 0, 0, 0, 0, 0, 0]","[13, 14, 11, 10, 12, 14, 14, 12, 15, 9, 8, 14, 15, 11, 14, 11, 10, 11, 15, 14]",0.9626599789099789,0.05677624490848496,0.6952193412573214,0.9677237901755026,0.8627653440869512,0.6952193412573214,-1.0,-1.0,0.06477732793522267,0.6024291497975709,0.7449392712550609,0.7449392712550609,-1.0,-1.0
rtdetr-l_dataset_3_exp_dataset_quality_210,0.4,0.9306759098786829,0.5477225575051661,"[-1, -1, 0, -1, 0, 1, 0, 0, 0, 1, 1, 0, 0, 0, 0, 0, 0, 0, 0, 0]","[13, 14, 11, 10, 12, 14, 14, 12, 15, 9, 8, 14, 15, 11, 14, 11, 10, 11, 15, 14]",0.9722054334554334,0.043955182754884324,0.6952193412573214,0.9677237901755026,0.8627653440869512,0.6952193412573214,-1.0,-1.0,0.06477732793522267,0.6024291497975709,0.7449392712550609,0.7449392712550609,-1.0,-1.0
rtdetr-l_dataset_3_exp_dataset_quality_210,0.5,0.9191218948584633,0.5916079783099616,"[-1, -1, 1, -1, 0, 1, 0, 0, 0, 1, 1, 0, 0, 0, 0, 0, 0, 0, 0, 0]","[13, 14, 11, 10, 12, 14, 14, 12, 15, 9, 8, 14, 15, 11, 14, 11, 10, 11, 15, 14]",0.9676599789099789,0.04551859177092891,0.6952193412573214,0.9677237901755026,0.8627653440869512,0.6952193412573214,-1.0,-1.0,0.06477732793522267,0.6024291497975709,0.7449392712550609,0.7449392712550609,-1.0,-1.0
rtdetr-l_dataset_3_exp_dataset_quality_210,0.6,0.9306759098786829,0.5477225575051661,"[0, -1, 1, -1, 0, 1, 0, 0, 0, 1, 1, 0, 0, 0, 0, 0, 0, 0, 0, 0]","[13, 14, 11, 10, 12, 14, 14, 12, 15, 9, 8, 14, 15, 11, 14, 11, 10, 11, 15, 14]",0.9715061327561327,0.04483370051908135,0.6952193412573214,0.9677237901755026,0.8627653440869512,0.6952193412573214,-1.0,-1.0,0.06477732793522267,0.6024291497975709,0.7449392712550609,0.7449392712550609,-1.0,-1.0
rtdetr-l_dataset_3_exp_dataset_quality_210,0.7,0.8960138648180243,0.6708203932499369,"[0, 0, 1, -1, 0, 1, 1, 0, 1, 1, 1, 1, 0, 0, 0, 1, 0, 0, 0, 0]","[13, 14, 11, 10, 12, 14, 14, 12, 15, 9, 8, 14, 15, 11, 14, 11, 10, 11, 15, 14]",0.9600559163059164,0.046010637401803715,0.6848811375618867,0.9481531035986481,0.8448376253891555,0.6848811375618867,-1.0,-1.0,0.06477732793522267,0.6024291497975709,0.7340080971659919,0.7340080971659919,-1.0,-1.0
rtdetr-l_dataset_3_exp_dataset_quality_210,0.8,-0.08607741190063556,2.16794833886788,"[0, 1, 5, 1, 0, 4, 1, 1, 4, 1, 2, 3, 1, 0, 0, 2, 3, 0, 1, 2]","[13, 14, 11, 10, 12, 14, 14, 12, 15, 9, 8, 14, 15, 11, 14, 11, 10, 11, 15, 14]",0.8666738816738816,0.12330971853270808,0.6275977480570031,0.860004605111674,0.7814719724327579,0.6275977480570031,-1.0,-1.0,0.06477732793522267,0.5789473684210527,0.6708502024291498,0.6708502024291498,-1.0,-1.0
rtdetr-l_dataset_3_exp_dataset_quality_211,0.29,0.8035817446562681,0.9219544457292888,"[-2, -1, -1, -1, -1, 0, 0, -1, -1, -1, 0, 2, 0, -1, 0, 1, 0, 0, 0, 0]","[13, 14, 11, 10, 12, 14, 14, 12, 15, 9, 8, 14, 15, 11, 14, 11, 10, 11, 15, 14]",0.9457348207348207,0.052800118511551336,0.3671413965914507,0.8753697795799331,0.20835307094995725,0.3671413965914507,-1.0,-1.0,0.03238866396761133,0.38582995951417004,0.49352226720647774,0.49352226720647774,-1.0,-1.0
rtdetr-l_dataset_3_exp_dataset_quality_211,0.4,0.8035817446562681,0.9219544457292888,"[-2, -1, 0, -1, 0, 2, 0, 0, 0, -1, 0, 2, 0, -1, 0, 1, 0, 0, 0, 0]","[13, 14, 11, 10, 12, 14, 14, 12, 15, 9, 8, 14, 15, 11, 14, 11, 10, 11, 15, 14]",0.9548040848040849,0.0581412917058292,0.3627549750921579,0.866340076609636,0.20387782342520475,0.3627549750921579,-1.0,-1.0,0.03238866396761133,0.38582995951417004,0.48785425101214586,0.48785425101214586,-1.0,-1.0
rtdetr-l_dataset_3_exp_dataset_quality_211,0.5,-1.9462738301559792,3.570714214271425,"[1, 0, 3, 6, 2, 4, 3, 3, 4, 0, 0, 7, 1, -1, 0, 5, 5, 3, 3, 6]","[13, 14, 11, 10, 12, 14, 14, 12, 15, 9, 8, 14, 15, 11, 14, 11, 10, 11, 15, 14]",0.7676798201798202,0.18264145579458615,0.2854107798356361,0.6891825270232113,0.15501826425736495,0.2854107798356361,-1.0,-1.0,0.03238866396761133,0.32874493927125503,0.3789473684210526,0.3789473684210526,-1.0,-1.0
rtdetr-l_dataset_3_exp_dataset_quality_211,0.6,-72.0,12.083045973594572,"[13, 10, 13]","[14, 11, 14]",0.0779220779220779,0.009183204950474673,0.0018151815181518152,0.0066006600660066,0.0,0.0018151815181518152,-1.0,-1.0,0.0020242914979757085,0.0020242914979757085,0.0020242914979757085,0.0020242914979757085,-1.0,-1.0
rtdetr-l_dataset_3_exp_dataset_quality_212,0.29,0.8266897746967071,0.8660254037844386,"[-1, -1, 0, -2, 0, 0, 0, 1, 0, -2, -1, 1, 0, -1, 0, 0, 1, 0, 0, 0]","[13, 14, 11, 10, 12, 14, 14, 12, 15, 9, 8, 14, 15, 11, 14, 11, 10, 11, 15, 14]",0.9479377566877567,0.06787058314382112,0.49525727621611276,0.9185901452257167,0.4832175068206466,0.49525727621611276,-1.0,-1.0,0.051417004048583,0.4639676113360324,0.5862348178137652,0.5862348178137652,-1.0,-1.0
rtdetr-l_dataset_3_exp_dataset_quality_212,0.4,0.8266897746967071,0.8660254037844386,"[-1, -1, 0, -2, 0, 0, 0, 1, 0, -2, -1, 1, 0, -1, 0, 0, 1, 0, 0, 0]","[13, 14, 11, 10, 12, 14, 14, 12, 15, 9, 8, 14, 15, 11, 14, 11, 10, 11, 15, 14]",0.9479377566877567,0.06787058314382112,0.49525727621611276,0.9185901452257167,0.4832175068206466,0.49525727621611276,-1.0,-1.0,0.051417004048583,0.4639676113360324,0.5862348178137652,0.5862348178137652,-1.0,-1.0
rtdetr-l_dataset_3_exp_dataset_quality_212,0.5,0.7804737146158289,0.9746794344808963,"[-1, -1, 0, -2, 0, 0, 0, 1, 0, -2, -1, 1, 0, -1, 0, 2, 1, 0, 0, 0]","[13, 14, 11, 10, 12, 14, 14, 12, 15, 9, 8, 14, 15, 11, 14, 11, 10, 11, 15, 14]",0.9388468475968477,0.07231927646295866,0.4946129260668121,0.9185901452257167,0.4767740053276402,0.4946129260668121,-1.0,-1.0,0.051417004048583,0.4639676113360324,0.5838056680161944,0.5838056680161944,-1.0,-1.0
rtdetr-l_dataset_3_exp_dataset_quality_212,0.6,0.6071634893125362,1.3038404810405297,"[-1, -1, 0, -1, 0, 0, 0, 2, 0, -2, 0, 1, 0, -1, 0, 4, 2, 0, 0, 1]","[13, 14, 11, 10, 12, 14, 14, 12, 15, 9, 8, 14, 15, 11, 14, 11, 10, 11, 15, 14]",0.9282678432678433,0.09642862583774457,0.4815070001164711,0.8905345692977535,0.47019370528480237,0.4815070001164711,-1.0,-1.0,0.051417004048583,0.45465587044534406,0.5692307692307692,0.5692307692307692,-1.0,-1.0
rtdetr-l_dataset_3_exp_dataset_quality_212,0.7,-67.44444444444444,11.099549540409287,"[12, 12, 11, 13, 13, 11, 10, 10, 10, 8]","[13, 14, 12, 14, 14, 12, 15, 11, 14, 11]",0.1511988011988012,0.09858798658159357,0.05217648080597533,0.0891089108910891,0.05471599791558103,0.05217648080597533,-1.0,-1.0,0.02631578947368421,0.05384615384615384,0.05384615384615384,0.05384615384615384,-1.0,-1.0
rtdetr-l_dataset_3_exp_dataset_quality_213,0.29,0.8151357596764875,0.8944271909999159,"[-2, -1, 1, -2, 0, 0, 0, 0, 0, 0, 2, -1, 0, 0, 0, 0, 0, 0, 1, 0]","[13, 14, 11, 10, 12, 14, 14, 12, 15, 9, 8, 14, 15, 11, 14, 11, 10, 11, 15, 14]",0.9547860472860472,0.07355120581604295,0.5723047871088842,0.9411668630141052,0.6607613262029258,0.5723047871088842,-1.0,-1.0,0.05668016194331984,0.5190283400809717,0.6388663967611337,0.6388663967611337,-1.0,-1.0
rtdetr-l_dataset_3_exp_dataset_quality_213,0.4,0.8035817446562681,0.9219544457292888,"[-2, -1, 1, -1, 0, 2, 0, 0, 0, 0, 2, -1, 0, 0, 0, 0, 0, 0, 1, 0]","[13, 14, 11, 10, 12, 14, 14, 12, 15, 9, 8, 14, 15, 11, 14, 11, 10, 11, 15, 14]",0.9526431901431902,0.0687882411496669,0.5695549574700499,0.9317468926769906,0.6607613262029258,0.5695549574700499,-1.0,-1.0,0.05668016194331984,0.5190283400809717,0.637246963562753,0.637246963562753,-1.0,-1.0
rtdetr-l_dataset_3_exp_dataset_quality_213,0.5,0.7689196995956095,1.0,"[-2, -1, 2, 0, 0, 2, 0, 0, 1, 0, 2, -1, 0, 0, 0, 0, 0, 0, 1, 0]","[13, 14, 11, 10, 12, 14, 14, 12, 15, 9, 8, 14, 15, 11, 14, 11, 10, 11, 15, 14]",0.9497644022644023,0.07357150211961017,0.5695546234961547,0.931743552938038,0.6607613262029258,0.5695546234961547,-1.0,-1.0,0.05668016194331984,0.5190283400809717,0.6368421052631579,0.6368421052631579,-1.0,-1.0
rtdetr-l_dataset_3_exp_dataset_quality_213,0.6,-7.57307914500289,6.0909769331364245,"[2, 6, 9, 9, 5, 10, 6, 4, 10, 5, 3, 7, 4, 1, 3, 4, 7, 4, 3, 8]","[13, 14, 11, 10, 12, 14, 14, 12, 15, 9, 8, 14, 15, 11, 14, 11, 10, 11, 15, 14]",0.5469379231879233,0.21795151336533647,0.3529779801788203,0.5428183076589523,0.43050037348587616,0.3529779801788203,-1.0,-1.0,0.05668016194331984,0.3757085020242915,0.3882591093117409,0.3882591093117409,-1.0,-1.0
rtdetr-l_dataset_3_exp_dataset_quality_214,0.29,0.8613518197573657,0.7745966692414834,"[-2, -1, 0, -2, 0, 1, 0, 0, 0, 0, 1, 0, 0, -1, 0, 0, 0, 0, 0, 0]","[13, 14, 11, 10, 12, 14, 14, 12, 15, 9, 8, 14, 15, 11, 14, 11, 10, 11, 15, 14]",0.9643693806193806,0.06015453546778224,0.6179304461788789,0.9737666711922042,0.7389770820218589,0.6179304461788789,-1.0,-1.0,0.058704453441295545,0.5493927125506073,0.6906882591093118,0.6906882591093118,-1.0,-1.0
rtdetr-l_dataset_3_exp_dataset_quality_214,0.4,0.8960138648180243,0.6708203932499369,"[-2, -1, 0, -1, 0, 1, 0, 0, 0, 0, 1, 0, 0, -1, 0, 0, 0, 0, 0, 0]","[13, 14, 11, 10, 12, 14, 14, 12, 15, 9, 8, 14, 15, 11, 14, 11, 10, 11, 15, 14]",0.9693693806193806,0.049496205219702105,0.6179304461788789,0.9737666711922042,0.7389770820218589,0.6179304461788789,-1.0,-1.0,0.058704453441295545,0.5493927125506073,0.6906882591093118,0.6906882591093118,-1.0,-1.0
rtdetr-l_dataset_3_exp_dataset_quality_214,0.5,0.9075678798382438,0.6324555320336759,"[-1, 0, 0, -1, 0, 2, 0, 0, 0, 0, 1, 0, 0, -1, 0, 0, 0, 0, 0, 0]","[13, 14, 11, 10, 12, 14, 14, 12, 15, 9, 8, 14, 15, 11, 14, 11, 10, 11, 15, 14]",0.9732155344655344,0.047888742914800796,0.61332054518878,0.9641429088159666,0.7389770820218589,0.61332054518878,-1.0,-1.0,0.058704453441295545,0.5493927125506073,0.6854251012145748,0.6854251012145748,-1.0,-1.0
rtdetr-l_dataset_3_exp_dataset_quality_214,0.6,-0.8601964182553439,2.8372521918222215,"[0, 1, 2, 5, 0, 4, 1, 2, 8, 1, 2, 6, 1, -1, 0, 1, 1, 0, 0, 1]","[13, 14, 11, 10, 12, 14, 14, 12, 15, 9, 8, 14, 15, 11, 14, 11, 10, 11, 15, 14]",0.8490007215007216,0.1621258346609852,0.5498277914934268,0.8376754199159904,0.6806356070795855,0.5498277914934268,-1.0,-1.0,0.058704453441295545,0.5182186234817814,0.6121457489878542,0.6121457489878542,-1.0,-1.0
rtdetr-l_dataset_3_exp_dataset_quality_214,0.7,-48.348837209302324,11.51629280628102,"[12, 10, 12, 14, 10, 9, 10, 14]","[13, 12, 14, 15, 11, 11, 11, 15]",0.11042707292707292,0.04333829004595975,0.040194019401940194,0.04950495049504951,0.048604860486048604,0.040194019401940194,-1.0,-1.0,0.025101214574898785,0.03562753036437247,0.03562753036437247,0.03562753036437247,-1.0,-1.0
rtdetr-l_dataset_3_exp_dataset_quality_215,0.29,0.6302715193529751,1.2649110640673518,"[-2, -1, 2, -1, 0, 2, 0, 0, 1, 0, 0, 2, 0, 0, 0, 3, 0, 0, 0, 2]","[13, 14, 11, 10, 12, 14, 14, 12, 15, 9, 8, 14, 15, 11, 14, 11, 10, 11, 15, 14]",0.9362470862470863,0.08080499687492729,0.4448120570776157,0.87801718726535,0.39345630336011395,0.4448120570776157,-1.0,-1.0,0.04129554655870445,0.45587044534412946,0.5627530364372471,0.5627530364372471,-1.0,-1.0
rtdetr-l_dataset_3_exp_dataset_quality_215,0.4,-0.03986135181975747,2.1213203435596424,"[2, 0, 3, 1, 1, 4, 1, 0, 2, 0, 0, 4, 1, 0, 0, 4, 2, 1, 0, 4]","[13, 14, 11, 10, 12, 14, 14, 12, 15, 9, 8, 14, 15, 11, 14, 11, 10, 11, 15, 14]",0.8803488178488179,0.11861349648633264,0.40825090465986924,0.8026993955645588,0.362022490633576,0.40825090465986924,-1.0,-1.0,0.04129554655870445,0.44655870445344126,0.5182186234817814,0.5182186234817814,-1.0,-1.0
rtdetr-l_dataset_3_exp_dataset_quality_215,0.5,-27.653061224489797,11.775681155103795,"[12, 11, 14, 7, 12, 14, 11, 9, 14]","[13, 14, 15, 8, 14, 15, 14, 11, 15]",0.12835220335220335,0.059544240646217377,0.03132539078083633,0.06930693069306931,0.030986834947230986,0.03132539078083633,-1.0,-1.0,0.019433198380566803,0.031174089068825905,0.031174089068825905,0.031174089068825905,-1.0,-1.0
rtdetr-l_dataset_3_exp_dataset_quality_216,0.29,0.7920277296360485,0.9486832980505138,"[-2, -1, -1, -2, 1, 0, 0, 0, 0, -1, -1, 1, 0, -2, 0, 0, 0, 0, 0, 0]","[13, 14, 11, 10, 12, 14, 14, 12, 15, 9, 8, 14, 15, 11, 14, 11, 10, 11, 15, 14]",0.9455562493062493,0.06738980575733203,0.6181702195901306,0.9479572943392913,0.742462917827154,0.6181702195901306,-1.0,-1.0,0.0680161943319838,0.5481781376518218,0.6757085020242916,0.6757085020242916,-1.0,-1.0
rtdetr-l_dataset_3_exp_dataset_quality_216,0.4,0.8497978047371462,0.806225774829855,"[-2, -1, 0, 0, 1, 0, 0, 0, 0, -1, 1, 1, 0, -2, 0, 0, 0, 0, 0, 0]","[13, 14, 11, 10, 12, 14, 14, 12, 15, 9, 8, 14, 15, 11, 14, 11, 10, 11, 15, 14]",0.9601017038517039,0.05916426906149698,0.6139889249666445,0.938569104524294,0.7346525750398871,0.6139889249666445,-1.0,-1.0,0.0680161943319838,0.5481781376518218,0.6728744939271255,0.6728744939271255,-1.0,-1.0
rtdetr-l_dataset_3_exp_dataset_quality_216,0.5,0.8266897746967071,0.8660254037844386,"[-2, -1, 1, 0, 1, 1, 0, 0, 1, -1, 1, 1, 0, -1, 0, 1, 1, 0, 0, 0]","[13, 14, 11, 10, 12, 14, 14, 12, 15, 9, 8, 14, 15, 11, 14, 11, 10, 11, 15, 14]",0.9436514874014875,0.049811956592732826,0.6112596429538178,0.938569104524294,0.7346525750398871,0.6112596429538178,-1.0,-1.0,0.0680161943319838,0.5481781376518218,0.6696356275303643,0.6696356275303643,-1.0,-1.0
rtdetr-l_dataset_3_exp_dataset_quality_216,0.6,-1.9924898902368575,3.598610843089316,"[1, 1, 3, 6, 6, 3, 0, 0, 5, -1, 3, 10, 1, 1, 2, 3, 1, 0, 0, 4]","[13, 14, 11, 10, 12, 14, 14, 12, 15, 9, 8, 14, 15, 11, 14, 11, 10, 11, 15, 14]",0.7886015373515374,0.20260149229946756,0.5207515568030934,0.7739319266003876,0.644014423237993,0.5207515568030934,-1.0,-1.0,0.0680161943319838,0.4955465587044535,0.5651821862348179,0.5651821862348179,-1.0,-1.0
rtdetr-l_dataset_3_exp_dataset_quality_216,0.7,-72.0,12.083045973594572,"[12, 11, 13, 14, 10]","[13, 12, 14, 15, 11]",0.07785214785214785,0.008576335493472012,0.024257425742574258,0.0297029702970297,0.0297029702970297,0.024257425742574258,-1.0,-1.0,0.01700404858299595,0.01700404858299595,0.01700404858299595,0.01700404858299595,-1.0,-1.0
rtdetr-l_dataset_3_exp_dataset_quality_217,0.29,0.7689196995956095,1.0,"[-2, -1, -1, -3, 1, 0, -1, 0, -1, 0, 1, 0, 0, -1, 0, 0, 0, 0, 0, 0]","[13, 14, 11, 10, 12, 14, 14, 12, 15, 9, 8, 14, 15, 11, 14, 11, 10, 11, 15, 14]",0.9473239260739261,0.07480647027808725,0.5643511418634031,0.9347804910874195,0.6117342583733176,0.5643511418634031,-1.0,-1.0,0.0562753036437247,0.5121457489878543,0.6311740890688259,0.6311740890688259,-1.0,-1.0
rtdetr-l_dataset_3_exp_dataset_quality_217,0.4,0.7920277296360485,0.9486832980505138,"[-1, -1, -1, -3, 1, 1, -1, 0, 0, 0, 1, 1, 0, 0, 0, 0, 1, 0, 0, 0]","[13, 14, 11, 10, 12, 14, 14, 12, 15, 9, 8, 14, 15, 11, 14, 11, 10, 11, 15, 14]",0.9469060106560108,0.07098584231865833,0.5643511418634031,0.9347804910874195,0.6117342583733176,0.5643511418634031,-1.0,-1.0,0.0562753036437247,0.5121457489878543,0.6311740890688259,0.6311740890688259,-1.0,-1.0
rtdetr-l_dataset_3_exp_dataset_quality_217,0.5,-22.870967741935484,10.66987131347674,"[10, 9, 11, 12, 11, 8, 7, 12, 7, 13, 10, 13, 13]","[11, 10, 12, 14, 12, 9, 8, 15, 11, 14, 11, 15, 14]",0.12825230325230327,0.07604524381613179,0.06468175388967468,0.0891089108910891,0.07821782178217822,0.06468175388967468,-1.0,-1.0,0.039271255060728746,0.06153846153846153,0.06153846153846153,0.06153846153846153,-1.0,-1.0
rtdetr-l_dataset_3_exp_dataset_quality_218,0.29,0.8035817446562681,0.9219544457292888,"[0, -1, -1, -2, 0, 2, 0, 0, 0, 0, 2, -1, 0, 0, 0, 0, 1, 0, 1, 0]","[13, 14, 11, 10, 12, 14, 14, 12, 15, 9, 8, 14, 15, 11, 14, 11, 10, 11, 15, 14]",0.9503354978354979,0.07296913616295733,0.5163436557266762,0.92086176492134,0.5407902599216903,0.5163436557266762,-1.0,-1.0,0.053036437246963566,0.49230769230769234,0.6072874493927126,0.6072874493927126,-1.0,-1.0
rtdetr-l_dataset_3_exp_dataset_quality_218,0.4,0.8497978047371462,0.806225774829855,"[0, -1, 0, -1, 0, 2, 0, 0, 0, 0, 2, -1, 0, 0, 0, 0, 1, 0, 1, 0]","[13, 14, 11, 10, 12, 14, 14, 12, 15, 9, 8, 14, 15, 11, 14, 11, 10, 11, 15, 14]",0.9598809523809523,0.06533220098282908,0.5163436557266762,0.92086176492134,0.5407902599216903,0.5163436557266762,-1.0,-1.0,0.053036437246963566,0.49230769230769234,0.6072874493927126,0.6072874493927126,-1.0,-1.0
rtdetr-l_dataset_3_exp_dataset_quality_218,0.5,0.07567879838243785,2.0,"[0, 2, 3, 2, 1, 2, 3, 1, 3, 0, 2, 4, 0, 0, 1, 3, 1, 0, 2, 2]","[13, 14, 11, 10, 12, 14, 14, 12, 15, 9, 8, 14, 15, 11, 14, 11, 10, 11, 15, 14]",0.8702272727272728,0.09746418146928494,0.46346311388888006,0.8249861708808073,0.48447232615834557,0.46346311388888006,-1.0,-1.0,0.053036437246963566,0.47935222672064776,0.5457489878542511,0.5457489878542511,-1.0,-1.0
rtdetr-l_dataset_3_exp_dataset_quality_218,0.6,-20.494565217391298,10.269696522617728,"[9, 13, 8, 9, 12, 11, 14, 7, 6, 14, 8, 9, 10, 10, 10]","[13, 14, 11, 10, 14, 12, 15, 9, 8, 15, 11, 14, 11, 15, 14]",0.19489473489473486,0.10502730511664103,0.09207784730207562,0.14631463146314633,0.11521536769061522,0.09207784730207562,-1.0,-1.0,0.041295546558704446,0.09878542510121457,0.09878542510121457,0.09878542510121457,-1.0,-1.0
rtdetr-l_dataset_3_exp_dataset_quality_219,0.29,-8.404968226458696,6.3796551630946325,"[8, 9, 10, 6, 8, 9, 6, 6, 6, 2, 2, 7, 9, 3, 3, 6, 4, 2, 2, 8]","[13, 14, 11, 10, 12, 14, 14, 12, 15, 9, 8, 14, 15, 11, 14, 11, 10, 11, 15, 14]",0.5351651126651127,0.19817059990739086,0.07601472436388547,0.28469781147273654,0.009057601201370048,0.07601472436388547,-1.0,-1.0,0.018218623481781375,0.13603238866396763,0.1404858299595142,0.1404858299595142,-1.0,-1.0
rtdetr-l_dataset_3_exp_dataset_quality_220,0.29,0.8729058347775852,0.7416198487095663,"[-1, 0, 1, -2, 0, 1, 0, 0, -1, -1, 0, 1, 0, 0, 0, 1, 0, 0, 0, 0]","[13, 14, 11, 10, 12, 14, 14, 12, 15, 9, 8, 14, 15, 11, 14, 11, 10, 11, 15, 14]",0.9610311910311911,0.054345620349592554,0.5294056123798481,0.9393059427644597,0.5285175780617547,0.5294056123798481,-1.0,-1.0,0.05425101214574899,0.5036437246963563,0.6097165991902835,0.6097165991902835,-1.0,-1.0
rtdetr-l_dataset_3_exp_dataset_quality_220,0.4,0.7920277296360485,0.9486832980505138,"[-1, 1, 1, -1, 0, 1, 0, 1, 1, 1, 0, 3, 0, 0, 0, 1, 0, 0, 0, 0]","[13, 14, 11, 10, 12, 14, 14, 12, 15, 9, 8, 14, 15, 11, 14, 11, 10, 11, 15, 14]",0.9511502386502386,0.056823022880432006,0.5228684323279524,0.920313115988223,0.5285175780617547,0.5228684323279524,-1.0,-1.0,0.05425101214574899,0.5016194331983806,0.602834008097166,0.602834008097166,-1.0,-1.0
rtdetr-l_dataset_3_exp_dataset_quality_220,0.5,-37.37370242214533,10.530906893520616,"[6, 10, 9, 12, 13, 12, 11, 9, 8, 13]","[13, 11, 12, 14, 15, 14, 15, 10, 11, 14]",0.20092407592407588,0.13273577885330307,0.06405013578280905,0.10510281797410512,0.08093424727088093,0.06405013578280905,-1.0,-1.0,0.024291497975708502,0.06801619433198382,0.06801619433198382,0.06801619433198382,-1.0,-1.0
rtdetr-l_dataset_3_exp_dataset_quality_221,0.29,0.584055459272097,1.3416407864998738,"[-3, -1, 1, -4, 0, 1, 0, -1, 0, -1, -1, 0, 0, 0, 0, 0, 0, -2, -1, 0]","[13, 14, 11, 10, 12, 14, 14, 12, 15, 9, 8, 14, 15, 11, 14, 11, 10, 11, 15, 14]",0.9283767621267621,0.10038491853470036,0.4872183246366429,0.915945690044302,0.47198809419652626,0.4872183246366429,-1.0,-1.0,0.05384615384615384,0.46882591093117404,0.580161943319838,0.580161943319838,-1.0,-1.0
rtdetr-l_dataset_3_exp_dataset_quality_221,0.4,0.7342576545349508,1.0723805294763609,"[-3, -1, 1, -3, 0, 1, 0, 0, 0, -1, 0, 0, 0, 0, 0, 0, 0, -1, 0, 0]","[13, 14, 11, 10, 12, 14, 14, 12, 15, 9, 8, 14, 15, 11, 14, 11, 10, 11, 15, 14]",0.9516722166722167,0.0823473227576685,0.4872183246366429,0.915945690044302,0.47198809419652626,0.4872183246366429,-1.0,-1.0,0.05384615384615384,0.46882591093117404,0.580161943319838,0.580161943319838,-1.0,-1.0
rtdetr-l_dataset_3_exp_dataset_quality_221,0.5,0.49162333911034084,1.4832396974191326,"[-3, 0, 3, -3, 0, 1, 0, 2, 2, -1, 1, 0, 0, 0, 0, 1, 2, -1, 0, 0]","[13, 14, 11, 10, 12, 14, 14, 12, 15, 9, 8, 14, 15, 11, 14, 11, 10, 11, 15, 14]",0.9103572816072816,0.09799884309174699,0.4795583382333592,0.8883156402351209,0.46570544244444956,0.4795583382333592,-1.0,-1.0,0.05384615384615384,0.4647773279352226,0.5708502024291497,0.5708502024291497,-1.0,-1.0
rtdetr-l_dataset_3_exp_dataset_quality_222,0.29,0.7227036395147314,1.0954451150103321,"[0, -1, 1, 0, 0, 2, 1, 0, 2, -1, 2, 1, 1, 0, 0, 1, 2, 0, 0, 1]","[13, 14, 11, 10, 12, 14, 14, 12, 15, 9, 8, 14, 15, 11, 14, 11, 10, 11, 15, 14]",0.931424963924964,0.07083870479164793,0.5189925673863426,0.8983056846064521,0.5384996616345109,0.5189925673863426,-1.0,-1.0,0.0582995951417004,0.4870445344129554,0.5846153846153845,0.5846153846153845,-1.0,-1.0
rtdetr-l_dataset_3_exp_dataset_quality_222,0.4,-34.08125,11.16840782445436,"[10, 13, 9, 10, 12, 11, 14, 8, 14, 9, 13, 9, 10, 10, 13]","[13, 14, 10, 12, 14, 12, 15, 9, 15, 11, 14, 11, 11, 15, 14]",0.13134902134902135,0.0737691484600201,0.07692108947736878,0.10891089108910891,0.10891089108910891,0.07692108947736878,-1.0,-1.0,0.04574898785425101,0.07530364372469636,0.07530364372469636,0.07530364372469636,-1.0,-1.0
rtdetr-l_dataset_3_exp_dataset_quality_223,0.29,0.6995956094742923,1.140175425099138,"[-1, -1, 1, -2, -1, 0, 0, 1, -1, -3, 1, -2, 0, -1, 0, 0, -1, 0, 0, 0]","[13, 14, 11, 10, 12, 14, 14, 12, 15, 9, 8, 14, 15, 11, 14, 11, 10, 11, 15, 14]",0.926765318015318,0.08238912579985154,0.38259541167436634,0.7926647203382369,0.2858811698391951,0.38259541167436634,-1.0,-1.0,0.048178137651821856,0.39554655870445343,0.5012145748987854,0.5012145748987854,-1.0,-1.0
rtdetr-l_dataset_3_exp_dataset_quality_223,0.4,0.8035817446562681,0.9219544457292888,"[-1, -1, 1, -2, -1, 0, 0, 1, -1, -2, 1, -1, 0, 0, 0, 1, 0, 0, 0, 0]","[13, 14, 11, 10, 12, 14, 14, 12, 15, 9, 8, 14, 15, 11, 14, 11, 10, 11, 15, 14]",0.9408923021423021,0.06561890637528923,0.3806465211331383,0.7926647203382369,0.28110677935666856,0.3806465211331383,-1.0,-1.0,0.048178137651821856,0.39554655870445343,0.4987854251012146,0.4987854251012146,-1.0,-1.0
rtdetr-l_dataset_3_exp_dataset_quality_223,0.5,-16.677642980935875,8.74642784226795,"[4, 10, 9, 7, 7, 12, 9, 9, 8, 7, 7, 11, 9, 9, 10, 5, 9, 6, 11, 11]","[13, 14, 11, 10, 12, 14, 14, 12, 15, 9, 8, 14, 15, 11, 14, 11, 10, 11, 15, 14]",0.3051583139083139,0.14835344355702998,0.14129541264759213,0.2676271540197498,0.12362911489885649,0.14129541264759213,-1.0,-1.0,0.048178137651821856,0.1720647773279352,0.1720647773279352,0.1720647773279352,-1.0,-1.0
rtdetr-l_dataset_3_exp_dataset_quality_227,0.29,-10.808203350664357,7.148426400264607,"[8, 5, 5, 7, 7, 8, 10, 5, 10, 6, 4, 11, 3, 5, 6, 9, 4, 1, 6, 12]","[13, 14, 11, 10, 12, 14, 14, 12, 15, 9, 8, 14, 15, 11, 14, 11, 10, 11, 15, 14]",0.46594072594072583,0.1959590428335171,0.15694763145453833,0.4106038279413226,0.08239512543505412,0.15694763145453833,-1.0,-1.0,0.03724696356275304,0.20526315789473681,0.20850202429149794,0.20850202429149794,-1.0,-1.0
rtdetr-l_dataset_3_exp_dataset_quality_227,0.4,-18.633333333333333,9.29912276564442,"[11, 10, 7, 9, 10, 11, 12, 8, 12, 6, 5, 7, 7, 11, 10, 8, 5, 9, 13]","[13, 14, 11, 10, 12, 14, 14, 12, 15, 9, 8, 15, 11, 14, 11, 10, 11, 15, 14]",0.2677747690905586,0.13680612423776053,0.08609613581698664,0.22570110204460947,0.04739908045782502,0.08609613581698664,-1.0,-1.0,0.03643724696356275,0.10769230769230768,0.10769230769230768,0.10769230769230768,-1.0,-1.0
rtdetr-l_dataset_3_exp_dataset_quality_227,0.5,-33.549277266754274,11.582005747833884,"[11, 13, 10, 11, 13, 13, 11, 14, 7, 12, 9, 13, 10, 13]","[13, 14, 11, 12, 14, 14, 12, 15, 8, 15, 11, 14, 11, 15]",0.106775962133105,0.042915369405437304,0.03449658654498798,0.0771235018238666,0.0256260920209668,0.03449658654498798,-1.0,-1.0,0.027935222672064774,0.03643724696356275,0.03643724696356275,0.03643724696356275,-1.0,-1.0
rtdetr-x_dataset_1_exp_dataset_quality_229,0.29,0.9629903774981495,0.7071067811865476,"[0, 0, 1, 0, 1, -1, 0, 0, 0, 0, 2, -1, 1, 0, 0, 1, 0, 0, 0, 0]","[9, 8, 7, 15, 15, 13, 14, 7, 15, 7, 16, 13, 15, 7, 16, 16, 13, 8, 14, 6]",0.9691231684981684,0.04560430199497211,0.6932156950803029,0.9663193393575166,0.8487533280482852,0.6932156950803029,-1.0,-1.0,0.07008547008547009,0.5884615384615384,0.7538461538461537,0.7538461538461537,-1.0,-1.0
rtdetr-x_dataset_1_exp_dataset_quality_229,0.4,0.9629903774981495,0.7071067811865476,"[0, 0, 1, 0, 1, -1, 0, 0, 0, 0, 2, -1, 1, 0, 0, 1, 0, 0, 0, 0]","[9, 8, 7, 15, 15, 13, 14, 7, 15, 7, 16, 13, 15, 7, 16, 16, 13, 8, 14, 6]",0.9691231684981684,0.04560430199497211,0.6932156950803029,0.9663193393575166,0.8487533280482852,0.6932156950803029,-1.0,-1.0,0.07008547008547009,0.5884615384615384,0.7538461538461537,0.7538461538461537,-1.0,-1.0
rtdetr-x_dataset_1_exp_dataset_quality_229,0.5,0.9666913397483345,0.6708203932499369,"[0, 0, 1, 0, 1, 0, 0, 0, 0, 0, 2, -1, 1, 0, 0, 1, 0, 0, 0, 0]","[9, 8, 7, 15, 15, 13, 14, 7, 15, 7, 16, 13, 15, 7, 16, 16, 13, 8, 14, 6]",0.9729693223443224,0.04479526271103095,0.6932156950803029,0.9663193393575166,0.8487533280482852,0.6932156950803029,-1.0,-1.0,0.07008547008547009,0.5884615384615384,0.7538461538461537,0.7538461538461537,-1.0,-1.0
rtdetr-x_dataset_1_exp_dataset_quality_229,0.6,0.9666913397483345,0.6708203932499369,"[0, 0, 1, 0, 1, 0, 0, 0, 0, 0, 2, -1, 1, 0, 0, 1, 0, 0, 0, 0]","[9, 8, 7, 15, 15, 13, 14, 7, 15, 7, 16, 13, 15, 7, 16, 16, 13, 8, 14, 6]",0.9729693223443224,0.04479526271103095,0.6932156950803029,0.9663193393575166,0.8487533280482852,0.6932156950803029,-1.0,-1.0,0.07008547008547009,0.5884615384615384,0.7538461538461537,0.7538461538461537,-1.0,-1.0
rtdetr-x_dataset_1_exp_dataset_quality_229,0.7,0.9666913397483345,0.6708203932499369,"[0, 0, 1, 0, 1, 0, 0, 0, 0, 0, 2, -1, 1, 0, 0, 1, 0, 0, 0, 0]","[9, 8, 7, 15, 15, 13, 14, 7, 15, 7, 16, 13, 15, 7, 16, 16, 13, 8, 14, 6]",0.9729693223443224,0.04479526271103095,0.6932156950803029,0.9663193393575166,0.8487533280482852,0.6932156950803029,-1.0,-1.0,0.07008547008547009,0.5884615384615384,0.7538461538461537,0.7538461538461537,-1.0,-1.0
rtdetr-x_dataset_1_exp_dataset_quality_229,0.8,0.9555884529977794,0.7745966692414834,"[0, 1, 1, 0, 1, 0, 1, 0, 0, 0, 2, 0, 1, 0, 1, 1, 0, 0, 0, 1]","[9, 8, 7, 15, 15, 13, 14, 7, 15, 7, 16, 13, 15, 7, 16, 16, 13, 8, 14, 6]",0.9555357142857142,0.05554183858438009,0.6773671711241301,0.9465169731258839,0.8305078353767473,0.6773671711241301,-1.0,-1.0,0.07008547008547009,0.582051282051282,0.7367521367521367,0.7367521367521367,-1.0,-1.0
rtdetr-x_dataset_1_exp_dataset_quality_230,0.29,0.9370836417468542,0.9219544457292888,"[0, 0, 1, 0, 0, -2, -1, 0, 0, 0, 2, 0, 0, -1, 0, 2, -1, 0, -1, 0]","[9, 8, 7, 15, 15, 13, 14, 7, 15, 7, 16, 13, 15, 7, 16, 16, 13, 8, 14, 6]",0.954532967032967,0.05937642008547168,0.614657546980857,0.9680781381619311,0.7580582819552796,0.614657546980857,-1.0,-1.0,0.06282051282051282,0.541880341880342,0.6756410256410257,0.6756410256410257,-1.0,-1.0
rtdetr-x_dataset_1_exp_dataset_quality_230,0.4,0.9481865284974094,0.8366600265340756,"[0, 0, 1, 0, 0, -1, -1, 0, 0, 0, 2, 0, 0, -1, 0, 2, -1, 0, -1, 0]","[9, 8, 7, 15, 15, 13, 14, 7, 15, 7, 16, 13, 15, 7, 16, 16, 13, 8, 14, 6]",0.9583791208791208,0.0545246623620889,0.614657546980857,0.9680781381619311,0.7580582819552796,0.614657546980857,-1.0,-1.0,0.06282051282051282,0.541880341880342,0.6756410256410257,0.6756410256410257,-1.0,-1.0
rtdetr-x_dataset_1_exp_dataset_quality_230,0.5,0.9592894152479645,0.7416198487095663,"[0, 0, 1, 0, 0, 0, 0, 0, 0, 0, 2, 0, 0, -1, 0, 2, -1, 0, 0, 0]","[9, 8, 7, 15, 15, 13, 14, 7, 15, 7, 16, 13, 15, 7, 16, 16, 13, 8, 14, 6]",0.969368131868132,0.05441381230393745,0.614657546980857,0.9680781381619311,0.7580582819552796,0.614657546980857,-1.0,-1.0,0.06282051282051282,0.541880341880342,0.6756410256410257,0.6756410256410257,-1.0,-1.0
rtdetr-x_dataset_1_exp_dataset_quality_230,0.6,0.9629903774981495,0.7071067811865476,"[0, 0, 1, 0, 0, 0, 0, 0, 0, 0, 2, 0, 0, 0, 0, 2, -1, 0, 0, 0]","[9, 8, 7, 15, 15, 13, 14, 7, 15, 7, 16, 13, 15, 7, 16, 16, 13, 8, 14, 6]",0.9765109890109891,0.04823932539110708,0.614657546980857,0.9680781381619311,0.7580582819552796,0.614657546980857,-1.0,-1.0,0.06282051282051282,0.541880341880342,0.6756410256410257,0.6756410256410257,-1.0,-1.0
rtdetr-x_dataset_1_exp_dataset_quality_230,0.7,0.9518874907475944,0.806225774829855,"[0, 0, 1, 0, 1, 0, 0, 0, 0, 0, 2, 0, 1, 0, 1, 2, -1, 0, 0, 0]","[9, 8, 7, 15, 15, 13, 14, 7, 15, 7, 16, 13, 15, 7, 16, 16, 13, 8, 14, 6]",0.9667193223443225,0.04910111598176063,0.6071094073394249,0.9485276177009595,0.7497931076117583,0.6071094073394249,-1.0,-1.0,0.06282051282051282,0.541880341880342,0.6692307692307693,0.6692307692307693,-1.0,-1.0
rtdetr-x_dataset_1_exp_dataset_quality_230,0.8,-2.791497152156225,7.18551173872595,"[6, 7, 2, 14, 4, 9, 4, 5, 5, 11, 5, 9, 2, 10, 7, 9, 2, 8, 2]","[9, 8, 7, 15, 13, 14, 7, 15, 7, 16, 13, 15, 7, 16, 16, 13, 8, 14, 6]",0.46327838827838824,0.20117392396388845,0.27810645857773825,0.4158415841584158,0.3630676202104774,0.27810645857773825,-1.0,-1.0,0.05940170940170939,0.3012820512820513,0.3012820512820513,0.3012820512820513,-1.0,-1.0
rtdetr-x_dataset_1_exp_dataset_quality_231,0.29,0.9703923019985197,0.6324555320336759,"[0, 1, 0, 0, 1, -1, 0, 0, 0, 0, 2, -1, 0, 0, 0, 0, 0, 0, 0, 0]","[9, 8, 7, 15, 15, 13, 14, 7, 15, 7, 16, 13, 15, 7, 16, 16, 13, 8, 14, 6]",0.976474358974359,0.04269639812544213,0.6803695116010091,0.965587124750211,0.853969891431436,0.6803695116010091,-1.0,-1.0,0.06324786324786326,0.5841880341880341,0.7568376068376067,0.7568376068376067,-1.0,-1.0
rtdetr-x_dataset_1_exp_dataset_quality_231,0.4,0.9740932642487047,0.5916079783099616,"[0, 1, 0, 0, 1, 0, 0, 0, 0, 0, 2, -1, 0, 0, 0, 0, 0, 0, 0, 0]","[9, 8, 7, 15, 15, 13, 14, 7, 15, 7, 16, 13, 15, 7, 16, 16, 13, 8, 14, 6]",0.9803205128205128,0.04114970224364086,0.6803695116010091,0.965587124750211,0.853969891431436,0.6803695116010091,-1.0,-1.0,0.06324786324786326,0.5841880341880341,0.7568376068376067,0.7568376068376067,-1.0,-1.0
rtdetr-x_dataset_1_exp_dataset_quality_231,0.5,0.9740932642487047,0.5916079783099616,"[0, 1, 0, 0, 1, 0, 0, 0, 0, 0, 2, -1, 0, 0, 0, 0, 0, 0, 0, 0]","[9, 8, 7, 15, 15, 13, 14, 7, 15, 7, 16, 13, 15, 7, 16, 16, 13, 8, 14, 6]",0.9803205128205128,0.04114970224364086,0.6803695116010091,0.965587124750211,0.853969891431436,0.6803695116010091,-1.0,-1.0,0.06324786324786326,0.5841880341880341,0.7568376068376067,0.7568376068376067,-1.0,-1.0
rtdetr-x_dataset_1_exp_dataset_quality_231,0.6,0.9740932642487047,0.5916079783099616,"[0, 1, 0, 0, 1, 0, 0, 0, 0, 0, 2, -1, 0, 0, 0, 0, 0, 0, 0, 0]","[9, 8, 7, 15, 15, 13, 14, 7, 15, 7, 16, 13, 15, 7, 16, 16, 13, 8, 14, 6]",0.9803205128205128,0.04114970224364086,0.6803695116010091,0.965587124750211,0.853969891431436,0.6803695116010091,-1.0,-1.0,0.06324786324786326,0.5841880341880341,0.7568376068376067,0.7568376068376067,-1.0,-1.0
rtdetr-x_dataset_1_exp_dataset_quality_231,0.7,0.9703923019985197,0.6324555320336759,"[0, 1, 0, 0, 1, 0, 1, 0, 0, 0, 2, -1, 0, 0, 0, 0, 0, 0, 0, 0]","[9, 8, 7, 15, 15, 13, 14, 7, 15, 7, 16, 13, 15, 7, 16, 16, 13, 8, 14, 6]",0.9767490842490844,0.04236835101757026,0.6794031913665011,0.9655845157936631,0.853969891431436,0.6794031913665011,-1.0,-1.0,0.06324786324786326,0.5841880341880341,0.7538461538461537,0.7538461538461537,-1.0,-1.0
rtdetr-x_dataset_1_exp_dataset_quality_232,0.29,0.9703923019985197,0.6324555320336759,"[0, 0, 0, 0, 1, -1, 0, 0, 0, 0, 2, -1, 0, 0, 0, 0, -1, 0, 0, 0]","[9, 8, 7, 15, 15, 13, 14, 7, 15, 7, 16, 13, 15, 7, 16, 16, 13, 8, 14, 6]",0.9788782051282052,0.03801205030135948,0.6147989418279842,0.9736432663898272,0.7871036965249897,0.6147989418279842,-1.0,-1.0,0.05,0.5311965811965812,0.6905982905982906,0.6905982905982906,-1.0,-1.0
rtdetr-x_dataset_1_exp_dataset_quality_232,0.4,0.9703923019985197,0.6324555320336759,"[0, 0, 0, 0, 1, -1, 0, 0, 0, 0, 2, -1, 0, 0, 0, 0, -1, 0, 0, 0]","[9, 8, 7, 15, 15, 13, 14, 7, 15, 7, 16, 13, 15, 7, 16, 16, 13, 8, 14, 6]",0.9788782051282052,0.03801205030135948,0.6147989418279842,0.9736432663898272,0.7871036965249897,0.6147989418279842,-1.0,-1.0,0.05,0.5311965811965812,0.6905982905982906,0.6905982905982906,-1.0,-1.0
rtdetr-x_dataset_1_exp_dataset_quality_232,0.5,0.9703923019985197,0.6324555320336759,"[0, 0, 0, 0, 1, -1, 0, 0, 0, 0, 2, -1, 0, 0, 0, 0, -1, 0, 0, 0]","[9, 8, 7, 15, 15, 13, 14, 7, 15, 7, 16, 13, 15, 7, 16, 16, 13, 8, 14, 6]",0.9788782051282052,0.03801205030135948,0.6147989418279842,0.9736432663898272,0.7871036965249897,0.6147989418279842,-1.0,-1.0,0.05,0.5311965811965812,0.6905982905982906,0.6905982905982906,-1.0,-1.0
rtdetr-x_dataset_1_exp_dataset_quality_232,0.6,0.9740932642487047,0.5916079783099616,"[0, 0, 0, 0, 1, 0, 0, 0, 0, 0, 2, -1, 0, 0, 0, 0, -1, 0, 0, 0]","[9, 8, 7, 15, 15, 13, 14, 7, 15, 7, 16, 13, 15, 7, 16, 16, 13, 8, 14, 6]",0.9827243589743591,0.036010282221981695,0.6147989418279842,0.9736432663898272,0.7871036965249897,0.6147989418279842,-1.0,-1.0,0.05,0.5311965811965812,0.6905982905982906,0.6905982905982906,-1.0,-1.0
rtdetr-x_dataset_1_exp_dataset_quality_232,0.7,0.8778682457438934,1.284523257866513,"[1, 3, 0, 0, 2, 0, 1, 1, 1, 0, 2, 1, 0, 0, 3, 0, -1, 0, 0, 1]","[9, 8, 7, 15, 15, 13, 14, 7, 15, 7, 16, 13, 15, 7, 16, 16, 13, 8, 14, 6]",0.9233295177045177,0.09314751620740305,0.5736074251619682,0.9146277228812169,0.7338341332552386,0.5736074251619682,-1.0,-1.0,0.05,0.5106837606837606,0.6440170940170941,0.6440170940170941,-1.0,-1.0
rtdetr-x_dataset_1_exp_dataset_quality_233,0.29,0.9666913397483345,0.6708203932499369,"[0, 1, 0, 0, 0, 0, 0, 0, 0, 0, 2, -1, 0, 0, 0, 1, -1, 0, -1, 0]","[9, 8, 7, 15, 15, 13, 14, 7, 15, 7, 16, 13, 15, 7, 16, 16, 13, 8, 14, 6]",0.9731112637362637,0.0433777175435375,0.6426138218910008,0.9597560340234753,0.7799857314741495,0.6426138218910008,-1.0,-1.0,0.060256410256410264,0.5615384615384615,0.7235042735042735,0.7235042735042735,-1.0,-1.0
rtdetr-x_dataset_1_exp_dataset_quality_233,0.4,0.9666913397483345,0.6708203932499369,"[0, 1, 0, 0, 0, 0, 0, 0, 0, 0, 2, -1, 0, 0, 0, 1, -1, 0, -1, 0]","[9, 8, 7, 15, 15, 13, 14, 7, 15, 7, 16, 13, 15, 7, 16, 16, 13, 8, 14, 6]",0.9731112637362637,0.0433777175435375,0.6426138218910008,0.9597560340234753,0.7799857314741495,0.6426138218910008,-1.0,-1.0,0.060256410256410264,0.5615384615384615,0.7235042735042735,0.7235042735042735,-1.0,-1.0
rtdetr-x_dataset_1_exp_dataset_quality_233,0.5,0.9666913397483345,0.6708203932499369,"[0, 1, 0, 0, 0, 0, 0, 0, 0, 0, 2, -1, 0, 0, 0, 1, -1, 0, -1, 0]","[9, 8, 7, 15, 15, 13, 14, 7, 15, 7, 16, 13, 15, 7, 16, 16, 13, 8, 14, 6]",0.9731112637362637,0.0433777175435375,0.6426138218910008,0.9597560340234753,0.7799857314741495,0.6426138218910008,-1.0,-1.0,0.060256410256410264,0.5615384615384615,0.7235042735042735,0.7235042735042735,-1.0,-1.0
rtdetr-x_dataset_1_exp_dataset_quality_233,0.6,0.9666913397483345,0.6708203932499369,"[0, 1, 0, 0, 0, 0, 0, 0, 0, 0, 2, -1, 0, 0, 0, 1, -1, 0, -1, 0]","[9, 8, 7, 15, 15, 13, 14, 7, 15, 7, 16, 13, 15, 7, 16, 16, 13, 8, 14, 6]",0.9731112637362637,0.0433777175435375,0.6426138218910008,0.9597560340234753,0.7799857314741495,0.6426138218910008,-1.0,-1.0,0.060256410256410264,0.5615384615384615,0.7235042735042735,0.7235042735042735,-1.0,-1.0
rtdetr-x_dataset_1_exp_dataset_quality_234,0.29,0.8667653589933383,1.3416407864998738,"[0, 2, 0, 0, 0, -3, -2, -1, -1, 0, 2, -1, -1, -1, 0, 2, -1, 0, -2, -1]","[9, 8, 7, 15, 15, 13, 14, 7, 15, 7, 16, 13, 15, 7, 16, 16, 13, 8, 14, 6]",0.9121978021978021,0.07840712925060306,0.4059890732001404,0.8662482313378478,0.33135792921888935,0.4059890732001404,-1.0,-1.0,0.04401709401709401,0.39017094017094023,0.5329059829059829,0.5329059829059829,-1.0,-1.0
rtdetr-x_dataset_1_exp_dataset_quality_234,0.4,0.8556624722427831,1.396424004376894,"[0, 3, 0, 0, 0, -2, -2, -1, -1, 1, 2, -1, -1, -1, 0, 3, -1, 0, -1, -1]","[9, 8, 7, 15, 15, 13, 14, 7, 15, 7, 16, 13, 15, 7, 16, 16, 13, 8, 14, 6]",0.9030975274725274,0.0901412185088897,0.4059890732001404,0.8662482313378478,0.33135792921888935,0.4059890732001404,-1.0,-1.0,0.04401709401709401,0.39017094017094023,0.5329059829059829,0.5329059829059829,-1.0,-1.0
rtdetr-x_dataset_1_exp_dataset_quality_234,0.5,0.8704663212435233,1.3228756555322954,"[0, 3, 1, 0, 0, 0, 0, -1, -1, 1, 3, -1, 0, -1, 0, 3, -1, 0, 0, -1]","[9, 8, 7, 15, 15, 13, 14, 7, 15, 7, 16, 13, 15, 7, 16, 16, 13, 8, 14, 6]",0.914569597069597,0.09763698579766122,0.4027610669722261,0.8572357916323388,0.33135792921888935,0.4027610669722261,-1.0,-1.0,0.04401709401709401,0.39017094017094023,0.5264957264957265,0.5264957264957265,-1.0,-1.0
rtdetr-x_dataset_1_exp_dataset_quality_234,0.6,-2.3974833456698743,6.774953874381729,"[1, 5, 3, 5, 14, 8, 8, 3, 5, 5, 9, 9, 8, 2, 8, 10, 4, 4, 7, 0]","[9, 8, 7, 15, 15, 13, 14, 7, 15, 7, 16, 13, 15, 7, 16, 16, 13, 8, 14, 6]",0.5199549755799755,0.2082417111182896,0.20556461626416173,0.4481796575203208,0.17581064974550625,0.20556461626416173,-1.0,-1.0,0.04401709401709401,0.2611111111111111,0.2611111111111111,0.2611111111111111,-1.0,-1.0
rtdetr-x_dataset_1_exp_dataset_quality_234,0.7,,6.0,[6],[7],0.1428571428571428,0.0,0.0029702970297029695,0.0099009900990099,0.0,0.0029702970297029695,-1.0,-1.0,0.0012820512820512823,0.0012820512820512823,0.0012820512820512823,0.0012820512820512823,-1.0,-1.0
rtdetr-x_dataset_1_exp_dataset_quality_235,0.29,0.9555884529977794,0.7745966692414834,"[0, 1, 1, 0, 1, -1, 0, -1, 0, 0, 2, -1, -1, 0, 0, 1, 0, 0, 0, 0]","[9, 8, 7, 15, 15, 13, 14, 7, 15, 7, 16, 13, 15, 7, 16, 16, 13, 8, 14, 6]",0.9557303113553113,0.05361887647656134,0.6392258239499996,0.9401070806168763,0.7684793429902905,0.6392258239499996,-1.0,-1.0,0.06025641025641025,0.5594017094017094,0.7264957264957265,0.7264957264957265,-1.0,-1.0
rtdetr-x_dataset_1_exp_dataset_quality_235,0.4,0.9555884529977794,0.7745966692414834,"[0, 1, 1, 0, 1, -1, 0, -1, 0, 0, 2, -1, -1, 0, 0, 1, 0, 0, 0, 0]","[9, 8, 7, 15, 15, 13, 14, 7, 15, 7, 16, 13, 15, 7, 16, 16, 13, 8, 14, 6]",0.9557303113553113,0.05361887647656134,0.6392258239499996,0.9401070806168763,0.7684793429902905,0.6392258239499996,-1.0,-1.0,0.06025641025641025,0.5594017094017094,0.7264957264957265,0.7264957264957265,-1.0,-1.0
rtdetr-x_dataset_1_exp_dataset_quality_235,0.5,0.9592894152479645,0.7416198487095663,"[0, 1, 1, 0, 1, 0, 0, -1, 0, 0, 2, -1, -1, 0, 0, 1, 0, 0, 0, 0]","[9, 8, 7, 15, 15, 13, 14, 7, 15, 7, 16, 13, 15, 7, 16, 16, 13, 8, 14, 6]",0.9595764652014651,0.05389683750956435,0.6392258239499996,0.9401070806168763,0.7684793429902905,0.6392258239499996,-1.0,-1.0,0.06025641025641025,0.5594017094017094,0.7264957264957265,0.7264957264957265,-1.0,-1.0
rtdetr-x_dataset_1_exp_dataset_quality_235,0.6,0.9037749814951888,1.140175425099138,"[0, 2, 2, 0, 1, 0, 0, -1, 0, 0, 3, 1, -1, 0, 2, 1, 0, 0, 0, 0]","[9, 8, 7, 15, 15, 13, 14, 7, 15, 7, 16, 13, 15, 7, 16, 16, 13, 8, 14, 6]",0.9368086080586082,0.0877984409511128,0.6206827958066226,0.9109465752806284,0.7418951436717411,0.6206827958066226,-1.0,-1.0,0.06025641025641025,0.5534188034188035,0.7055555555555556,0.7055555555555556,-1.0,-1.0
rtdetr-x_dataset_1_exp_dataset_quality_235,0.7,-7.9523809523809526,11.195237082497776,"[6, 14, 12]","[7, 16, 13]",0.1149267399267399,0.027843948343426322,0.011138613861386138,0.017326732673267328,0.0099009900990099,0.011138613861386138,-1.0,-1.0,0.005128205128205129,0.008974358974358974,0.008974358974358974,0.008974358974358974,-1.0,-1.0
rtdetr-x_dataset_1_exp_dataset_quality_236,0.29,0.9703923019985197,0.6324555320336759,"[0, 1, 1, 0, 0, 0, 0, 0, 0, 1, 2, 0, 0, -1, 0, 0, 0, 0, 0, 0]","[9, 8, 7, 15, 15, 13, 14, 7, 15, 7, 16, 13, 15, 7, 16, 16, 13, 8, 14, 6]",0.9660714285714287,0.058928571428571434,0.6470424869165134,0.9693759831979166,0.8339504385876723,0.6470424869165134,-1.0,-1.0,0.0670940170940171,0.5551282051282052,0.7042735042735042,0.7042735042735042,-1.0,-1.0
rtdetr-x_dataset_1_exp_dataset_quality_236,0.4,0.9703923019985197,0.6324555320336759,"[0, 1, 1, 0, 0, 0, 0, 0, 0, 1, 2, 0, 0, -1, 0, 0, 0, 0, 0, 0]","[9, 8, 7, 15, 15, 13, 14, 7, 15, 7, 16, 13, 15, 7, 16, 16, 13, 8, 14, 6]",0.9660714285714287,0.058928571428571434,0.6470424869165134,0.9693759831979166,0.8339504385876723,0.6470424869165134,-1.0,-1.0,0.0670940170940171,0.5551282051282052,0.7042735042735042,0.7042735042735042,-1.0,-1.0
rtdetr-x_dataset_1_exp_dataset_quality_236,0.5,0.9703923019985197,0.6324555320336759,"[0, 1, 1, 0, 0, 0, 0, 0, 0, 1, 2, 0, 0, -1, 0, 0, 0, 0, 0, 0]","[9, 8, 7, 15, 15, 13, 14, 7, 15, 7, 16, 13, 15, 7, 16, 16, 13, 8, 14, 6]",0.9660714285714287,0.058928571428571434,0.6470424869165134,0.9693759831979166,0.8339504385876723,0.6470424869165134,-1.0,-1.0,0.0670940170940171,0.5551282051282052,0.7042735042735042,0.7042735042735042,-1.0,-1.0
rtdetr-x_dataset_1_exp_dataset_quality_236,0.6,0.307920059215396,3.057776970284131,"[2, 3, 2, 3, 3, 1, 4, 2, 1, 1, 6, 4, 2, 0, 5, 1, 5, 3, 2, 3]","[9, 8, 7, 15, 15, 13, 14, 7, 15, 7, 16, 13, 15, 7, 16, 16, 13, 8, 14, 6]",0.7632844932844933,0.1301139522982605,0.5305618448210466,0.7722772277227723,0.7000299326634463,0.5305618448210466,-1.0,-1.0,0.0670940170940171,0.5115384615384616,0.576068376068376,0.576068376068376,-1.0,-1.0
rtdetr-x_dataset_1_exp_dataset_quality_237,0.29,0.615099925980755,2.280350850198276,"[0, 2, -3, 1, 6, 0, 1, 1, 4, 1, 3, 0, 0, 0, 2, 4, -1, 1, 2, 0]","[9, 8, 7, 15, 15, 13, 14, 7, 15, 7, 16, 13, 15, 7, 16, 16, 13, 8, 14, 6]",0.8661836080586081,0.12742496424849895,0.3168948065680405,0.6931876713535943,0.23810442661724454,0.3168948065680405,-1.0,-1.0,0.03290598290598291,0.3679487179487179,0.45085470085470086,0.45085470085470086,-1.0,-1.0
rtdetr-x_dataset_1_exp_dataset_quality_237,0.4,-1.2427831236121394,5.504543577809154,"[3, 3, 0, 3, 11, 2, 7, 2, 9, 2, 6, 6, 2, 0, 9, 9, 4, 3, 7, 2]","[9, 8, 7, 15, 15, 13, 14, 7, 15, 7, 16, 13, 15, 7, 16, 16, 13, 8, 14, 6]",0.6461080586080585,0.1900396546779965,0.20484542683062013,0.47247103508023713,0.14726159105891198,0.20484542683062013,-1.0,-1.0,0.03290598290598291,0.2829059829059829,0.2991452991452991,0.2991452991452991,-1.0,-1.0
rtdetr-x_dataset_1_exp_dataset_quality_237,0.5,-6.85285848172446,10.170764201594904,"[8, 6, 4, 12, 8, 11, 3, 12, 15, 11, 10, 5, 15, 15, 10, 7, 13, 5]","[9, 8, 7, 15, 13, 14, 7, 15, 16, 13, 15, 7, 16, 16, 13, 8, 14, 6]",0.21745946954280287,0.13694937338610141,0.05023982704284669,0.12706270627062707,0.031117397454031113,0.05023982704284669,-1.0,-1.0,0.02692307692307692,0.0752136752136752,0.0752136752136752,0.0752136752136752,-1.0,-1.0
rtdetr-x_dataset_1_exp_dataset_quality_238,0.29,0.7779422649888971,1.7320508075688772,"[-2, -1, -2, -2, 0, -3, -2, -3, 1, 0, 2, 1, 0, -2, 2, 1, -2, -1, 1, -2]","[9, 8, 7, 15, 15, 13, 14, 7, 15, 7, 16, 13, 15, 7, 16, 16, 13, 8, 14, 6]",0.8503060134310134,0.11319136967159306,0.40399240671010345,0.8248049557927125,0.36557088070974947,0.40399240671010345,-1.0,-1.0,0.044444444444444446,0.4179487179487179,0.5196581196581196,0.5196581196581196,-1.0,-1.0
rtdetr-x_dataset_1_exp_dataset_quality_238,0.4,0.7594374537379719,1.8027756377319946,"[1, 2, -1, 0, 2, 0, 1, 1, 1, 0, 2, 2, 1, 0, 6, 1, -1, 0, 2, -1]","[9, 8, 7, 15, 15, 13, 14, 7, 15, 7, 16, 13, 15, 7, 16, 16, 13, 8, 14, 6]",0.8956143162393161,0.09149625221884597,0.3853386867969444,0.781767993169277,0.34846888433508544,0.3853386867969444,-1.0,-1.0,0.044444444444444446,0.4081196581196581,0.4935897435897436,0.4935897435897436,-1.0,-1.0
rtdetr-x_dataset_1_exp_dataset_quality_238,0.5,-5.561806069578091,9.41541289588513,"[6, 7, 3, 13, 13, 8, 12, 3, 11, 6, 13, 10, 8, 5, 12, 15, 10, 6, 10, 2]","[9, 8, 7, 15, 15, 13, 14, 7, 15, 7, 16, 13, 15, 7, 16, 16, 13, 8, 14, 6]",0.2860576923076923,0.1635065993159443,0.12619718737368812,0.24995942217172534,0.11928989692339798,0.12619718737368812,-1.0,-1.0,0.044444444444444446,0.15641025641025638,0.15641025641025638,0.15641025641025638,-1.0,-1.0
rtdetr-x_dataset_1_exp_dataset_quality_239,0.29,0.9333826794966691,0.9486832980505138,"[1, 0, 0, 0, 0, -2, -1, 0, 1, 0, 2, 0, 0, 0, 0, 1, -1, 1, -2, 0]","[9, 8, 7, 15, 15, 13, 14, 7, 15, 7, 16, 13, 15, 7, 16, 16, 13, 8, 14, 6]",0.9532333638583639,0.056258337708693026,0.5029532043871282,0.951940847475123,0.5022006381634385,0.5029532043871282,-1.0,-1.0,0.055982905982905985,0.45726495726495725,0.5794871794871794,0.5794871794871794,-1.0,-1.0
rtdetr-x_dataset_1_exp_dataset_quality_239,0.4,0.9518874907475944,0.806225774829855,"[1, 0, 1, 0, 0, -1, -1, 0, 1, 0, 2, 0, 0, 0, 0, 1, -1, 1, -1, 0]","[9, 8, 7, 15, 15, 13, 14, 7, 15, 7, 16, 13, 15, 7, 16, 16, 13, 8, 14, 6]",0.953508089133089,0.050578148621831166,0.5029532043871282,0.951940847475123,0.5022006381634385,0.5029532043871282,-1.0,-1.0,0.055982905982905985,0.45726495726495725,0.5794871794871794,0.5794871794871794,-1.0,-1.0
rtdetr-x_dataset_1_exp_dataset_quality_239,0.5,0.9037749814951888,1.140175425099138,"[2, 0, 1, 1, 0, 0, -1, 1, 1, 0, 2, 1, 1, 0, 0, 1, 0, 3, 1, 0]","[9, 8, 7, 15, 15, 13, 14, 7, 15, 7, 16, 13, 15, 7, 16, 16, 13, 8, 14, 6]",0.9254891636141636,0.09186200861372382,0.4841314996846437,0.9035767284955722,0.4888665158924837,0.4841314996846437,-1.0,-1.0,0.055982905982905985,0.4482905982905982,0.5572649572649573,0.5572649572649573,-1.0,-1.0
rtdetr-x_dataset_1_exp_dataset_quality_239,0.6,-1.7350111028867508,6.078651166171653,"[4, 4, 4, 5, 3, 8, 6, 4, 4, 5, 8, 5, 5, 2, 14, 4, 6, 7, 9, 2]","[9, 8, 7, 15, 15, 13, 14, 7, 15, 7, 16, 13, 15, 7, 16, 16, 13, 8, 14, 6]",0.5206532356532356,0.1899658658753995,0.28994059431646535,0.5223762376237624,0.3163775586739314,0.28994059431646535,-1.0,-1.0,0.055982905982905985,0.3170940170940171,0.3256410256410256,0.3256410256410256,-1.0,-1.0
rtdetr-x_dataset_1_exp_dataset_quality_239,0.7,-4.45679012345679,10.51189802081432,"[14, 5]","[15, 6]",0.11666666666666664,0.04999999999999999,0.005940594059405941,0.009900990099009901,0.0099009900990099,0.005940594059405941,-1.0,-1.0,0.004273504273504274,0.004273504273504274,0.004273504273504274,0.004273504273504274,-1.0,-1.0
rtdetr-x_dataset_1_exp_dataset_quality_240,0.29,0.9555884529977794,0.7745966692414834,"[0, 1, 1, 0, 1, 0, 0, 0, 0, 0, 2, -1, -1, -1, 0, 1, 0, 1, 0, 0]","[9, 8, 7, 15, 15, 13, 14, 7, 15, 7, 16, 13, 15, 7, 16, 16, 13, 8, 14, 6]",0.9533264652014651,0.056051426463121334,0.5636201276997233,0.9400429040420647,0.6315022630697353,0.5636201276997233,-1.0,-1.0,0.056837606837606844,0.5132478632478632,0.638888888888889,0.638888888888889,-1.0,-1.0
rtdetr-x_dataset_1_exp_dataset_quality_240,0.4,0.9518874907475944,0.806225774829855,"[0, 1, 1, 0, 1, 0, 1, 1, 0, 0, 2, -1, -1, 0, 0, 1, 0, 1, 0, 0]","[9, 8, 7, 15, 15, 13, 14, 7, 15, 7, 16, 13, 15, 7, 16, 16, 13, 8, 14, 6]",0.9497550366300367,0.05523338624335921,0.5581480696657702,0.9303466648107698,0.6238927684958238,0.5581480696657702,-1.0,-1.0,0.056837606837606844,0.5102564102564102,0.6324786324786325,0.6324786324786325,-1.0,-1.0
rtdetr-x_dataset_1_exp_dataset_quality_240,0.5,-4.887654320987655,8.902985897705154,"[6, 7, 6, 12, 13, 10, 8, 6, 10, 6, 10, 6, 10, 5, 10, 13, 10, 9, 5]","[9, 8, 7, 15, 15, 13, 14, 7, 15, 7, 16, 13, 15, 7, 16, 16, 13, 14, 6]",0.2664473684210526,0.11529405723772561,0.1727897203853779,0.26701732673267325,0.1915756230795493,0.1727897203853779,-1.0,-1.0,0.053418803418803416,0.1918803418803419,0.1918803418803419,0.1918803418803419,-1.0,-1.0
rtdetr-x_dataset_1_exp_dataset_quality_241,0.29,0.9740932642487047,0.5916079783099616,"[0, 0, 1, 0, 1, 0, 0, 0, 0, 0, 2, -1, 0, 0, 0, 0, 0, 0, 0, 0]","[9, 8, 7, 15, 15, 13, 14, 7, 15, 7, 16, 13, 15, 7, 16, 16, 13, 8, 14, 6]",0.9794276556776558,0.04354901861966715,0.6546477636360866,0.9626676953409629,0.806058739249787,0.6546477636360866,-1.0,-1.0,0.06709401709401709,0.5645299145299145,0.7235042735042734,0.7235042735042734,-1.0,-1.0
rtdetr-x_dataset_1_exp_dataset_quality_241,0.4,0.9037749814951888,1.140175425099138,"[0, 0, 1, 1, 3, 0, 2, 0, 0, 0, 3, 0, 0, 0, 1, 0, 0, 1, 0, 0]","[9, 8, 7, 15, 15, 13, 14, 7, 15, 7, 16, 13, 15, 7, 16, 16, 13, 8, 14, 6]",0.9536309523809523,0.0696227331527234,0.6334433820045743,0.9329230220319328,0.7798093380770528,0.6334433820045743,-1.0,-1.0,0.06709401709401709,0.5611111111111111,0.6991452991452991,0.6991452991452991,-1.0,-1.0
rtdetr-x_dataset_1_exp_dataset_quality_242,0.29,0.8889711324944486,1.224744871391589,"[0, 1, 1, 1, 1, 0, 0, 0, 1, 1, 3, -1, 1, 0, 3, 1, -1, 1, 1, 0]","[9, 8, 7, 15, 15, 13, 14, 7, 15, 7, 16, 13, 15, 7, 16, 16, 13, 8, 14, 6]",0.9267422161172162,0.0606898495067381,0.46010168090041864,0.8968389758810341,0.40751537133869553,0.46010168090041864,-1.0,-1.0,0.05170940170940171,0.43247863247863244,0.5384615384615384,0.5384615384615384,-1.0,-1.0
rtdetr-x_dataset_1_exp_dataset_quality_242,0.4,0.7113249444855663,1.9748417658131499,"[0, 2, 1, 1, 4, 1, 2, 0, 1, 2, 3, -1, 2, 0, 5, 1, 1, 2, 1, 0]","[9, 8, 7, 15, 15, 13, 14, 7, 15, 7, 16, 13, 15, 7, 16, 16, 13, 8, 14, 6]",0.8765270146520147,0.09997186235661659,0.4355933922735132,0.8386609476778947,0.38993884304366433,0.4355933922735132,-1.0,-1.0,0.05170940170940171,0.4264957264957264,0.5106837606837606,0.5106837606837606,-1.0,-1.0
rtdetr-x_dataset_1_exp_dataset_quality_243,0.29,0.9666913397483345,0.6708203932499369,"[0, 0, 1, 0, 0, 0, 0, 1, 0, 0, 2, 0, 0, 0, 1, 1, 0, 1, 0, 0]","[9, 8, 7, 15, 15, 13, 14, 7, 15, 7, 16, 13, 15, 7, 16, 16, 13, 8, 14, 6]",0.9669642857142857,0.053875624434091406,0.5603660178292934,0.9599993259237819,0.585550306189547,0.5603660178292934,-1.0,-1.0,0.05427350427350427,0.5055555555555555,0.6482905982905983,0.6482905982905983,-1.0,-1.0
rtdetr-x_dataset_1_exp_dataset_quality_243,0.4,0.9037749814951888,1.140175425099138,"[0, 2, 1, 0, 1, 0, 0, 1, 0, 0, 4, 0, 0, 0, 1, 1, 0, 1, 0, 0]","[9, 8, 7, 15, 15, 13, 14, 7, 15, 7, 16, 13, 15, 7, 16, 16, 13, 8, 14, 6]",0.9448809523809525,0.08152793471149626,0.5487707406291891,0.9403698477955904,0.5778593585233518,0.5487707406291891,-1.0,-1.0,0.05427350427350427,0.5004273504273504,0.6358974358974359,0.6358974358974359,-1.0,-1.0
rtdetr-x_dataset_1_exp_dataset_quality_243,0.5,-1.7943089430894306,5.922113522335465,"[4, 1, 4, 4, 4, 6, 8, 8, 3, 0, 8, 12, 3, 6]","[9, 7, 15, 13, 14, 7, 16, 13, 15, 7, 16, 16, 8, 14]",0.594751875109018,0.22462402260727643,0.2379666864172824,0.42574257425742573,0.2323320605981799,0.2379666864172824,-1.0,-1.0,0.03547008547008547,0.2632478632478632,0.27435897435897433,0.27435897435897433,-1.0,-1.0
rtdetr-x_dataset_1_exp_dataset_quality_243,0.6,-7.042016806722689,8.893306982833163,"[1, 8, 6, 7, 10, 10, 7, 1, 15, 14, 7]","[7, 15, 13, 14, 16, 13, 15, 7, 16, 16, 14]",0.45872877122877126,0.24498767177012484,0.14106846724029323,0.25742574257425743,0.13839352388736598,0.14106846724029323,-1.0,-1.0,0.02564102564102564,0.1576923076923077,0.1576923076923077,0.1576923076923077,-1.0,-1.0
rtdetr-x_dataset_1_exp_dataset_quality_243,0.7,-7.52222222222222,9.23158828275082,"[2, 9, 7, 8, 12, 12, 11, 4, 12]","[7, 15, 13, 14, 16, 13, 15, 7, 14]",0.35215710215710216,0.18085401867251788,0.09149367667606333,0.15841584158415842,0.09372800065869373,0.09149367667606333,-1.0,-1.0,0.021794871794871794,0.10256410256410256,0.10256410256410256,0.10256410256410256,-1.0,-1.0
rtdetr-x_dataset_1_exp_dataset_quality_243,0.8,-6.25,10.770329614269007,"[6, 14]","[7, 15]",0.10476190476190472,0.03809523809523807,0.00792079207920792,0.009900990099009901,0.0099009900990099,0.00792079207920792,-1.0,-1.0,0.005555555555555556,0.005555555555555556,0.005555555555555556,0.005555555555555556,-1.0,-1.0
rtdetr-x_dataset_1_exp_dataset_quality_244,0.29,0.7631384159881569,1.7888543819998317,"[0, 2, 1, 1, 3, 0, 3, 1, 3, 1, 3, -1, 1, -1, 1, 3, -1, 1, 2, 1]","[9, 8, 7, 15, 15, 13, 14, 7, 15, 7, 16, 13, 15, 7, 16, 16, 13, 8, 14, 6]",0.8702541208791208,0.06786901240248297,0.45262528969636495,0.7980476930018079,0.49257694533155777,0.45262528969636495,-1.0,-1.0,0.055982905982905985,0.45,0.5534188034188035,0.5534188034188035,-1.0,-1.0
rtdetr-x_dataset_1_exp_dataset_quality_244,0.4,-6.700440528634362,10.452272480183437,"[6, 13, 14, 6]","[7, 14, 15, 7]",0.10595238095238091,0.03694314440281641,0.016501650165016504,0.019801980198019802,0.019801980198019802,0.016501650165016504,-1.0,-1.0,0.013247863247863248,0.013247863247863248,0.013247863247863248,0.013247863247863248,-1.0,-1.0
rtdetr-x_dataset_1_exp_dataset_quality_245,0.29,0.3930421909696521,2.8635642126552705,"[1, 5, 1, 2, 2, 1, 1, 1, 0, 0, 5, 2, 0, 1, 9, 1, 3, 1, 2, 0]","[9, 8, 7, 15, 15, 13, 14, 7, 15, 7, 16, 13, 15, 7, 16, 16, 13, 8, 14, 6]",0.841516330891331,0.16421836798131328,0.4290783233994776,0.8131931844093049,0.42327700495365406,0.4290783233994776,-1.0,-1.0,0.05128205128205128,0.4222222222222222,0.4952991452991453,0.4952991452991453,-1.0,-1.0
rtdetr-x_dataset_1_exp_dataset_quality_246,0.29,-3.5484826054774246,7.8390050389064045,"[4, 6, 2, 13, 9, 7, 9, 4, 11, 5, 14, 6, 6, 2, 11, 9, 7, 2, 10, 2]","[9, 8, 7, 15, 15, 13, 14, 7, 15, 7, 16, 13, 15, 7, 16, 16, 13, 8, 14, 6]",0.4372237484737485,0.1842884932107648,0.1282433165024983,0.32205205921698576,0.05354301283956622,0.1282433165024983,-1.0,-1.0,0.03461538461538462,0.17820512820512818,0.17820512820512818,0.17820512820512818,-1.0,-1.0
rtdetr-x_dataset_1_exp_dataset_quality_246,0.4,,14.0,[14],[15],0.06666666666666665,0.0,0.0,0.0,0.0,0.0,-1.0,-1.0,0.0,0.0,0.0,0.0,-1.0,-1.0
rtdetr-x_dataset_2_exp_dataset_quality_248,0.29,0.8820754716981132,0.7071067811865476,"[-1, -1, 0, 0, -2, 0, 0, 0, 0, 0, 0, -1, 0, 1, -1, 0, -1, 0, 0, 0]","[13, 15, 13, 11, 8, 12, 15, 9, 12, 14, 12, 12, 12, 15, 15, 11, 12, 13, 9, 15]",0.9653205128205128,0.05982727027238143,0.782532003213073,0.9808570477728421,0.9369637846250729,0.782532003213073,-1.0,-1.0,0.07016129032258064,0.6637096774193548,0.8282258064516128,0.8282258064516128,-1.0,-1.0
rtdetr-x_dataset_2_exp_dataset_quality_248,0.4,0.9410377358490566,0.5,"[-1, 0, 0, 0, 0, 0, 0, 0, 0, 0, 0, -1, 0, 1, -1, 0, -1, 0, 0, 0]","[13, 15, 13, 11, 8, 12, 15, 9, 12, 14, 12, 12, 12, 15, 15, 11, 12, 13, 9, 15]",0.9811538461538463,0.03285680085251253,0.782532003213073,0.9808570477728421,0.9369637846250729,0.782532003213073,-1.0,-1.0,0.07016129032258064,0.6637096774193548,0.8282258064516128,0.8282258064516128,-1.0,-1.0
rtdetr-x_dataset_2_exp_dataset_quality_248,0.5,0.929245283018868,0.5477225575051661,"[-1, 0, 0, 0, 0, 0, 0, 1, 0, 0, 0, -1, 0, 1, -1, 0, -1, 0, 0, 0]","[13, 15, 13, 11, 8, 12, 15, 9, 12, 14, 12, 12, 12, 15, 15, 11, 12, 13, 9, 15]",0.9755982905982906,0.03816526438983987,0.7796199287386933,0.9711517107052708,0.9369637846250729,0.7796199287386933,-1.0,-1.0,0.07016129032258064,0.6616935483870968,0.8262096774193548,0.8262096774193548,-1.0,-1.0
rtdetr-x_dataset_2_exp_dataset_quality_248,0.6,0.929245283018868,0.5477225575051661,"[-1, 0, 0, 0, 0, 0, 0, 1, 0, 0, 0, -1, 0, 1, -1, 0, -1, 0, 0, 0]","[13, 15, 13, 11, 8, 12, 15, 9, 12, 14, 12, 12, 12, 15, 15, 11, 12, 13, 9, 15]",0.9755982905982906,0.03816526438983987,0.7796199287386933,0.9711517107052708,0.9369637846250729,0.7796199287386933,-1.0,-1.0,0.07016129032258064,0.6616935483870968,0.8262096774193548,0.8262096774193548,-1.0,-1.0
rtdetr-x_dataset_2_exp_dataset_quality_248,0.7,0.8702830188679246,0.7416198487095663,"[-1, 0, 0, 1, 1, 0, 1, 2, 0, 0, 0, -1, 0, 1, 0, 0, 0, 1, 0, 0]","[13, 15, 13, 11, 8, 12, 15, 9, 12, 14, 12, 12, 12, 15, 15, 11, 12, 13, 9, 15]",0.9595677933177933,0.05841428120562942,0.7634631167620772,0.9517430983200494,0.9085378797395023,0.7634631167620772,-1.0,-1.0,0.07016129032258064,0.6552419354838709,0.8076612903225806,0.8076612903225806,-1.0,-1.0
rtdetr-x_dataset_2_exp_dataset_quality_248,0.8,0.5754716981132075,1.3416407864998738,"[-1, 1, 0, 2, 1, 0, 2, 2, 0, 0, 3, 0, 0, 2, 1, 1, 0, 2, 1, 1]","[13, 15, 13, 11, 8, 12, 15, 9, 12, 14, 12, 12, 12, 15, 15, 11, 12, 13, 9, 15]",0.9160751748251748,0.07706583912612407,0.7290445021647605,0.9030047352561346,0.8703832565560444,0.7290445021647605,-1.0,-1.0,0.07016129032258064,0.6455645161290322,0.7713709677419355,0.7713709677419355,-1.0,-1.0
rtdetr-x_dataset_2_exp_dataset_quality_249,0.29,0.6933962264150944,1.140175425099138,"[-2, 1, 0, 0, -3, -1, 0, -1, 0, 0, 0, -1, 1, 1, -1, 0, -1, 0, -2, 1]","[13, 15, 13, 11, 8, 12, 15, 9, 12, 14, 12, 12, 12, 15, 15, 11, 12, 13, 9, 15]",0.9268910256410257,0.09074115577677941,0.47385431592127053,0.8629191776969729,0.49334184011756227,0.47385431592127053,-1.0,-1.0,0.045564516129032256,0.4612903225806452,0.5774193548387097,0.5774193548387097,-1.0,-1.0
rtdetr-x_dataset_2_exp_dataset_quality_249,0.4,0.6933962264150944,1.140175425099138,"[-2, 1, 0, 0, -3, -1, 0, -1, 0, 0, 0, -1, 1, 1, -1, 0, -1, 0, -2, 1]","[13, 15, 13, 11, 8, 12, 15, 9, 12, 14, 12, 12, 12, 15, 15, 11, 12, 13, 9, 15]",0.9268910256410257,0.09074115577677941,0.47385431592127053,0.8629191776969729,0.49334184011756227,0.47385431592127053,-1.0,-1.0,0.045564516129032256,0.4612903225806452,0.5774193548387097,0.5774193548387097,-1.0,-1.0
rtdetr-x_dataset_2_exp_dataset_quality_249,0.5,0.6816037735849056,1.161895003862225,"[-2, 1, 0, 0, -3, -1, 0, -1, 0, 0, 0, -1, 1, 1, -1, 0, -1, 1, -2, 1]","[13, 15, 13, 11, 8, 12, 15, 9, 12, 14, 12, 12, 12, 15, 15, 11, 12, 13, 9, 15]",0.9230448717948718,0.08917760769736359,0.47385431592127053,0.8629191776969729,0.49334184011756227,0.47385431592127053,-1.0,-1.0,0.045564516129032256,0.4612903225806452,0.5774193548387097,0.5774193548387097,-1.0,-1.0
rtdetr-x_dataset_2_exp_dataset_quality_249,0.6,0.8466981132075472,0.806225774829855,"[-1, 1, 1, 0, 0, -1, 1, -1, 0, 0, 0, -1, 1, 1, -1, 0, 0, 1, -1, 1]","[13, 15, 13, 11, 8, 12, 15, 9, 12, 14, 12, 12, 12, 15, 15, 11, 12, 13, 9, 15]",0.9481837606837606,0.03987476628936653,0.4681483784902217,0.8539327368842169,0.4866616540266639,0.4681483784902217,-1.0,-1.0,0.045564516129032256,0.4612903225806452,0.5697580645161291,0.5697580645161291,-1.0,-1.0
rtdetr-x_dataset_2_exp_dataset_quality_249,0.7,-18.900326797385617,8.214236678506794,"[7, 6, 12, 9, 6, 9, 7, 7, 7, 9, 5, 9, 9, 8, 4, 8, 8, 6, 14]","[13, 15, 13, 11, 12, 15, 9, 12, 14, 12, 12, 12, 15, 15, 11, 12, 13, 9, 15]",0.3717621559726823,0.16086306238833237,0.18713641969061043,0.33430358951014466,0.19438075091584378,0.18713641969061043,-1.0,-1.0,0.045564516129032256,0.2189516129032258,0.2189516129032258,0.2189516129032258,-1.0,-1.0
rtdetr-x_dataset_2_exp_dataset_quality_250,0.29,0.7995283018867925,0.9219544457292888,"[-1, 0, 0, 1, -2, -1, 0, 0, 0, 0, 0, 0, 2, 2, -1, 0, 0, 0, 0, -1]","[13, 15, 13, 11, 8, 12, 15, 9, 12, 14, 12, 12, 12, 15, 15, 11, 12, 13, 9, 15]",0.9532750582750584,0.06870447870340617,0.6711272180258292,0.969884722907837,0.8376062487962277,0.6711272180258292,-1.0,-1.0,0.05887096774193549,0.5911290322580645,0.7286290322580645,0.7286290322580645,-1.0,-1.0
rtdetr-x_dataset_2_exp_dataset_quality_250,0.4,0.8113207547169812,0.8944271909999159,"[0, 0, 0, 1, -2, -1, 0, 0, 0, 0, 0, 0, 2, 2, -1, 0, 0, 0, 0, -1]","[13, 15, 13, 11, 8, 12, 15, 9, 12, 14, 12, 12, 12, 15, 15, 11, 12, 13, 9, 15]",0.9571212121212123,0.06905850516037997,0.6711272180258292,0.969884722907837,0.8376062487962277,0.6711272180258292,-1.0,-1.0,0.05887096774193549,0.5911290322580645,0.7286290322580645,0.7286290322580645,-1.0,-1.0
rtdetr-x_dataset_2_exp_dataset_quality_250,0.5,0.8231132075471699,0.8660254037844386,"[0, 0, 0, 1, -2, -1, 0, 0, 0, 0, 0, 0, 2, 2, -1, 0, 0, 0, 0, 0]","[13, 15, 13, 11, 8, 12, 15, 9, 12, 14, 12, 12, 12, 15, 15, 11, 12, 13, 9, 15]",0.9604545454545456,0.06943775909050837,0.6711272180258292,0.969884722907837,0.8376062487962277,0.6711272180258292,-1.0,-1.0,0.05887096774193549,0.5911290322580645,0.7286290322580645,0.7286290322580645,-1.0,-1.0
rtdetr-x_dataset_2_exp_dataset_quality_250,0.6,0.8349056603773585,0.8366600265340756,"[0, 0, 0, 1, -2, 0, 0, 0, 0, 0, 0, 0, 2, 2, -1, 0, 0, 0, 0, 0]","[13, 15, 13, 11, 8, 12, 15, 9, 12, 14, 12, 12, 12, 15, 15, 11, 12, 13, 9, 15]",0.9646212121212121,0.06918500205047046,0.6711272180258292,0.969884722907837,0.8376062487962277,0.6711272180258292,-1.0,-1.0,0.05887096774193549,0.5911290322580645,0.7286290322580645,0.7286290322580645,-1.0,-1.0
rtdetr-x_dataset_2_exp_dataset_quality_250,0.7,0.8349056603773585,0.8366600265340756,"[0, 0, 0, 1, -2, 0, 0, 0, 0, 0, 0, 0, 2, 2, -1, 0, 0, 0, 0, 0]","[13, 15, 13, 11, 8, 12, 15, 9, 12, 14, 12, 12, 12, 15, 15, 11, 12, 13, 9, 15]",0.9646212121212121,0.06918500205047046,0.6711272180258292,0.969884722907837,0.8376062487962277,0.6711272180258292,-1.0,-1.0,0.05887096774193549,0.5911290322580645,0.7286290322580645,0.7286290322580645,-1.0,-1.0
rtdetr-x_dataset_2_exp_dataset_quality_250,0.8,0.7523584905660378,1.02469507659596,"[0, 0, 0, 1, 1, 0, 2, 1, 0, 0, 1, 0, 2, 2, 0, 0, 0, 2, 1, 0]","[13, 15, 13, 11, 8, 12, 15, 9, 12, 14, 12, 12, 12, 15, 15, 11, 12, 13, 9, 15]",0.9445677933177935,0.06366814231327288,0.6498200623466592,0.9403834000421321,0.810974170501898,0.6498200623466592,-1.0,-1.0,0.05887096774193549,0.5830645161290323,0.705241935483871,0.705241935483871,-1.0,-1.0
rtdetr-x_dataset_2_exp_dataset_quality_251,0.29,0.964622641509434,0.3872983346207417,"[-1, 0, 0, 0, -1, 0, 0, 0, 0, 0, 0, 0, 0, 1, 0, 0, 0, 0, 0, 0]","[13, 15, 13, 11, 8, 12, 15, 9, 12, 14, 12, 12, 12, 15, 15, 11, 12, 13, 9, 15]",0.9865705128205129,0.03345114474100837,0.7549326305994724,0.9857824288221413,0.9256203239585787,0.7549326305994724,-1.0,-1.0,0.06532258064516128,0.6459677419354839,0.8129032258064516,0.8129032258064516,-1.0,-1.0
rtdetr-x_dataset_2_exp_dataset_quality_251,0.4,0.964622641509434,0.3872983346207417,"[-1, 0, 0, 0, -1, 0, 0, 0, 0, 0, 0, 0, 0, 1, 0, 0, 0, 0, 0, 0]","[13, 15, 13, 11, 8, 12, 15, 9, 12, 14, 12, 12, 12, 15, 15, 11, 12, 13, 9, 15]",0.9865705128205129,0.03345114474100837,0.7549326305994724,0.9857824288221413,0.9256203239585787,0.7549326305994724,-1.0,-1.0,0.06532258064516128,0.6459677419354839,0.8129032258064516,0.8129032258064516,-1.0,-1.0
rtdetr-x_dataset_2_exp_dataset_quality_251,0.5,0.964622641509434,0.3872983346207417,"[-1, 0, 0, 0, -1, 0, 0, 0, 0, 0, 0, 0, 0, 1, 0, 0, 0, 0, 0, 0]","[13, 15, 13, 11, 8, 12, 15, 9, 12, 14, 12, 12, 12, 15, 15, 11, 12, 13, 9, 15]",0.9865705128205129,0.03345114474100837,0.7549326305994724,0.9857824288221413,0.9256203239585787,0.7549326305994724,-1.0,-1.0,0.06532258064516128,0.6459677419354839,0.8129032258064516,0.8129032258064516,-1.0,-1.0
rtdetr-x_dataset_2_exp_dataset_quality_251,0.6,0.9528301886792453,0.4472135954999579,"[-1, 0, 0, 0, 0, 0, 0, 1, 0, 0, 0, 0, 0, 1, 1, 0, 0, 0, 0, 0]","[13, 15, 13, 11, 8, 12, 15, 9, 12, 14, 12, 12, 12, 15, 15, 11, 12, 13, 9, 15]",0.983931623931624,0.03315710593149903,0.7529731280359752,0.9759938839833685,0.9256188574349142,0.7529731280359752,-1.0,-1.0,0.06532258064516128,0.6455645161290323,0.8096774193548386,0.8096774193548386,-1.0,-1.0
rtdetr-x_dataset_2_exp_dataset_quality_251,0.7,0.7405660377358492,1.0488088481701516,"[-1, 1, 0, 1, 1, 0, 1, 1, 0, 0, 2, 0, 0, 2, 1, 1, 0, 2, 1, 1]","[13, 15, 13, 11, 8, 12, 15, 9, 12, 14, 12, 12, 12, 15, 15, 11, 12, 13, 9, 15]",0.9336761849261851,0.055582122519527384,0.7198114857430153,0.9268253648800512,0.8873299302168504,0.7198114857430153,-1.0,-1.0,0.06532258064516128,0.6399193548387097,0.7737903225806451,0.7737903225806451,-1.0,-1.0
rtdetr-x_dataset_2_exp_dataset_quality_251,0.8,-25.94186046511628,10.87263931684877,"[12, 11, 6, 9, 11, 10, 11, 14, 14, 10, 11, 10, 7, 13]","[15, 13, 8, 12, 12, 12, 12, 15, 15, 11, 12, 13, 9, 15]",0.14864857364857367,0.06839927698635147,0.07871137828068521,0.10891089108910891,0.09861386138613862,0.07871137828068521,-1.0,-1.0,0.04475806451612903,0.07903225806451612,0.07903225806451612,0.07903225806451612,-1.0,-1.0
rtdetr-x_dataset_2_exp_dataset_quality_252,0.29,0.5636792452830189,1.3601470508735443,"[-2, -1, 0, -1, -1, -1, 0, -1, 0, 0, -1, 0, 0, 1, -2, 0, -2, -1, -4, -1]","[13, 15, 13, 11, 8, 12, 15, 9, 12, 14, 12, 12, 12, 15, 15, 11, 12, 13, 9, 15]",0.9165549728049729,0.09921394341083394,0.5352310566573296,0.9205650081602916,0.6064936307231705,0.5352310566573296,-1.0,-1.0,0.054435483870967735,0.5048387096774194,0.6262096774193548,0.6262096774193548,-1.0,-1.0
rtdetr-x_dataset_2_exp_dataset_quality_252,0.4,0.7641509433962265,1.0,"[-2, -1, 1, -1, -1, -1, 0, 0, 0, 0, 0, 0, 0, 1, -2, 0, -2, -1, -1, 0]","[13, 15, 13, 11, 8, 12, 15, 9, 12, 14, 12, 12, 12, 15, 15, 11, 12, 13, 9, 15]",0.9424310411810412,0.05781145600184017,0.5352310566573296,0.9205650081602916,0.6064936307231705,0.5352310566573296,-1.0,-1.0,0.054435483870967735,0.5048387096774194,0.6262096774193548,0.6262096774193548,-1.0,-1.0
rtdetr-x_dataset_2_exp_dataset_quality_252,0.5,0.8349056603773585,0.8366600265340756,"[-1, -1, 1, 0, -1, -1, 0, 0, 0, 1, 0, 0, 0, 1, -2, 0, -1, -1, -1, 0]","[13, 15, 13, 11, 8, 12, 15, 9, 12, 14, 12, 12, 12, 15, 15, 11, 12, 13, 9, 15]",0.9514178876678878,0.046997511583683316,0.5352310566573296,0.9205650081602916,0.6064936307231705,0.5352310566573296,-1.0,-1.0,0.054435483870967735,0.5048387096774194,0.6254032258064517,0.6254032258064517,-1.0,-1.0
rtdetr-x_dataset_2_exp_dataset_quality_252,0.6,-10.757075471698112,7.060453243241541,"[7, 3, 7, 9, 6, 8, 8, 5, 7, 10, 5, 3, 3, 13, 5, 3, 8, 6, 5, 10]","[13, 15, 13, 11, 8, 12, 15, 9, 12, 14, 12, 12, 12, 15, 15, 11, 12, 13, 9, 15]",0.4680949605949607,0.19067230572711408,0.2674832984822379,0.44108423919600254,0.3039896159079507,0.2674832984822379,-1.0,-1.0,0.054435483870967735,0.2935483870967742,0.2963709677419355,0.2963709677419355,-1.0,-1.0
rtdetr-x_dataset_2_exp_dataset_quality_253,0.29,0.8820754716981132,0.7071067811865476,"[-2, 0, 0, 0, -1, 0, 0, 0, 0, 0, 1, -1, 0, 1, -1, 0, -1, 0, 0, 0]","[13, 15, 13, 11, 8, 12, 15, 9, 12, 14, 12, 12, 12, 15, 15, 11, 12, 13, 9, 15]",0.9668910256410257,0.048524106181058194,0.6667507234753401,0.9789596545089669,0.8142636431551541,0.6667507234753401,-1.0,-1.0,0.06370967741935483,0.5794354838709677,0.728225806451613,0.728225806451613,-1.0,-1.0
rtdetr-x_dataset_2_exp_dataset_quality_253,0.4,0.8702830188679246,0.7416198487095663,"[-2, 0, 0, 0, 1, 0, 0, 1, 0, 0, 1, -1, 0, 1, -1, 0, -1, 0, 0, 0]","[13, 15, 13, 11, 8, 12, 15, 9, 12, 14, 12, 12, 12, 15, 15, 11, 12, 13, 9, 15]",0.9613354700854702,0.05072604006700639,0.6648491789663281,0.9692936070092084,0.8142636431551541,0.6648491789663281,-1.0,-1.0,0.06370967741935483,0.5766129032258063,0.7254032258064516,0.7254032258064516,-1.0,-1.0
rtdetr-x_dataset_2_exp_dataset_quality_253,0.5,0.8584905660377359,0.7745966692414834,"[-2, 0, 0, 0, 1, 0, 1, 1, 0, 0, 1, -1, 0, 1, -1, 0, -1, 0, 0, 0]","[13, 15, 13, 11, 8, 12, 15, 9, 12, 14, 12, 12, 12, 15, 15, 11, 12, 13, 9, 15]",0.9580021367521369,0.05026408975826694,0.6609802378553497,0.9595914319724276,0.8142636431551541,0.6609802378553497,-1.0,-1.0,0.06370967741935483,0.5766129032258063,0.7229838709677419,0.7229838709677419,-1.0,-1.0
rtdetr-x_dataset_2_exp_dataset_quality_253,0.6,0.5165094339622642,1.4317821063276353,"[-2, 0, 0, 2, 2, 0, 2, 1, 0, 0, 3, 0, 0, 3, 1, 1, -1, 1, 1, 1]","[13, 15, 13, 11, 8, 12, 15, 9, 12, 14, 12, 12, 12, 15, 15, 11, 12, 13, 9, 15]",0.9112140637140638,0.08262921165016357,0.628278952051454,0.9108785469222156,0.7705977060892173,0.628278952051454,-1.0,-1.0,0.06370967741935483,0.5661290322580644,0.6850806451612903,0.6850806451612903,-1.0,-1.0
rtdetr-x_dataset_2_exp_dataset_quality_253,0.7,-33.73267326732673,9.871395263307232,"[8, 7, 10, 10, 7, 14, 7, 13, 11, 7, 8, 14, 11, 10, 9, 11, 5, 10]","[13, 15, 13, 11, 12, 15, 12, 14, 12, 12, 12, 15, 15, 11, 12, 13, 9, 15]",0.25834751668085,0.15267547960937283,0.17656071228085252,0.235106561503608,0.21798826371741287,0.17656071228085252,-1.0,-1.0,0.058064516129032254,0.18749999999999997,0.18749999999999997,0.18749999999999997,-1.0,-1.0
rtdetr-x_dataset_2_exp_dataset_quality_254,0.29,0.8820754716981132,0.7071067811865476,"[-1, 0, -2, 0, 0, 0, 0, 1, 0, 0, 0, -1, 1, 1, -1, 0, 0, 0, 0, 0]","[13, 15, 13, 11, 8, 12, 15, 9, 12, 14, 12, 12, 12, 15, 15, 11, 12, 13, 9, 15]",0.967905982905983,0.04696207882008113,0.6901625914146726,0.9745902926694805,0.8377621188002873,0.6901625914146726,-1.0,-1.0,0.062096774193548386,0.605241935483871,0.7451612903225807,0.7451612903225807,-1.0,-1.0
rtdetr-x_dataset_2_exp_dataset_quality_254,0.4,0.9056603773584906,0.6324555320336759,"[-1, 0, -1, 0, 1, 0, 0, 1, 0, 0, 0, -1, 1, 1, -1, 0, 0, 0, 0, 0]","[13, 15, 13, 11, 8, 12, 15, 9, 12, 14, 12, 12, 12, 15, 15, 11, 12, 13, 9, 15]",0.9655021367521368,0.04403448929156849,0.6874932844839795,0.9649269263328468,0.8377621188002873,0.6874932844839795,-1.0,-1.0,0.062096774193548386,0.6024193548387097,0.7423387096774194,0.7423387096774194,-1.0,-1.0
rtdetr-x_dataset_2_exp_dataset_quality_254,0.5,0.8113207547169812,0.8944271909999159,"[0, 0, -1, 2, 1, 0, 2, 1, 0, 0, 0, -1, 1, 1, 0, 0, 0, 1, 1, 0]","[13, 15, 13, 11, 8, 12, 15, 9, 12, 14, 12, 12, 12, 15, 15, 11, 12, 13, 9, 15]",0.9475223387723387,0.05755064784326738,0.6718553377472227,0.9454308303817881,0.8197988939063693,0.6718553377472227,-1.0,-1.0,0.062096774193548386,0.5979838709677419,0.725,0.725,-1.0,-1.0
rtdetr-x_dataset_2_exp_dataset_quality_254,0.6,-5.202830188679244,5.128352561983234,"[5, 4, 4, 5, 5, 1, 10, 5, 3, 2, 6, 4, 3, 5, 4, 4, 4, 7, 4, 9]","[13, 15, 13, 11, 8, 12, 15, 9, 12, 14, 12, 12, 12, 15, 15, 11, 12, 13, 9, 15]",0.6149929237429237,0.15587315768924379,0.4550506919754825,0.6105824868201106,0.5476802929261453,0.4550506919754825,-1.0,-1.0,0.062096774193548386,0.47540322580645167,0.4899193548387098,0.4899193548387098,-1.0,-1.0
rtdetr-x_dataset_2_exp_dataset_quality_255,0.29,0.8584905660377359,0.7745966692414834,"[1, 1, -1, 1, -2, 0, 0, 0, 0, 0, -1, 0, 1, 1, 0, 0, 0, 0, 0, 1]","[13, 15, 13, 11, 8, 12, 15, 9, 12, 14, 12, 12, 12, 15, 15, 11, 12, 13, 9, 15]",0.9569289044289044,0.06029868119821436,0.675383759607435,0.9688207265980218,0.8086995452558813,0.675383759607435,-1.0,-1.0,0.06532258064516129,0.5967741935483871,0.7270161290322581,0.7270161290322581,-1.0,-1.0
rtdetr-x_dataset_2_exp_dataset_quality_255,0.4,0.9174528301886793,0.5916079783099616,"[1, 1, 0, 1, 0, 0, 0, 1, 0, 0, 0, 0, 1, 1, 0, 0, 0, 0, 0, 1]","[13, 15, 13, 11, 8, 12, 15, 9, 12, 14, 12, 12, 12, 15, 15, 11, 12, 13, 9, 15]",0.9718861693861693,0.039368343835937035,0.6744098254793282,0.959081385316955,0.8086995452558813,0.6744098254793282,-1.0,-1.0,0.06532258064516129,0.5951612903225807,0.7254032258064516,0.7254032258064516,-1.0,-1.0
rtdetr-x_dataset_2_exp_dataset_quality_255,0.5,0.8938679245283019,0.6708203932499369,"[1, 1, 0, 1, 1, 0, 0, 1, 0, 0, 0, 0, 1, 1, 0, 0, 0, 1, 0, 1]","[13, 15, 13, 11, 8, 12, 15, 9, 12, 14, 12, 12, 12, 15, 15, 11, 12, 13, 9, 15]",0.9617900155400155,0.044242050629476344,0.6681138209591728,0.9492108206636564,0.7999077947115322,0.6681138209591728,-1.0,-1.0,0.06532258064516129,0.5919354838709677,0.7197580645161291,0.7197580645161291,-1.0,-1.0
rtdetr-x_dataset_2_exp_dataset_quality_255,0.6,-8.198113207547168,6.244997998398398,"[7, 7, 5, 5, 4, 2, 10, 7, 3, 7, 6, 5, 4, 9, 6, 4, 7, 7, 4, 9]","[13, 15, 13, 11, 8, 12, 15, 9, 12, 14, 12, 12, 12, 15, 15, 11, 12, 13, 9, 15]",0.5257362082362083,0.13749543234836384,0.39179620980962826,0.5247524752475248,0.46875935906686605,0.39179620980962826,-1.0,-1.0,0.06532258064516129,0.4120967741935484,0.4120967741935484,0.4120967741935484,-1.0,-1.0
rtdetr-x_dataset_2_exp_dataset_quality_256,0.29,0.7759433962264151,0.9746794344808963,"[-2, 0, -1, 0, -2, -2, 0, 1, 0, -1, 0, -1, 0, 1, -1, 0, 0, 0, -1, 0]","[13, 15, 13, 11, 8, 12, 15, 9, 12, 14, 12, 12, 12, 15, 15, 11, 12, 13, 9, 15]",0.9421123321123321,0.07016789397553497,0.5391163299786502,0.9160285725501226,0.6458508617614345,0.5391163299786502,-1.0,-1.0,0.04475806451612903,0.5036290322580645,0.6479838709677419,0.6479838709677419,-1.0,-1.0
rtdetr-x_dataset_2_exp_dataset_quality_256,0.4,0.8466981132075472,0.806225774829855,"[-2, 0, -1, 0, -1, -1, 0, 1, 0, -1, 0, -1, 0, 1, -1, 0, 0, 0, -1, 0]","[13, 15, 13, 11, 8, 12, 15, 9, 12, 14, 12, 12, 12, 15, 15, 11, 12, 13, 9, 15]",0.9525289987789988,0.0513381224320084,0.5391163299786502,0.9160285725501226,0.6458508617614345,0.5391163299786502,-1.0,-1.0,0.04475806451612903,0.5036290322580645,0.6479838709677419,0.6479838709677419,-1.0,-1.0
rtdetr-x_dataset_2_exp_dataset_quality_256,0.5,0.8466981132075472,0.806225774829855,"[-2, 0, -1, 0, 1, -1, 0, 1, 0, -1, 0, -1, 0, 1, -1, 0, 0, 0, -1, 0]","[13, 15, 13, 11, 8, 12, 15, 9, 12, 14, 12, 12, 12, 15, 15, 11, 12, 13, 9, 15]",0.9525289987789988,0.0513381224320084,0.5366821118906312,0.9160221015161655,0.6458508617614345,0.5366821118906312,-1.0,-1.0,0.04475806451612903,0.4999999999999999,0.6443548387096775,0.6443548387096775,-1.0,-1.0
rtdetr-x_dataset_2_exp_dataset_quality_256,0.6,-8.457547169811319,6.332456079595025,"[6, 4, 4, 9, 5, 4, 13, 7, 2, 4, 7, 2, 5, 9, 6, 3, 5, 10, 3, 6]","[13, 15, 13, 11, 8, 12, 15, 9, 12, 14, 12, 12, 12, 15, 15, 11, 12, 13, 9, 15]",0.5366068653568654,0.2113340858563269,0.2839524601498705,0.4803066654562951,0.34871288880568263,0.2839524601498705,-1.0,-1.0,0.04475806451612903,0.33870967741935487,0.34233870967741936,0.34233870967741936,-1.0,-1.0
rtdetr-x_dataset_2_exp_dataset_quality_257,0.29,0.634433962264151,1.2449899597988732,"[-1, 0, -1, -1, -4, -1, 0, 0, 1, -1, -1, -1, -1, 1, 1, 0, -1, -1, -1, -1]","[13, 15, 13, 11, 8, 12, 15, 9, 12, 14, 12, 12, 12, 15, 15, 11, 12, 13, 9, 15]",0.9147890997890997,0.10080816227704247,0.6153744525467537,0.9549117517015604,0.8175692784316818,0.6153744525467537,-1.0,-1.0,0.055645161290322584,0.5463709677419355,0.6814516129032258,0.6814516129032258,-1.0,-1.0
rtdetr-x_dataset_2_exp_dataset_quality_257,0.4,0.7641509433962265,1.0,"[-1, 0, 0, 0, -2, 0, 0, 0, 1, 0, 0, -1, 0, 1, 3, 0, -1, 0, -1, -1]","[13, 15, 13, 11, 8, 12, 15, 9, 12, 14, 12, 12, 12, 15, 15, 11, 12, 13, 9, 15]",0.948931623931624,0.07011614661141176,0.6153744525467537,0.9549117517015604,0.8175692784316818,0.6153744525467537,-1.0,-1.0,0.055645161290322584,0.5463709677419355,0.6810483870967742,0.6810483870967742,-1.0,-1.0
rtdetr-x_dataset_2_exp_dataset_quality_257,0.5,0.268867924528302,1.760681686165901,"[-1, 2, 0, 0, -1, 0, 0, 0, 1, 0, 0, -1, 0, 1, 7, 0, -1, 1, -1, -1]","[13, 15, 13, 11, 8, 12, 15, 9, 12, 14, 12, 12, 12, 15, 15, 11, 12, 13, 9, 15]",0.9313354700854701,0.10266119591868274,0.6053868860015116,0.9355925630199428,0.8003666112261858,0.6053868860015116,-1.0,-1.0,0.055645161290322584,0.542741935483871,0.6685483870967742,0.6685483870967742,-1.0,-1.0
rtdetr-x_dataset_2_exp_dataset_quality_257,0.6,-0.8407859078590787,2.7434131641941364,"[0, 4, 0, 1, 1, 1, 5, 2, 6, 1, 4, -1, 1, 3, 2, 1, 3, 4, -1]","[13, 15, 13, 11, 8, 12, 15, 9, 12, 14, 12, 12, 12, 15, 11, 12, 13, 9, 15]",0.8210565750039434,0.13943092817463,0.5050358106760087,0.7610559471313277,0.6838084532634905,0.5050358106760087,-1.0,-1.0,0.054032258064516135,0.4870967741935483,0.5552419354838709,0.5552419354838709,-1.0,-1.0
rtdetr-x_dataset_2_exp_dataset_quality_257,0.7,,12.0,[12],[13],0.07692307692307687,0.0,0.006930693069306929,0.0099009900990099,0.0099009900990099,0.006930693069306929,-1.0,-1.0,0.00282258064516129,0.00282258064516129,0.00282258064516129,0.00282258064516129,-1.0,-1.0
rtdetr-x_dataset_2_exp_dataset_quality_258,0.29,0.5754716981132075,1.3416407864998738,"[-2, 0, -1, 1, 2, 1, 1, 2, 0, -1, 1, 0, 2, 3, -1, -1, -1, 1, -1, 0]","[13, 15, 13, 11, 8, 12, 15, 9, 12, 14, 12, 12, 12, 15, 15, 11, 12, 13, 9, 15]",0.9052863802863802,0.0705155744827509,0.36809869666508893,0.842193714651931,0.21161453589224874,0.36809869666508893,-1.0,-1.0,0.03185483870967742,0.382258064516129,0.4790322580645162,0.4790322580645162,-1.0,-1.0
rtdetr-x_dataset_2_exp_dataset_quality_258,0.4,-24.379797979797985,9.324225247739795,"[9, 12, 11, 10, 11, 13, 8, 7, 12, 4, 8, 7, 5, 9, 9, 5, 12]","[13, 15, 13, 11, 12, 15, 9, 12, 14, 12, 12, 15, 11, 12, 13, 9, 15]",0.2894513982749277,0.172460568703564,0.1007032962884139,0.23413587260365382,0.06270627062706272,0.1007032962884139,-1.0,-1.0,0.029032258064516127,0.11895161290322583,0.11895161290322583,0.11895161290322583,-1.0,-1.0
rtdetr-x_dataset_2_exp_dataset_quality_259,0.29,0.9056603773584906,0.6324555320336759,"[0, 0, 0, 1, -1, 0, 0, 0, 1, 0, 1, -1, 0, 1, 0, 0, -1, -1, 0, 0]","[13, 15, 13, 11, 8, 12, 15, 9, 12, 14, 12, 12, 12, 15, 15, 11, 12, 13, 9, 15]",0.9653583916083915,0.04360505942909729,0.5376649308417216,0.9254399182001241,0.6303285115201938,0.5376649308417216,-1.0,-1.0,0.048790322580645154,0.5112903225806452,0.6350806451612903,0.6350806451612903,-1.0,-1.0
rtdetr-x_dataset_2_exp_dataset_quality_259,0.4,0.9056603773584906,0.6324555320336759,"[0, 0, 0, 1, -1, 0, 0, 1, 1, 0, 1, -1, 0, 1, 0, 0, -1, 0, 0, 0]","[13, 15, 13, 11, 8, 12, 15, 9, 12, 14, 12, 12, 12, 15, 15, 11, 12, 13, 9, 15]",0.9636489898989898,0.0458418178834623,0.5359813616750885,0.9254399182001241,0.6226722803100282,0.5359813616750885,-1.0,-1.0,0.048790322580645154,0.5084677419354839,0.632258064516129,0.632258064516129,-1.0,-1.0
rtdetr-x_dataset_2_exp_dataset_quality_259,0.5,0.9174528301886793,0.5916079783099616,"[0, 0, 0, 1, 0, 0, 0, 1, 1, 0, 1, -1, 0, 1, 0, 0, -1, 0, 0, 0]","[13, 15, 13, 11, 8, 12, 15, 9, 12, 14, 12, 12, 12, 15, 15, 11, 12, 13, 9, 15]",0.9698989898989898,0.041659901501601634,0.5359813616750885,0.9254399182001241,0.6226722803100282,0.5359813616750885,-1.0,-1.0,0.048790322580645154,0.5084677419354839,0.632258064516129,0.632258064516129,-1.0,-1.0
rtdetr-x_dataset_2_exp_dataset_quality_259,0.6,-4.412735849056603,4.790615826801393,"[4, 4, 3, 4, 3, 4, 9, 4, 3, 4, 8, 2, 1, 9, 5, 0, 6, 6, 2, 2]","[13, 15, 13, 11, 8, 12, 15, 9, 12, 14, 12, 12, 12, 15, 15, 11, 12, 13, 9, 15]",0.6687824675324676,0.17190492798769694,0.3666518211495369,0.6259928697440729,0.4419438392696044,0.3666518211495369,-1.0,-1.0,0.048790322580645154,0.4193548387096773,0.43427419354838703,0.43427419354838703,-1.0,-1.0
rtdetr-x_dataset_2_exp_dataset_quality_260,0.29,0.6108490566037736,1.284523257866513,"[-3, 0, -2, 0, -3, 0, -1, -1, 0, -1, -1, -1, 1, 1, -1, 0, 0, -1, -1, 1]","[13, 15, 13, 11, 8, 12, 15, 9, 12, 14, 12, 12, 12, 15, 15, 11, 12, 13, 9, 15]",0.917657203907204,0.0883920316745021,0.6175857940619766,0.946859502056737,0.7366600775643309,0.6175857940619766,-1.0,-1.0,0.05241935483870967,0.5612903225806452,0.7064516129032258,0.7064516129032258,-1.0,-1.0
rtdetr-x_dataset_2_exp_dataset_quality_260,0.4,0.8466981132075472,0.806225774829855,"[-2, 0, -1, 0, 1, 0, 0, 1, 0, 0, 0, -1, 1, 1, -1, 0, 0, 0, -1, 1]","[13, 15, 13, 11, 8, 12, 15, 9, 12, 14, 12, 12, 12, 15, 15, 11, 12, 13, 9, 15]",0.952767094017094,0.051237403774821035,0.6154451452144831,0.946859502056737,0.7366600775643309,0.6154451452144831,-1.0,-1.0,0.05241935483870967,0.5568548387096773,0.702016129032258,0.702016129032258,-1.0,-1.0
rtdetr-x_dataset_2_exp_dataset_quality_260,0.5,-16.287940379403793,8.407390232784238,"[7, 8, 9, 10, 6, 9, 8, 4, 10, 11, 7, 5, 11, 9, 5, 9, 10, 7, 10]","[13, 15, 13, 11, 8, 12, 9, 12, 14, 12, 12, 12, 15, 15, 11, 12, 13, 9, 15]",0.3274777853725222,0.15981541936879626,0.19481953952466535,0.3008935508935509,0.2402561233653298,0.19481953952466535,-1.0,-1.0,0.04919354838709677,0.2157258064516129,0.2157258064516129,0.2157258064516129,-1.0,-1.0
rtdetr-x_dataset_2_exp_dataset_quality_261,0.29,0.8938679245283019,0.6708203932499369,"[-1, 0, 0, 0, 0, 0, 0, 1, 0, 0, 0, 0, 2, 1, -1, 0, 0, 1, 0, 0]","[13, 15, 13, 11, 8, 12, 15, 9, 12, 14, 12, 12, 12, 15, 15, 11, 12, 13, 9, 15]",0.9717521367521368,0.047375009047091424,0.6393420928361815,0.9629187408536772,0.7780676009850497,0.6393420928361815,-1.0,-1.0,0.06653225806451613,0.5669354838709678,0.7080645161290323,0.7080645161290323,-1.0,-1.0
rtdetr-x_dataset_2_exp_dataset_quality_261,0.4,0.6226415094339623,1.2649110640673518,"[-1, 1, 0, 2, 1, 0, 1, 3, 0, 2, 1, 0, 2, 1, -1, 1, 0, 1, 1, 1]","[13, 15, 13, 11, 8, 12, 15, 9, 12, 14, 12, 12, 12, 15, 15, 11, 12, 13, 9, 15]",0.9138895826395826,0.0778752052484345,0.6057579751862434,0.9140199734259139,0.7436364027631867,0.6057579751862434,-1.0,-1.0,0.06653225806451613,0.5532258064516129,0.6701612903225806,0.6701612903225806,-1.0,-1.0
rtdetr-x_dataset_2_exp_dataset_quality_261,0.5,-21.355046528274872,9.817784316682094,"[11, 12, 12, 10, 5, 6, 8, 7, 10, 10, 8, 13, 14, 8, 9, 11, 6, 11]","[13, 15, 13, 11, 8, 12, 9, 12, 14, 12, 12, 15, 15, 11, 12, 13, 9, 15]",0.23259687843021176,0.12159205499638578,0.1503876397375339,0.1968316831683168,0.18165030125303552,0.1503876397375339,-1.0,-1.0,0.06048387096774194,0.1556451612903226,0.1556451612903226,0.1556451612903226,-1.0,-1.0
rtdetr-x_dataset_2_exp_dataset_quality_262,0.29,-75.33333333333333,10.088497300281038,"[11, 12, 10, 9, 11, 10, 7, 10, 10]","[13, 15, 12, 12, 14, 12, 12, 11, 13]",0.20997890997891,0.08560392645668846,0.04401090109010901,0.08591859185918593,0.03902533110453902,0.04401090109010901,-1.0,-1.0,0.015725806451612902,0.04516129032258065,0.04516129032258065,0.04516129032258065,-1.0,-1.0
rtdetr-x_dataset_2_exp_dataset_quality_263,0.29,0.044811320754717054,2.0124611797498106,"[0, 0, 1, 2, 0, 0, 2, 2, 2, 3, 2, 1, 2, 4, 3, 3, 3, -1, 1, 1]","[13, 15, 13, 11, 8, 12, 15, 9, 12, 14, 12, 12, 12, 15, 15, 11, 12, 13, 9, 15]",0.8671994671994673,0.08952948657655292,0.3313222664564928,0.8340578460831156,0.17217650981505317,0.3313222664564928,-1.0,-1.0,0.04193548387096774,0.3495967741935484,0.4020161290322581,0.4020161290322581,-1.0,-1.0
rtdetr-x_dataset_2_exp_dataset_quality_263,0.4,-0.3443396226415092,2.3874672772626644,"[0, 0, 1, 4, 2, 0, 2, 3, 2, 3, 3, 1, 2, 4, 3, 3, 4, 1, 1, 1]","[13, 15, 13, 11, 8, 12, 15, 9, 12, 14, 12, 12, 12, 15, 15, 11, 12, 13, 9, 15]",0.8317196692196692,0.11256111609668995,0.3217511377048133,0.7951150094917643,0.17217650981505317,0.3217511377048133,-1.0,-1.0,0.04193548387096774,0.34233870967741936,0.3919354838709677,0.3919354838709677,-1.0,-1.0
rtdetr-x_dataset_2_exp_dataset_quality_263,0.5,-16.97979797979798,10.547511554864494,"[14, 10, 7, 10]","[15, 11, 8, 11]",0.09337121212121213,0.0207703939078054,0.01287128712871287,0.019801980198019802,0.019801980198019802,0.01287128712871287,-1.0,-1.0,0.010080645161290322,0.010080645161290322,0.010080645161290322,0.010080645161290322,-1.0,-1.0
rtdetr-x_dataset_2_exp_dataset_quality_264,0.29,-7.891509433962263,6.1400325732035,"[4, 5, 8, 5, 4, 3, 7, 6, 3, 7, 6, 5, 8, 12, 9, 2, 6, 5, 4, 5]","[13, 15, 13, 11, 8, 12, 15, 9, 12, 14, 12, 12, 12, 15, 15, 11, 12, 13, 9, 15]",0.5414083139083139,0.15489922042811452,0.2175600072713737,0.5085716268374036,0.0890404553302092,0.2175600072713737,-1.0,-1.0,0.03870967741935484,0.2604838709677419,0.2604838709677419,0.2604838709677419,-1.0,-1.0
rtdetr-x_dataset_2_exp_dataset_quality_265,0.29,-17.220149253731346,9.00876765916638,"[7, 10, 10, 8, 5, 4, 14, 7, 6, 12, 5, 11, 13, 13, 5, 8, 9, 3, 10]","[13, 15, 13, 11, 8, 12, 15, 9, 12, 14, 12, 12, 15, 15, 11, 12, 13, 9, 15]",0.33639971139971137,0.185327213470373,0.13529608743123847,0.30315268368942155,0.09239823982398239,0.13529608743123847,-1.0,-1.0,0.04112903225806451,0.16370967741935488,0.16370967741935488,0.16370967741935488,-1.0,-1.0
rtdetr-x_dataset_3_exp_dataset_quality_267,0.29,0.7458116695551704,1.0488088481701516,"[-2, -1, -2, -3, -1, 0, 0, 0, 0, 1, 1, -1, 0, 0, 0, 0, 0, 0, 0, 0]","[13, 14, 11, 10, 12, 14, 14, 12, 15, 9, 8, 14, 15, 11, 14, 11, 10, 11, 15, 14]",0.9451017038517039,0.08110771756825812,0.6980993258950622,0.9750738188278028,0.865486213895766,0.6980993258950622,-1.0,-1.0,0.06396761133603239,0.5987854251012147,0.7425101214574898,0.7425101214574898,-1.0,-1.0
rtdetr-x_dataset_3_exp_dataset_quality_267,0.4,0.8497978047371462,0.806225774829855,"[-2, -1, -1, -2, 0, 0, 0, 0, 0, 1, 1, -1, 0, 0, 0, 0, 0, 0, 0, 0]","[13, 14, 11, 10, 12, 14, 14, 12, 15, 9, 8, 14, 15, 11, 14, 11, 10, 11, 15, 14]",0.9588138250638251,0.061717842797162956,0.6980993258950622,0.9750738188278028,0.865486213895766,0.6980993258950622,-1.0,-1.0,0.06396761133603239,0.5987854251012147,0.7425101214574898,0.7425101214574898,-1.0,-1.0
rtdetr-x_dataset_3_exp_dataset_quality_267,0.5,0.8960138648180243,0.6708203932499369,"[-2, -1, 0, -1, 0, 0, 0, 0, 0, 1, 1, -1, 0, 0, 0, 0, 0, 0, 0, 0]","[13, 14, 11, 10, 12, 14, 14, 12, 15, 9, 8, 14, 15, 11, 14, 11, 10, 11, 15, 14]",0.9683592796092796,0.0509022081846054,0.6980993258950622,0.9750738188278028,0.865486213895766,0.6980993258950622,-1.0,-1.0,0.06396761133603239,0.5987854251012147,0.7425101214574898,0.7425101214574898,-1.0,-1.0
rtdetr-x_dataset_3_exp_dataset_quality_267,0.6,0.9191218948584633,0.5916079783099616,"[-1, -1, 1, 0, 0, 0, 0, 0, 0, 1, 1, -1, 0, 0, 0, 1, 0, 0, 0, 0]","[13, 14, 11, 10, 12, 14, 14, 12, 15, 9, 8, 14, 15, 11, 14, 11, 10, 11, 15, 14]",0.9681145243645244,0.0448816080918102,0.6935037014939124,0.9654500564515651,0.865486213895766,0.6935037014939124,-1.0,-1.0,0.06396761133603239,0.5987854251012147,0.7376518218623482,0.7376518218623482,-1.0,-1.0
rtdetr-x_dataset_3_exp_dataset_quality_267,0.7,0.19121894858463317,1.8708286933869707,"[-1, 0, 4, 2, 1, 2, 1, 0, 2, 1, 2, 4, 2, 0, 0, 3, 2, 0, 0, 1]","[13, 14, 11, 10, 12, 14, 14, 12, 15, 9, 8, 14, 15, 11, 14, 11, 10, 11, 15, 14]",0.8802086802086801,0.10842511264367032,0.6416974205978639,0.8775764001114493,0.8017336974531304,0.6416974205978639,-1.0,-1.0,0.06396761133603239,0.5789473684210528,0.680161943319838,0.680161943319838,-1.0,-1.0
rtdetr-x_dataset_3_exp_dataset_quality_268,0.29,0.8960138648180243,0.6708203932499369,"[-1, -1, 0, -2, 0, 1, 0, 0, 0, -1, 0, 1, 0, 0, 0, 0, 0, 0, 0, 0]","[13, 14, 11, 10, 12, 14, 14, 12, 15, 9, 8, 14, 15, 11, 14, 11, 10, 11, 15, 14]",0.969884004884005,0.05264479935763173,0.602216085008978,0.9603052928831166,0.7271067257196573,0.602216085008978,-1.0,-1.0,0.062348178137651825,0.5477732793522267,0.6668016194331985,0.6668016194331985,-1.0,-1.0
rtdetr-x_dataset_3_exp_dataset_quality_268,0.4,0.8960138648180243,0.6708203932499369,"[-1, -1, 0, -2, 0, 1, 0, 0, 0, -1, 0, 1, 0, 0, 0, 0, 0, 0, 0, 0]","[13, 14, 11, 10, 12, 14, 14, 12, 15, 9, 8, 14, 15, 11, 14, 11, 10, 11, 15, 14]",0.969884004884005,0.05264479935763173,0.602216085008978,0.9603052928831166,0.7271067257196573,0.602216085008978,-1.0,-1.0,0.062348178137651825,0.5477732793522267,0.6668016194331985,0.6668016194331985,-1.0,-1.0
rtdetr-x_dataset_3_exp_dataset_quality_268,0.5,0.8960138648180243,0.6708203932499369,"[-1, -1, 0, -2, 0, 1, 0, 0, 0, -1, 0, 1, 0, 0, 0, 0, 0, 0, 0, 0]","[13, 14, 11, 10, 12, 14, 14, 12, 15, 9, 8, 14, 15, 11, 14, 11, 10, 11, 15, 14]",0.969884004884005,0.05264479935763173,0.602216085008978,0.9603052928831166,0.7271067257196573,0.602216085008978,-1.0,-1.0,0.062348178137651825,0.5477732793522267,0.6668016194331985,0.6668016194331985,-1.0,-1.0
rtdetr-x_dataset_3_exp_dataset_quality_268,0.6,0.8960138648180243,0.6708203932499369,"[-1, -1, 0, -2, 0, 1, 0, 0, 0, -1, 0, 1, 0, 0, 0, 0, 0, 0, 0, 0]","[13, 14, 11, 10, 12, 14, 14, 12, 15, 9, 8, 14, 15, 11, 14, 11, 10, 11, 15, 14]",0.969884004884005,0.05264479935763173,0.602216085008978,0.9603052928831166,0.7271067257196573,0.602216085008978,-1.0,-1.0,0.062348178137651825,0.5477732793522267,0.6668016194331985,0.6668016194331985,-1.0,-1.0
rtdetr-x_dataset_3_exp_dataset_quality_268,0.7,0.9075678798382438,0.6324555320336759,"[-1, -1, 0, -1, 0, 1, 0, 0, 1, -1, 0, 1, 0, 0, 0, 1, 0, 0, 0, 0]","[13, 14, 11, 10, 12, 14, 14, 12, 15, 9, 8, 14, 15, 11, 14, 11, 10, 11, 15, 14]",0.967005217005217,0.04153598101739278,0.5973751061732298,0.9507592721867102,0.7192817496736656,0.5973751061732298,-1.0,-1.0,0.062348178137651825,0.5477732793522267,0.6619433198380567,0.6619433198380567,-1.0,-1.0
rtdetr-x_dataset_3_exp_dataset_quality_268,0.8,-4.176198729058348,4.732863826479693,"[1, 5, 2, 8, 2, 8, 3, 3, 10, 2, 1, 10, 3, 0, 2, 4, 3, 0, 4, 3]","[13, 14, 11, 10, 12, 14, 14, 12, 15, 9, 8, 14, 15, 11, 14, 11, 10, 11, 15, 14]",0.7083057220557221,0.22213363566562827,0.4610820208754528,0.6797511695801977,0.5837044365866796,0.4610820208754528,-1.0,-1.0,0.062348178137651825,0.4720647773279352,0.505668016194332,0.505668016194332,-1.0,-1.0
rtdetr-x_dataset_3_exp_dataset_quality_269,0.29,0.8613518197573657,0.7745966692414834,"[-1, -2, 0, -1, 0, 0, 0, 0, 0, 0, 1, 2, 0, 0, 0, 1, 0, 0, 0, 0]","[13, 14, 11, 10, 12, 14, 14, 12, 15, 9, 8, 14, 15, 11, 14, 11, 10, 11, 15, 14]",0.9660726773226773,0.053666416231578085,0.6893683268332665,0.9546252193850298,0.8387719613350811,0.6893683268332665,-1.0,-1.0,0.06518218623481782,0.6060728744939272,0.7412955465587046,0.7412955465587046,-1.0,-1.0
rtdetr-x_dataset_3_exp_dataset_quality_269,0.4,0.8613518197573657,0.7745966692414834,"[-1, -2, 0, -1, 0, 0, 0, 0, 0, 0, 1, 2, 0, 0, 0, 1, 0, 0, 0, 0]","[13, 14, 11, 10, 12, 14, 14, 12, 15, 9, 8, 14, 15, 11, 14, 11, 10, 11, 15, 14]",0.9660726773226773,0.053666416231578085,0.6893683268332665,0.9546252193850298,0.8387719613350811,0.6893683268332665,-1.0,-1.0,0.06518218623481782,0.6060728744939272,0.7412955465587046,0.7412955465587046,-1.0,-1.0
rtdetr-x_dataset_3_exp_dataset_quality_269,0.5,0.9075678798382438,0.6324555320336759,"[-1, -1, 0, 0, 0, 0, 0, 0, 0, 0, 1, 2, 0, 0, 0, 1, 0, 0, 0, 0]","[13, 14, 11, 10, 12, 14, 14, 12, 15, 9, 8, 14, 15, 11, 14, 11, 10, 11, 15, 14]",0.9746441058941059,0.04607515563548175,0.6893683268332665,0.9546252193850298,0.8387719613350811,0.6893683268332665,-1.0,-1.0,0.06518218623481782,0.6060728744939272,0.7412955465587046,0.7412955465587046,-1.0,-1.0
rtdetr-x_dataset_3_exp_dataset_quality_269,0.6,0.9075678798382438,0.6324555320336759,"[-1, -1, 0, 0, 0, 0, 0, 0, 0, 0, 1, 2, 0, 0, 0, 1, 0, 0, 0, 0]","[13, 14, 11, 10, 12, 14, 14, 12, 15, 9, 8, 14, 15, 11, 14, 11, 10, 11, 15, 14]",0.9746441058941059,0.04607515563548175,0.6893683268332665,0.9546252193850298,0.8387719613350811,0.6893683268332665,-1.0,-1.0,0.06518218623481782,0.6060728744939272,0.7412955465587046,0.7412955465587046,-1.0,-1.0
rtdetr-x_dataset_3_exp_dataset_quality_269,0.7,0.8382437897169266,0.8366600265340756,"[-1, -1, 0, 0, 0, 1, 0, 0, 2, 0, 1, 2, 1, 0, 0, 1, 0, 0, 0, 0]","[13, 14, 11, 10, 12, 14, 14, 12, 15, 9, 8, 14, 15, 11, 14, 11, 10, 11, 15, 14]",0.9610726773226773,0.05115386626488967,0.6829488150259466,0.9449667025129345,0.8299665725994864,0.6829488150259466,-1.0,-1.0,0.06518218623481782,0.6060728744939272,0.7327935222672065,0.7327935222672065,-1.0,-1.0
rtdetr-x_dataset_3_exp_dataset_quality_269,0.8,-11.366043613707165,7.412231544588191,"[4, 9, 10, 7, 7, 5, 13, 6, 5, 7, 6, 10, 6, 7, 4, 7, 7]","[13, 14, 11, 12, 14, 12, 15, 9, 8, 15, 11, 14, 11, 10, 11, 15, 14]",0.4223448120506944,0.15808303429301543,0.2779845515916394,0.35309823117143174,0.3495383246189787,0.2779845515916394,-1.0,-1.0,0.055060728744939266,0.2939271255060728,0.2939271255060728,0.2939271255060728,-1.0,-1.0
rtdetr-x_dataset_3_exp_dataset_quality_270,0.29,0.9306759098786829,0.5477225575051661,"[-1, -1, 0, -1, -1, 0, 0, 0, 0, 1, 0, 1, 0, 0, 0, 0, 0, 0, 0, 0]","[13, 14, 11, 10, 12, 14, 14, 12, 15, 9, 8, 14, 15, 11, 14, 11, 10, 11, 15, 14]",0.9742887667887669,0.04011858334232925,0.6406141045312626,0.9681450045315059,0.8032285867335351,0.6406141045312626,-1.0,-1.0,0.06518218623481782,0.5639676113360325,0.6862348178137653,0.6862348178137653,-1.0,-1.0
rtdetr-x_dataset_3_exp_dataset_quality_270,0.4,0.9422299248989023,0.5,"[-1, -1, 0, -1, 0, 0, 0, 0, 0, 1, 0, 1, 0, 0, 0, 0, 0, 0, 0, 0]","[13, 14, 11, 10, 12, 14, 14, 12, 15, 9, 8, 14, 15, 11, 14, 11, 10, 11, 15, 14]",0.9784554334554334,0.03819918419053425,0.6406141045312626,0.9681450045315059,0.8032285867335351,0.6406141045312626,-1.0,-1.0,0.06518218623481782,0.5639676113360325,0.6862348178137653,0.6862348178137653,-1.0,-1.0
rtdetr-x_dataset_3_exp_dataset_quality_270,0.5,0.9191218948584633,0.5916079783099616,"[-1, -1, 0, -1, 0, 0, 0, 0, 1, 1, 0, 1, 0, 0, 0, 0, 1, 0, 0, 0]","[13, 14, 11, 10, 12, 14, 14, 12, 15, 9, 8, 14, 15, 11, 14, 11, 10, 11, 15, 14]",0.9701221001221001,0.04186740189603399,0.6371301657354871,0.968144026849063,0.8032285867335351,0.6371301657354871,-1.0,-1.0,0.06518218623481782,0.5639676113360325,0.6834008097165992,0.6834008097165992,-1.0,-1.0
rtdetr-x_dataset_3_exp_dataset_quality_270,0.6,0.9306759098786829,0.5477225575051661,"[0, -1, 0, 0, 0, 1, 0, 0, 1, 1, 0, 1, 0, 0, 0, 0, 1, 0, 0, 0]","[13, 14, 11, 10, 12, 14, 14, 12, 15, 9, 8, 14, 15, 11, 14, 11, 10, 11, 15, 14]",0.9753968253968253,0.03872332752662392,0.6352868106682731,0.9584845243134436,0.8032285867335351,0.6352868106682731,-1.0,-1.0,0.06518218623481782,0.5639676113360325,0.6813765182186236,0.6813765182186236,-1.0,-1.0
rtdetr-x_dataset_3_exp_dataset_quality_270,0.7,-0.8717504332755632,2.8460498941515415,"[1, 1, 4, 3, 3, 3, 0, 0, 9, 2, 0, 5, 1, 0, 1, 2, 1, 0, 0, 0]","[13, 14, 11, 10, 12, 14, 14, 12, 15, 9, 8, 14, 15, 11, 14, 11, 10, 11, 15, 14]",0.8562223887223886,0.1608985729814477,0.5829290569628269,0.8508282107831636,0.7506289195067477,0.5829290569628269,-1.0,-1.0,0.06518218623481782,0.534008097165992,0.6206477732793523,0.6206477732793523,-1.0,-1.0
rtdetr-x_dataset_3_exp_dataset_quality_271,0.29,0.9075678798382438,0.6324555320336759,"[-1, -1, 0, -1, 0, -1, 0, 0, 0, 1, 1, 1, 0, 0, 0, 0, 0, -1, 0, 0]","[13, 14, 11, 10, 12, 14, 14, 12, 15, 9, 8, 14, 15, 11, 14, 11, 10, 11, 15, 14]",0.9640885503385503,0.045643060643880774,0.6293372976790792,0.9680409341616015,0.7655492913406255,0.6293372976790792,-1.0,-1.0,0.06072874493927126,0.5578947368421052,0.6805668016194332,0.6805668016194332,-1.0,-1.0
rtdetr-x_dataset_3_exp_dataset_quality_271,0.4,0.8844598497978047,0.7071067811865476,"[-1, -1, 0, 0, 0, -1, 0, 0, 0, 1, 1, 2, 0, 0, 0, 0, 0, -1, 0, 0]","[13, 14, 11, 10, 12, 14, 14, 12, 15, 9, 8, 14, 15, 11, 14, 11, 10, 11, 15, 14]",0.9655171217671219,0.0494889728419704,0.6260432659447054,0.9680409341616015,0.7575246985587667,0.6260432659447054,-1.0,-1.0,0.06072874493927126,0.5578947368421052,0.6777327935222672,0.6777327935222672,-1.0,-1.0
rtdetr-x_dataset_3_exp_dataset_quality_271,0.5,0.8613518197573657,0.7745966692414834,"[-1, -1, 0, 1, 0, 1, 0, 0, 1, 1, 1, 2, 1, 0, 0, 0, 0, 0, 0, 0]","[13, 14, 11, 10, 12, 14, 14, 12, 15, 9, 8, 14, 15, 11, 14, 11, 10, 11, 15, 14]",0.9583959096459097,0.049381659489470923,0.6185961732959949,0.9486430760084391,0.7575246985587667,0.6185961732959949,-1.0,-1.0,0.06072874493927126,0.5566801619433199,0.6692307692307692,0.6692307692307692,-1.0,-1.0
rtdetr-x_dataset_3_exp_dataset_quality_271,0.6,-0.5597920277296362,2.598076211353316,"[1, 1, 2, 3, 1, 4, 1, 2, 8, 3, 2, 4, 1, 1, 0, 1, 1, 0, 1, 0]","[13, 14, 11, 10, 12, 14, 14, 12, 15, 9, 8, 14, 15, 11, 14, 11, 10, 11, 15, 14]",0.8472577422577423,0.13491405505738469,0.5619838266519573,0.8407094406497361,0.6905514371918318,0.5619838266519573,-1.0,-1.0,0.06072874493927126,0.5331983805668016,0.6060728744939271,0.6060728744939271,-1.0,-1.0
rtdetr-x_dataset_3_exp_dataset_quality_271,0.7,-9.95320623916811,6.884765791223402,"[4, 8, 10, 8, 6, 11, 5, 4, 9, 7, 4, 12, 4, 6, 9, 2, 5, 2, 5, 5]","[13, 14, 11, 10, 12, 14, 14, 12, 15, 9, 8, 14, 15, 11, 14, 11, 10, 11, 15, 14]",0.48457930957930956,0.21986334608283037,0.3502720945960534,0.48514851485148514,0.4550281326833982,0.3502720945960534,-1.0,-1.0,0.06072874493927126,0.3736842105263158,0.37611336032388665,0.37611336032388665,-1.0,-1.0
rtdetr-x_dataset_3_exp_dataset_quality_272,0.29,0.9075678798382438,0.6324555320336759,"[-1, -1, 1, -1, 0, 0, 0, 0, -1, 0, 1, 0, 0, -1, 0, 0, -1, 0, 0, 0]","[13, 14, 11, 10, 12, 14, 14, 12, 15, 9, 8, 14, 15, 11, 14, 11, 10, 11, 15, 14]",0.9639081751581751,0.04558792287199539,0.6257230295645819,0.9587411158657065,0.7781917671768387,0.6257230295645819,-1.0,-1.0,0.06315789473684211,0.5489878542510123,0.6809716599190283,0.6809716599190283,-1.0,-1.0
rtdetr-x_dataset_3_exp_dataset_quality_272,0.4,0.9075678798382438,0.6324555320336759,"[-1, -1, 1, -1, 0, 0, 0, 0, -1, 0, 1, 0, 0, -1, 0, 0, -1, 0, 0, 0]","[13, 14, 11, 10, 12, 14, 14, 12, 15, 9, 8, 14, 15, 11, 14, 11, 10, 11, 15, 14]",0.9639081751581751,0.04558792287199539,0.6257230295645819,0.9587411158657065,0.7781917671768387,0.6257230295645819,-1.0,-1.0,0.06315789473684211,0.5489878542510123,0.6809716599190283,0.6809716599190283,-1.0,-1.0
rtdetr-x_dataset_3_exp_dataset_quality_272,0.5,0.9191218948584633,0.5916079783099616,"[-1, -1, 1, 1, 0, 0, 0, 0, 0, 0, 1, 0, 0, -1, 0, 0, -1, 0, 0, 0]","[13, 14, 11, 10, 12, 14, 14, 12, 15, 9, 8, 14, 15, 11, 14, 11, 10, 11, 15, 14]",0.9672415084915084,0.04566768599416696,0.6257230295645819,0.9587411158657065,0.7781917671768387,0.6257230295645819,-1.0,-1.0,0.06315789473684211,0.5489878542510123,0.6809716599190283,0.6809716599190283,-1.0,-1.0
rtdetr-x_dataset_3_exp_dataset_quality_272,0.6,0.07567879838243785,2.0,"[-1, 1, 4, 2, 0, 2, 0, 1, 6, 0, 1, 3, 1, -1, 0, 1, 2, 0, 0, 0]","[13, 14, 11, 10, 12, 14, 14, 12, 15, 9, 8, 14, 15, 11, 14, 11, 10, 11, 15, 14]",0.8937025474525475,0.11557183530119433,0.5841443126570892,0.8813457538631769,0.7361381454383582,0.5841443126570892,-1.0,-1.0,0.06315789473684211,0.534008097165992,0.6336032388663968,0.6336032388663968,-1.0,-1.0
rtdetr-x_dataset_3_exp_dataset_quality_273,0.29,0.8729058347775852,0.7416198487095663,"[-1, -1, 0, -2, 1, 0, 0, 1, 0, 1, 1, 0, 0, 0, 0, 1, 0, 0, 0, 0]","[13, 14, 11, 10, 12, 14, 14, 12, 15, 9, 8, 14, 15, 11, 14, 11, 10, 11, 15, 14]",0.9578980741480742,0.05731133748307172,0.56278553132604,0.9415514828257816,0.668488983211291,0.56278553132604,-1.0,-1.0,0.059109311740890694,0.5052631578947369,0.6206477732793522,0.6206477732793522,-1.0,-1.0
rtdetr-x_dataset_3_exp_dataset_quality_273,0.4,0.8729058347775852,0.7416198487095663,"[-1, -1, 0, -2, 1, 0, 0, 1, 0, 1, 1, 0, 0, 0, 0, 1, 0, 0, 0, 0]","[13, 14, 11, 10, 12, 14, 14, 12, 15, 9, 8, 14, 15, 11, 14, 11, 10, 11, 15, 14]",0.9578980741480742,0.05731133748307172,0.56278553132604,0.9415514828257816,0.668488983211291,0.56278553132604,-1.0,-1.0,0.059109311740890694,0.5052631578947369,0.6206477732793522,0.6206477732793522,-1.0,-1.0
rtdetr-x_dataset_3_exp_dataset_quality_273,0.5,0.8844598497978047,0.7071067811865476,"[-1, 1, 0, -1, 1, 1, 0, 1, 0, 1, 1, 1, 0, 0, 0, 1, 0, 0, 0, 0]","[13, 14, 11, 10, 12, 14, 14, 12, 15, 9, 8, 14, 15, 11, 14, 11, 10, 11, 15, 14]",0.9557552170052169,0.045932176346400344,0.5608908974182049,0.9319764512485497,0.668488983211291,0.5608908974182049,-1.0,-1.0,0.059109311740890694,0.5052631578947369,0.6174089068825911,0.6174089068825911,-1.0,-1.0
rtdetr-x_dataset_3_exp_dataset_quality_273,0.6,-0.05141536683997683,2.1330729007701543,"[0, 1, 2, 4, 2, 3, 1, 2, 4, 1, 1, 4, 2, 0, 0, 3, 2, 0, 0, 1]","[13, 14, 11, 10, 12, 14, 14, 12, 15, 9, 8, 14, 15, 11, 14, 11, 10, 11, 15, 14]",0.8630862193362192,0.11131096444867006,0.5133118005693037,0.8443857554829401,0.6216659885961108,0.5133118005693037,-1.0,-1.0,0.059109311740890694,0.48906882591093115,0.5643724696356275,0.5643724696356275,-1.0,-1.0
rtdetr-x_dataset_3_exp_dataset_quality_274,0.29,0.8035817446562681,0.9219544457292888,"[-1, -1, -1, -2, 1, 1, 0, 0, 0, 1, 0, 1, 0, 0, 0, 2, -1, -1, 0, 0]","[13, 14, 11, 10, 12, 14, 14, 12, 15, 9, 8, 14, 15, 11, 14, 11, 10, 11, 15, 14]",0.9425355200355201,0.060850987410569206,0.530528349574526,0.9406727337908137,0.529372392932029,0.530528349574526,-1.0,-1.0,0.058704453441295545,0.48340080971659927,0.6048582995951417,0.6048582995951417,-1.0,-1.0
rtdetr-x_dataset_3_exp_dataset_quality_274,0.4,0.8266897746967071,0.8660254037844386,"[-1, -1, 0, -2, 1, 1, 0, 0, 0, 1, 0, 1, 0, 0, 0, 2, -1, 0, 0, 0]","[13, 14, 11, 10, 12, 14, 14, 12, 15, 9, 8, 14, 15, 11, 14, 11, 10, 11, 15, 14]",0.951626429126429,0.06195611742497469,0.530528349574526,0.9406727337908137,0.529372392932029,0.530528349574526,-1.0,-1.0,0.058704453441295545,0.48340080971659927,0.6048582995951417,0.6048582995951417,-1.0,-1.0
rtdetr-x_dataset_3_exp_dataset_quality_274,0.5,0.7804737146158289,0.9746794344808963,"[-1, 1, 1, 0, 1, 1, 0, 0, 1, 1, 0, 2, 1, 0, 0, 2, 1, 1, 1, 0]","[13, 14, 11, 10, 12, 14, 14, 12, 15, 9, 8, 14, 15, 11, 14, 11, 10, 11, 15, 14]",0.9389640914640915,0.052073023579788665,0.5096033866840362,0.902342079493906,0.5094610620630476,0.5096033866840362,-1.0,-1.0,0.058704453441295545,0.48340080971659927,0.5809716599190284,0.5809716599190284,-1.0,-1.0
rtdetr-x_dataset_3_exp_dataset_quality_274,0.6,-9.028885037550548,6.587867636800241,"[3, 4, 9, 8, 8, 6, 8, 7, 7, 4, 3, 9, 6, 5, 6, 6, 6, 4, 8, 9]","[13, 14, 11, 10, 12, 14, 14, 12, 15, 9, 8, 14, 15, 11, 14, 11, 10, 11, 15, 14]",0.48589840714840726,0.1516858153148098,0.2911005131863762,0.48490166052510525,0.3193357612569757,0.2911005131863762,-1.0,-1.0,0.058704453441295545,0.31700404858299597,0.31700404858299597,0.31700404858299597,-1.0,-1.0
rtdetr-x_dataset_3_exp_dataset_quality_275,0.29,0.8613518197573657,0.7745966692414834,"[-1, -1, -2, -1, 0, -1, 0, 0, -1, 0, 1, 0, 0, 0, -1, 1, 0, 0, 0, 0]","[13, 14, 11, 10, 12, 14, 14, 12, 15, 9, 8, 14, 15, 11, 14, 11, 10, 11, 15, 14]",0.9572198634698635,0.05292080832507286,0.6320870240649765,0.9663152312919489,0.7283105695123344,0.6320870240649765,-1.0,-1.0,0.06194331983805669,0.565587044534413,0.7040485829959514,0.7040485829959514,-1.0,-1.0
rtdetr-x_dataset_3_exp_dataset_quality_275,0.4,0.9422299248989023,0.5,"[-1, -1, 0, -1, 0, 0, 0, 0, 0, 0, 1, 0, 0, 0, 0, 1, 0, 0, 0, 0]","[13, 14, 11, 10, 12, 14, 14, 12, 15, 9, 8, 14, 15, 11, 14, 11, 10, 11, 15, 14]",0.9767869630369631,0.04131087126206073,0.6320870240649765,0.9663152312919489,0.7283105695123344,0.6320870240649765,-1.0,-1.0,0.06194331983805669,0.565587044534413,0.7040485829959514,0.7040485829959514,-1.0,-1.0
rtdetr-x_dataset_3_exp_dataset_quality_275,0.5,-1.0681686886192954,2.9916550603303182,"[1, 3, 3, 7, 2, 4, 1, 0, 5, 0, 2, 6, 0, 0, 0, 2, 2, 0, 1, 4]","[13, 14, 11, 10, 12, 14, 14, 12, 15, 9, 8, 14, 15, 11, 14, 11, 10, 11, 15, 14]",0.8233075258075259,0.1764572305934045,0.5404995602775919,0.8100737051392767,0.635601517942776,0.5404995602775919,-1.0,-1.0,0.06194331983805669,0.534008097165992,0.597165991902834,0.597165991902834,-1.0,-1.0
rtdetr-x_dataset_3_exp_dataset_quality_276,0.29,0.5493934142114385,1.396424004376894,"[-2, -1, -2, -2, 1, 1, 0, 1, 0, 1, 2, 1, 0, 0, 0, 4, 0, -1, 0, 0]","[13, 14, 11, 10, 12, 14, 14, 12, 15, 9, 8, 14, 15, 11, 14, 11, 10, 11, 15, 14]",0.9133863358863359,0.09778151977440332,0.512584300949643,0.8896218931972263,0.5316502926223228,0.512584300949643,-1.0,-1.0,0.047368421052631574,0.482995951417004,0.6012145748987854,0.6012145748987854,-1.0,-1.0
rtdetr-x_dataset_3_exp_dataset_quality_276,0.4,0.5493934142114385,1.396424004376894,"[-2, -1, -2, -2, 1, 1, 0, 1, 0, 1, 2, 1, 0, 0, 0, 4, 0, -1, 0, 0]","[13, 14, 11, 10, 12, 14, 14, 12, 15, 9, 8, 14, 15, 11, 14, 11, 10, 11, 15, 14]",0.9133863358863359,0.09778151977440332,0.512584300949643,0.8896218931972263,0.5316502926223228,0.512584300949643,-1.0,-1.0,0.047368421052631574,0.482995951417004,0.6012145748987854,0.6012145748987854,-1.0,-1.0
rtdetr-x_dataset_3_exp_dataset_quality_276,0.5,0.5956094742923166,1.3228756555322954,"[-2, -1, -1, -2, 1, 1, 0, 1, 0, 1, 2, 1, 0, 0, 0, 4, 0, 0, 0, 0]","[13, 14, 11, 10, 12, 14, 14, 12, 15, 9, 8, 14, 15, 11, 14, 11, 10, 11, 15, 14]",0.922477244977245,0.09695608445211208,0.512584300949643,0.8896218931972263,0.5316502926223228,0.512584300949643,-1.0,-1.0,0.047368421052631574,0.482995951417004,0.6012145748987854,0.6012145748987854,-1.0,-1.0
rtdetr-x_dataset_3_exp_dataset_quality_276,0.6,0.5725014442518774,1.3601470508735443,"[-1, -1, 1, -2, 1, 2, 0, 1, 0, 1, 2, 1, 0, 0, 1, 4, 1, 0, 0, 0]","[13, 14, 11, 10, 12, 14, 14, 12, 15, 9, 8, 14, 15, 11, 14, 11, 10, 11, 15, 14]",0.9141805416805419,0.09315639876640897,0.5068602853180618,0.8802985761751485,0.5244678371170216,0.5068602853180618,-1.0,-1.0,0.047368421052631574,0.482995951417004,0.5919028340080972,0.5919028340080972,-1.0,-1.0
rtdetr-x_dataset_3_exp_dataset_quality_276,0.7,-6.221259387637204,5.5901699437494745,"[6, 8, 5, 4, 7, 5, 3, 5, 10, 4, 5, 4, 4, 6, 5, 7, 6, 4, 5, 4]","[13, 14, 11, 10, 12, 14, 14, 12, 15, 9, 8, 14, 15, 11, 14, 11, 10, 11, 15, 14]",0.5565460927960928,0.13432059699173923,0.31003347627618544,0.5432814710042433,0.300392995640856,0.31003347627618544,-1.0,-1.0,0.047368421052631574,0.35425101214574906,0.36032388663967607,0.36032388663967607,-1.0,-1.0
rtdetr-x_dataset_3_exp_dataset_quality_277,0.29,0.8844598497978047,0.7071067811865476,"[-1, -1, -1, -1, 1, 0, 0, 0, 1, 1, 1, 0, 0, 0, 0, 1, 0, 0, 0, -1]","[13, 14, 11, 10, 12, 14, 14, 12, 15, 9, 8, 14, 15, 11, 14, 11, 10, 11, 15, 14]",0.9556145243645243,0.04615643290446518,0.5150980726511292,0.9188971404415035,0.566402281172942,0.5150980726511292,-1.0,-1.0,0.054251012145749,0.48906882591093115,0.6040485829959514,0.6040485829959514,-1.0,-1.0
rtdetr-x_dataset_3_exp_dataset_quality_277,0.4,0.9075678798382438,0.6324555320336759,"[-1, -1, 0, -1, 1, 0, 0, 0, 1, 1, 1, 0, 0, 0, 0, 1, 0, 0, 0, 0]","[13, 14, 11, 10, 12, 14, 14, 12, 15, 9, 8, 14, 15, 11, 14, 11, 10, 11, 15, 14]",0.9637314074814075,0.04600815972476946,0.5150980726511292,0.9188971404415035,0.566402281172942,0.5150980726511292,-1.0,-1.0,0.054251012145749,0.48906882591093115,0.6040485829959514,0.6040485829959514,-1.0,-1.0
rtdetr-x_dataset_3_exp_dataset_quality_277,0.5,-8.670710571923744,6.469157595854347,"[5, 8, 5, 8, 5, 10, 5, 3, 9, 4, 2, 12, 7, 4, 7, 5, 7, 3, 3, 7]","[13, 14, 11, 10, 12, 14, 14, 12, 15, 9, 8, 14, 15, 11, 14, 11, 10, 11, 15, 14]",0.5221076146076147,0.179309844881606,0.29345955320916267,0.5110612623762376,0.3357181857891671,0.29345955320916267,-1.0,-1.0,0.054251012145749,0.3344129554655871,0.3412955465587045,0.3412955465587045,-1.0,-1.0
rtdetr-x_dataset_3_exp_dataset_quality_278,0.29,0.4685153090699018,1.51657508881031,"[-4, -1, -1, 0, 1, -2, -1, -1, -2, -1, 2, -2, -2, -1, 0, 0, 1, 0, -1, -1]","[13, 14, 11, 10, 12, 14, 14, 12, 15, 9, 8, 14, 15, 11, 14, 11, 10, 11, 15, 14]",0.9024689199689199,0.07609673687915275,0.3222309605190055,0.7836742609064109,0.14821800349115816,0.3222309605190055,-1.0,-1.0,0.03846153846153846,0.34655870445344134,0.4218623481781377,0.4218623481781377,-1.0,-1.0
rtdetr-x_dataset_3_exp_dataset_quality_278,0.4,-6.544771808203351,5.714017850864661,"[4, 9, 8, 7, 6, 11, 4, 3, 9, 3, 2, 7, 5, 1, 4, 4, 6, 4, 2, 2]","[13, 14, 11, 10, 12, 14, 14, 12, 15, 9, 8, 14, 15, 11, 14, 11, 10, 11, 15, 14]",0.5901998001998002,0.20333335780621953,0.2173659927488031,0.5082226726062188,0.10454354542035868,0.2173659927488031,-1.0,-1.0,0.03846153846153846,0.26882591093117403,0.2773279352226721,0.2773279352226721,-1.0,-1.0
rtdetr-x_dataset_3_exp_dataset_quality_278,0.5,,10.0,[10],[11],0.09090909090909094,0.0,0.00396039603960396,0.0099009900990099,0.0,0.00396039603960396,-1.0,-1.0,0.0016194331983805667,0.0016194331983805667,0.0016194331983805667,0.0016194331983805667,-1.0,-1.0
rtdetr-x_dataset_3_exp_dataset_quality_279,0.29,-24.169054441260744,10.145811943851513,"[11, 12, 10, 9, 12, 8, 14, 7, 13, 10, 9, 10, 7, 10, 7, 10]","[13, 14, 11, 10, 14, 12, 15, 8, 14, 11, 14, 11, 10, 11, 15, 14]",0.18598849067599066,0.130859187795107,0.025582686530484094,0.10592220212733347,0.005471599791558103,0.025582686530484094,-1.0,-1.0,0.016194331983805668,0.04291497975708501,0.04291497975708501,0.04291497975708501,-1.0,-1.0
rtdetr-x_dataset_3_exp_dataset_quality_280,0.29,0.2952050837666089,1.746424919657298,"[0, -1, 1, 3, 4, 0, 0, 1, 3, -3, 0, 1, 2, -1, 1, 2, 2, 0, 0, 0]","[13, 14, 11, 10, 12, 14, 14, 12, 15, 9, 8, 14, 15, 11, 14, 11, 10, 11, 15, 14]",0.8919372294372294,0.11141949921779588,0.28372139985097417,0.714483214924584,0.18458657801169778,0.28372139985097417,-1.0,-1.0,0.03441295546558704,0.3311740890688259,0.41781376518218616,0.41781376518218616,-1.0,-1.0
rtdetr-x_dataset_3_exp_dataset_quality_280,0.4,-42.38157894736842,11.600492600378166,"[12, 13, 14, 10, 13, 8, 10]","[13, 14, 15, 11, 14, 10, 11]",0.09546643832358116,0.04358526215020544,0.008521923620933522,0.022277227722772276,0.0033003300330033,0.008521923620933522,-1.0,-1.0,0.010931174089068827,0.010931174089068827,0.010931174089068827,0.010931174089068827,-1.0,-1.0
rtdetr-x_dataset_3_exp_dataset_quality_281,0.29,-7.145580589254767,5.937171043518958,"[4, 5, 8, 8, 8, 7, 7, 7, 12, 2, 2, 9, 5, 1, 2, 3, 2, 2, 6, 3]","[13, 14, 11, 10, 12, 14, 14, 12, 15, 9, 8, 14, 15, 11, 14, 11, 10, 11, 15, 14]",0.5903441003441003,0.22111110775517973,0.17875470199375873,0.5031686587196637,0.07609112392117998,0.17875470199375873,-1.0,-1.0,0.0340080971659919,0.22914979757085022,0.23522267206477734,0.23522267206477734,-1.0,-1.0
rtdetr-x_dataset_3_exp_dataset_quality_282,0.29,0.7689196995956095,1.0,"[-1, -2, 0, -1, 0, 2, 0, 0, 0, 0, 0, 0, 1, -1, 2, 1, 0, 1, 1, 1]","[13, 14, 11, 10, 12, 14, 14, 12, 15, 9, 8, 14, 15, 11, 14, 11, 10, 11, 15, 14]",0.9458508158508158,0.0535178871097105,0.28639797327543015,0.792384774794453,0.13474897458391993,0.28639797327543015,-1.0,-1.0,0.03846153846153846,0.3315789473684211,0.3963562753036437,0.3963562753036437,-1.0,-1.0
rtdetr-x_dataset_3_exp_dataset_quality_282,0.4,-15.545349508954363,8.461678320522472,"[8, 9, 7, 4, 9, 11, 10, 6, 11, 6, 5, 11, 12, 7, 9, 8, 7, 7, 8, 9]","[13, 14, 11, 10, 12, 14, 14, 12, 15, 9, 8, 14, 15, 11, 14, 11, 10, 11, 15, 14]",0.34128163503163506,0.09715650648062604,0.11818765599849337,0.3098973351905351,0.06215801318693961,0.11818765599849337,-1.0,-1.0,0.03846153846153846,0.14979757085020243,0.14979757085020243,0.14979757085020243,-1.0,-1.0
rtdetr-x_dataset_3_exp_dataset_quality_282,0.5,-13.44186046511628,11.74734012447073,"[13, 7, 14]","[14, 8, 15]",0.08769841269841268,0.026447750322145462,0.013861386138613862,0.019801980198019802,0.009900990099009901,0.013861386138613862,-1.0,-1.0,0.008097165991902834,0.008097165991902834,0.008097165991902834,0.008097165991902834,-1.0,-1.0
rtdetr-x_dataset_3_exp_dataset_quality_283,0.29,-18.597051597051596,11.163556780883054,"[13, 13, 8, 7, 13, 10, 9, 14]","[14, 14, 9, 8, 14, 11, 10, 15]",0.08849657287157287,0.020410050941809945,0.01316006600660066,0.039603960396039604,0.0012376237623762376,0.01316006600660066,-1.0,-1.0,0.012550607287449392,0.012550607287449392,0.012550607287449392,0.012550607287449392,-1.0,-1.0
