Model,Shots,Dataset,Score Threshold,R-Squared,RMSE,MAPE,Count Accuracy Avg,Count Accuracy SD,Pred Counts,GT Counts,AP (IoU=.50:.95),AP (IoU=.50),AP (IoU=.75),AP Small,AP Medium,AP Large,AR Max1,AR Max10,AR Max100,AR Small,AR Medium,AR Large
vits,1,1,0,-56.899999999999984,19.23321779283609,126.9439356939357,-0.26943935693935694,1.4880128008579603,"[15, 55, 14, 37, 6, 13, 39, 34, 21, 27, 20, 30]","[16, 9, 16, 8, 15, 13, 16, 15, 14, 13, 14, 15]",0.006585963123738542,0.025461722738148167,0.0044004400440044,0.006810861127555824,0.0,-1.0,0.013414634146341465,0.02682926829268293,0.03780487804878048,0.0382716049382716,0.0,-1.0
vits,1,1,0.05,-20.313043478260866,11.669047376142863,74.82855107855109,0.2517144892144892,0.2859338831183133,"[0, 10, 0, 4, 0, 1, 4, 2, 1, 0, 7, 9]","[16, 9, 16, 8, 15, 13, 16, 15, 14, 13, 14, 15]",0.004131305987741631,0.011236837969511236,0.0044004400440044,0.004131305987741631,0.0,-1.0,0.009146341463414634,0.012804878048780489,0.012804878048780489,0.012962962962962963,0.0,-1.0
vits,1,1,0.1,-22.2695652173913,12.192894105447921,82.22718253968254,0.1777281746031746,0.22071757896772837,"[0, 6, 0, 2, 0, 0, 3, 1, 1, 0, 5, 8]","[16, 9, 16, 8, 15, 13, 16, 15, 14, 13, 14, 15]",0.004131305987741631,0.011236837969511236,0.0044004400440044,0.004131305987741631,0.0,-1.0,0.009146341463414634,0.012195121951219513,0.012195121951219513,0.012345679012345678,0.0,-1.0
vits,1,1,0.15,-23.508695652173905,12.51332622979731,87.79265873015873,0.1220734126984127,0.1461483191950774,"[0, 3, 0, 1, 0, 0, 3, 1, 1, 0, 3, 7]","[16, 9, 16, 8, 15, 13, 16, 15, 14, 13, 14, 15]",0.004131305987741631,0.011236837969511236,0.0044004400440044,0.004131305987741631,0.0,-1.0,0.009146341463414634,0.012195121951219513,0.012195121951219513,0.012345679012345678,0.0,-1.0
vits,1,1,0.2,-24.721739130434777,12.819256348686274,90.9804894179894,0.09019510582010581,0.0929192482390713,"[0, 2, 0, 1, 0, 0, 3, 1, 1, 0, 2, 4]","[16, 9, 16, 8, 15, 13, 16, 15, 14, 13, 14, 15]",0.0035812509822410812,0.008486562942008486,0.0044004400440044,0.0035812509822410812,0.0,-1.0,0.009146341463414634,0.010365853658536586,0.010365853658536586,0.010493827160493827,0.0,-1.0
vits,1,1,0.25,-25.399999999999995,12.987173159185437,92.09160052910053,0.0790839947089947,0.08690168367252142,"[0, 2, 0, 1, 0, 0, 3, 0, 1, 0, 2, 3]","[16, 9, 16, 8, 15, 13, 16, 15, 14, 13, 14, 15]",0.002874037403740374,0.0049504950495049506,0.0044004400440044,0.002874037403740374,0.0,-1.0,0.007926829268292683,0.009146341463414634,0.009146341463414634,0.009259259259259259,0.0,-1.0
vits,1,1,0.3,-25.595652173913038,13.035208731227385,93.01752645502647,0.06982473544973544,0.07644780840900096,"[0, 1, 0, 1, 0, 0, 3, 0, 1, 0, 2, 3]","[16, 9, 16, 8, 15, 13, 16, 15, 14, 13, 14, 15]",0.002764026402640264,0.0044004400440044,0.0044004400440044,0.002764026402640264,0.0,-1.0,0.007926829268292683,0.007926829268292683,0.007926829268292683,0.00802469135802469,0.0,-1.0
vits,1,1,0.4,-25.947826086956514,13.121229617176382,93.61276455026456,0.0638723544973545,0.07883472175445237,"[0, 1, 0, 1, 0, 0, 3, 0, 0, 0, 2, 3]","[16, 9, 16, 8, 15, 13, 16, 15, 14, 13, 14, 15]",0.002764026402640264,0.0044004400440044,0.0044004400440044,0.002764026402640264,0.0,-1.0,0.007926829268292683,0.007926829268292683,0.007926829268292683,0.00802469135802469,0.0,-1.0
vits,1,1,0.5,-25.947826086956514,13.121229617176382,93.61276455026456,0.0638723544973545,0.07883472175445237,"[0, 1, 0, 1, 0, 0, 3, 0, 0, 0, 2, 3]","[16, 9, 16, 8, 15, 13, 16, 15, 14, 13, 14, 15]",0.002764026402640264,0.0044004400440044,0.0044004400440044,0.002764026402640264,0.0,-1.0,0.007926829268292683,0.007926829268292683,0.007926829268292683,0.00802469135802469,0.0,-1.0
vits,1,1,0.6,-26.4695652173913,13.24764129949177,95.20998677248679,0.04790013227513227,0.0696148918405918,"[0, 1, 0, 0, 0, 0, 3, 0, 0, 0, 2, 2]","[16, 9, 16, 8, 15, 13, 16, 15, 14, 13, 14, 15]",0.0008663366336633663,0.0012376237623762376,0.0012376237623762376,0.0008663366336633663,0.0,-1.0,0.00426829268292683,0.00426829268292683,0.00426829268292683,0.004320987654320987,0.0,-1.0
vits,1,1,0.7,-26.69130434782608,13.30100246848585,96.13591269841271,0.03864087301587301,0.06796125503668615,"[0, 0, 0, 0, 0, 0, 3, 0, 0, 0, 2, 2]","[16, 9, 16, 8, 15, 13, 16, 15, 14, 13, 14, 15]",0.0,0.0,0.0,0.0,0.0,-1.0,0.0,0.0,0.0,0.0,0.0,-1.0
vits,1,1,0.8,-26.69130434782608,13.30100246848585,96.13591269841271,0.03864087301587301,0.06796125503668615,"[0, 0, 0, 0, 0, 0, 3, 0, 0, 0, 2, 2]","[16, 9, 16, 8, 15, 13, 16, 15, 14, 13, 14, 15]",0.0,0.0,0.0,0.0,0.0,-1.0,0.0,0.0,0.0,0.0,0.0,-1.0
vits,1,1,0.9,-27.04347826086956,13.385315336840842,96.65674603174604,0.033432539682539675,0.058021637147697466,"[0, 0, 0, 0, 0, 0, 2, 0, 0, 0, 2, 2]","[16, 9, 16, 8, 15, 13, 16, 15, 14, 13, 14, 15]",0.0,0.0,0.0,0.0,0.0,-1.0,0.0,0.0,0.0,0.0,0.0,-1.0
vits,1,1,0.98,-28.15217391304347,13.647344063956181,98.2936507936508,0.01706349206349206,0.04019314354598101,"[0, 0, 0, 0, 0, 0, 0, 0, 0, 0, 1, 2]","[16, 9, 16, 8, 15, 13, 16, 15, 14, 13, 14, 15]",0.0,0.0,0.0,0.0,0.0,-1.0,0.0,0.0,0.0,0.0,0.0,-1.0
vits,1,2,0,-516.6297169811322,46.84815898197068,334.5495337995339,-2.3454953379953385,2.009571698302676,"[48, 19, 67, 70, 81, 21, 27, 46, 87, 70, 72, 21, 48, 20, 78, 63, 26, 46, 89, 64]","[8, 12, 15, 15, 13, 12, 15, 13, 11, 13, 9, 9, 12, 12, 15, 14, 11, 12, 12, 15]",0.00031894314077203804,0.002321514026934014,1.5592110392141577e-05,0.00034500438278672104,0.0,-1.0,0.0,0.003629032258064516,0.015322580645161288,0.01583333333333333,0.0,-1.0
vits,1,2,0.05,-29.094339622641517,11.29601699715435,66.17296592296591,0.3382703407703408,0.5461695970227097,"[14, 8, 22, 7, 7, 3, 11, 4, 10, 27, 19, 5, 2, 11, 37, 48, 17, 3, 11, 16]","[8, 12, 15, 15, 13, 12, 15, 13, 11, 13, 9, 9, 12, 12, 15, 14, 11, 12, 12, 15]",0.00016362425269676292,0.0013440258052954618,0.0,0.00016362425269676292,0.0,-1.0,0.0,0.0024193548387096775,0.004435483870967742,0.004583333333333333,0.0,-1.0
vits,1,2,0.1,-24.436320754716988,10.385085459446158,61.282356532356545,0.38717643467643464,0.47564344084179094,"[12, 7, 15, 1, 1, 2, 9, 1, 5, 13, 9, 4, 1, 9, 33, 43, 16, 3, 9, 10]","[8, 12, 15, 15, 13, 12, 15, 13, 11, 13, 9, 9, 12, 12, 15, 14, 11, 12, 12, 15]",0.00014815395566705994,0.0013440258052954618,0.0,0.00014815395566705994,0.0,-1.0,0.0,0.0012096774193548388,0.00282258064516129,0.002916666666666667,0.0,-1.0
vits,1,2,0.15,-20.509433962264154,9.549869109050658,66.23748473748475,0.3376251526251526,0.3282204678696937,"[12, 5, 11, 1, 0, 2, 9, 0, 4, 11, 5, 2, 0, 7, 27, 36, 15, 3, 7, 9]","[8, 12, 15, 15, 13, 12, 15, 13, 11, 13, 9, 9, 12, 12, 15, 14, 11, 12, 12, 15]",0.00011513828991914381,0.0010138691478163006,0.0,0.00011513828991914381,0.0,-1.0,0.0,0.0012096774193548388,0.0020161290322580645,0.0020833333333333333,0.0,-1.0
vits,1,2,0.2,-19.601415094339625,9.346122190513025,68.98662448662446,0.31013375513375513,0.2459313797313136,"[10, 5, 8, 0, 0, 2, 7, 0, 2, 7, 3, 2, 0, 7, 22, 30, 15, 3, 4, 6]","[8, 12, 15, 15, 13, 12, 15, 13, 11, 13, 9, 9, 12, 12, 15, 14, 11, 12, 12, 15]",8.991283743758992e-05,0.0007616146230007616,0.0,8.991283743758992e-05,0.0,-1.0,0.0,0.0004032258064516129,0.0012096774193548388,0.00125,0.0,-1.0
vits,1,2,0.25,-19.341981132075475,9.287087810503355,68.94831557331557,0.3105168442668443,0.24244946850486918,"[9, 5, 5, 0, 0, 2, 7, 0, 2, 5, 2, 2, 0, 7, 20, 27, 15, 3, 4, 6]","[8, 12, 15, 15, 13, 12, 15, 13, 11, 13, 9, 9, 12, 12, 15, 14, 11, 12, 12, 15]",8.991283743758992e-05,0.0007616146230007616,0.0,8.991283743758992e-05,0.0,-1.0,0.0,0.0004032258064516129,0.0012096774193548388,0.00125,0.0,-1.0
vits,1,2,0.3,-19.3183962264151,9.281702430050212,69.3289627039627,0.30671037296037296,0.24885934004679675,"[9, 5, 4, 0, 0, 1, 6, 0, 2, 4, 1, 2, 0, 5, 18, 21, 15, 3, 4, 5]","[8, 12, 15, 15, 13, 12, 15, 13, 11, 13, 9, 9, 12, 12, 15, 14, 11, 12, 12, 15]",8.991283743758992e-05,0.0007616146230007616,0.0,8.991283743758992e-05,0.0,-1.0,0.0,0.0004032258064516129,0.0012096774193548388,0.00125,0.0,-1.0
vits,1,2,0.4,-21.688679245283023,9.808159868191384,72.12459762459761,0.2787540237540237,0.2983285226279115,"[8, 3, 1, 0, 0, 1, 4, 0, 1, 4, 0, 1, 0, 4, 14, 20, 14, 3, 3, 5]","[8, 12, 15, 15, 13, 12, 15, 13, 11, 13, 9, 9, 12, 12, 15, 14, 11, 12, 12, 15]",8.991283743758992e-05,0.0007616146230007616,0.0,8.991283743758992e-05,0.0,-1.0,0.0,0.0004032258064516129,0.0012096774193548388,0.00125,0.0,-1.0
vits,1,2,0.5,-23.115566037735853,10.111874208078342,75.49364524364523,0.24506354756354756,0.28676475040552935,"[6, 3, 1, 0, 0, 1, 4, 0, 1, 4, 0, 1, 0, 1, 14, 18, 14, 1, 2, 4]","[8, 12, 15, 15, 13, 12, 15, 13, 11, 13, 9, 9, 12, 12, 15, 14, 11, 12, 12, 15]",8.991283743758992e-05,0.0007616146230007616,0.0,8.991283743758992e-05,0.0,-1.0,0.0,0.0004032258064516129,0.0012096774193548388,0.00125,0.0,-1.0
vits,1,2,0.6,-23.929245283018872,10.2810505299799,77.46388333888332,0.22536116661116656,0.2953531465527364,"[3, 3, 1, 0, 0, 0, 4, 0, 0, 4, 0, 1, 0, 1, 13, 15, 13, 1, 1, 4]","[8, 12, 15, 15, 13, 12, 15, 13, 11, 13, 9, 9, 12, 12, 15, 14, 11, 12, 12, 15]",7.616146230007617e-05,0.0007616146230007616,0.0,7.616146230007617e-05,0.0,-1.0,0.0,0.0004032258064516129,0.0004032258064516129,0.00041666666666666664,0.0,-1.0
vits,1,2,0.7,-25.344339622641513,10.56882207249228,81.46171883671883,0.18538281163281162,0.2592947435229989,"[1, 3, 0, 0, 0, 0, 4, 0, 0, 4, 0, 1, 0, 1, 11, 8, 12, 1, 0, 4]","[8, 12, 15, 15, 13, 12, 15, 13, 11, 13, 9, 9, 12, 12, 15, 14, 11, 12, 12, 15]",7.616146230007617e-05,0.0007616146230007616,0.0,7.616146230007617e-05,0.0,-1.0,0.0,0.0004032258064516129,0.0004032258064516129,0.00041666666666666664,0.0,-1.0
vits,1,2,0.8,-26.8183962264151,10.86047881080756,84.18394105894107,0.15816058941058944,0.2487672839038297,"[1, 2, 0, 0, 0, 0, 3, 0, 0, 4, 0, 0, 0, 1, 9, 8, 10, 0, 0, 3]","[8, 12, 15, 15, 13, 12, 15, 13, 11, 13, 9, 9, 12, 12, 15, 14, 11, 12, 12, 15]",7.616146230007617e-05,0.0007616146230007616,0.0,7.616146230007617e-05,0.0,-1.0,0.0,0.0004032258064516129,0.0004032258064516129,0.00041666666666666664,0.0,-1.0
vits,1,2,0.9,-29.67216981132076,11.403946685248927,89.36009823509823,0.10639901764901767,0.19402843826256522,"[1, 1, 0, 0, 0, 0, 2, 0, 0, 2, 0, 0, 0, 0, 6, 3, 9, 0, 0, 3]","[8, 12, 15, 15, 13, 12, 15, 13, 11, 13, 9, 9, 12, 12, 15, 14, 11, 12, 12, 15]",7.616146230007617e-05,0.0007616146230007616,0.0,7.616146230007617e-05,0.0,-1.0,0.0,0.0004032258064516129,0.0004032258064516129,0.00041666666666666664,0.0,-1.0
vits,1,2,0.98,-34.30660377358491,12.235195135346228,96.72727272727273,0.03272727272727273,0.10611081062847182,"[0, 0, 0, 0, 0, 0, 0, 0, 0, 0, 0, 0, 0, 0, 3, 0, 5, 0, 0, 0]","[8, 12, 15, 15, 13, 12, 15, 13, 11, 13, 9, 9, 12, 12, 15, 14, 11, 12, 12, 15]",0.0,0.0,0.0,0.0,0.0,-1.0,0.0,0.0,0.0,0.0,0.0,-1.0
vits,1,2,0.99,-35.13207547169812,12.37739875741264,98.42424242424241,0.01575757575757576,0.04789029397609312,"[0, 0, 0, 0, 0, 0, 0, 0, 0, 0, 0, 0, 0, 0, 2, 0, 2, 0, 0, 0]","[8, 12, 15, 15, 13, 12, 15, 13, 11, 13, 9, 9, 12, 12, 15, 14, 11, 12, 12, 15]",0.0,0.0,0.0,0.0,0.0,-1.0,0.0,0.0,0.0,0.0,0.0,-1.0
vits,1,3,0,-39.15244407622204,13.759087905817013,104.71760878010879,-0.04717608780108779,0.5930320592602137,"[3, 4, 34, 34, 3, 0, 3, 34, 14, 28, 0, 8, 3, 21, 30, 25]","[14, 15, 14, 9, 11, 10, 11, 12, 8, 15, 15, 13, 11, 14, 11, 14]",0.011173082128836559,0.03629456175636169,0.005589268604279782,0.01229975615854155,0.02228810793167229,-1.0,0.01116751269035533,0.026395939086294413,0.034517766497461924,0.030857142857142854,0.06363636363636363,-1.0
vits,1,3,0.05,-30.52278376139188,12.19118534023661,97.61904761904762,0.0238095238095238,0.052570005156713354,"[0, 0, 2, 0, 0, 0, 0, 2, 0, 0, 0, 0, 0, 0, 0, 1]","[14, 15, 14, 9, 11, 10, 11, 12, 8, 15, 15, 13, 11, 14, 11, 14]",0.007920792079207921,0.019801980198019802,0.0049504950495049506,0.009900990099009901,0.0,-1.0,0.005076142131979695,0.005076142131979695,0.005076142131979695,0.005714285714285715,0.0,-1.0
vits,1,3,0.1,-30.88069594034797,12.260199835239229,98.0654761904762,0.01934523809523809,0.05135545811528986,"[0, 0, 2, 0, 0, 0, 0, 2, 0, 0, 0, 0, 0, 0, 0, 0]","[14, 15, 14, 9, 11, 10, 11, 12, 8, 15, 15, 13, 11, 14, 11, 14]",0.007920792079207921,0.019801980198019802,0.0049504950495049506,0.009900990099009901,0.0,-1.0,0.005076142131979695,0.005076142131979695,0.005076142131979695,0.005714285714285715,0.0,-1.0
vits,1,3,0.15,-30.88069594034797,12.260199835239229,98.0654761904762,0.01934523809523809,0.05135545811528986,"[0, 0, 2, 0, 0, 0, 0, 2, 0, 0, 0, 0, 0, 0, 0, 0]","[14, 15, 14, 9, 11, 10, 11, 12, 8, 15, 15, 13, 11, 14, 11, 14]",0.007920792079207921,0.019801980198019802,0.0049504950495049506,0.009900990099009901,0.0,-1.0,0.005076142131979695,0.005076142131979695,0.005076142131979695,0.005714285714285715,0.0,-1.0
vits,1,3,0.2,-31.21209610604805,12.323757543866238,98.51190476190477,0.014880952380952377,0.04281992431529213,"[0, 0, 1, 0, 0, 0, 0, 2, 0, 0, 0, 0, 0, 0, 0, 0]","[14, 15, 14, 9, 11, 10, 11, 12, 8, 15, 15, 13, 11, 14, 11, 14]",0.007920792079207921,0.019801980198019802,0.0049504950495049506,0.009900990099009901,0.0,-1.0,0.005076142131979695,0.005076142131979695,0.005076142131979695,0.005714285714285715,0.0,-1.0
vits,1,3,0.25,-31.49047224523612,12.376893794486563,99.03273809523809,0.009672619047619048,0.02567772905764494,"[0, 0, 1, 0, 0, 0, 0, 1, 0, 0, 0, 0, 0, 0, 0, 0]","[14, 15, 14, 9, 11, 10, 11, 12, 8, 15, 15, 13, 11, 14, 11, 14]",0.007920792079207921,0.019801980198019802,0.0049504950495049506,0.009900990099009901,0.0,-1.0,0.005076142131979695,0.005076142131979695,0.005076142131979695,0.005714285714285715,0.0,-1.0
vits,1,3,0.3,-31.7953603976802,12.434830115445887,99.55357142857143,0.004464285714285712,0.017290104224140245,"[0, 0, 1, 0, 0, 0, 0, 0, 0, 0, 0, 0, 0, 0, 0, 0]","[14, 15, 14, 9, 11, 10, 11, 12, 8, 15, 15, 13, 11, 14, 11, 14]",0.0029702970297029695,0.0099009900990099,0.0,0.0029702970297029695,0.0,-1.0,0.0015228426395939086,0.0015228426395939086,0.0015228426395939086,0.0017142857142857144,0.0,-1.0
vits,1,3,0.4,-31.7953603976802,12.434830115445887,99.55357142857143,0.004464285714285712,0.017290104224140245,"[0, 0, 1, 0, 0, 0, 0, 0, 0, 0, 0, 0, 0, 0, 0, 0]","[14, 15, 14, 9, 11, 10, 11, 12, 8, 15, 15, 13, 11, 14, 11, 14]",0.0029702970297029695,0.0099009900990099,0.0,0.0029702970297029695,0.0,-1.0,0.0015228426395939086,0.0015228426395939086,0.0015228426395939086,0.0017142857142857144,0.0,-1.0
vits,1,3,0.5,-31.7953603976802,12.434830115445887,99.55357142857143,0.004464285714285712,0.017290104224140245,"[0, 0, 1, 0, 0, 0, 0, 0, 0, 0, 0, 0, 0, 0, 0, 0]","[14, 15, 14, 9, 11, 10, 11, 12, 8, 15, 15, 13, 11, 14, 11, 14]",0.0029702970297029695,0.0099009900990099,0.0,0.0029702970297029695,0.0,-1.0,0.0015228426395939086,0.0015228426395939086,0.0015228426395939086,0.0017142857142857144,0.0,-1.0
vits,5,1,0,-206.45652173913038,36.406272353355085,215.1802248677249,-1.1518022486772486,1.6847151779288732,"[23, 44, 26, 19, 17, 35, 32, 46, 26, 69, 78, 88]","[16, 9, 16, 8, 15, 13, 16, 15, 14, 13, 14, 15]",0.06826701832642369,0.21800081952188785,0.0272756576637894,0.07215179760573272,0.3464733616218765,-1.0,0.021951219512195124,0.10182926829268293,0.17378048780487804,0.16728395061728393,0.7,-1.0
vits,5,1,0.05,-8.53478260869565,7.804912982645397,42.16638685388685,0.5783361314611315,0.2821595431252386,"[3, 8, 4, 7, 2, 8, 4, 11, 11, 17, 15, 9]","[16, 9, 16, 8, 15, 13, 16, 15, 14, 13, 14, 15]",0.054133000514548585,0.16169808010994674,0.02555901194515056,0.05520667413673288,0.3464733616218765,-1.0,0.021951219512195124,0.08719512195121952,0.09451219512195122,0.08703703703703702,0.7,-1.0
vits,5,1,0.1,-11.78260869565217,9.03696114115064,55.814509564509564,0.44185490435490443,0.23363217102205308,"[1, 5, 3, 6, 2, 5, 4, 10, 7, 10, 9, 6]","[16, 9, 16, 8, 15, 13, 16, 15, 14, 13, 14, 15]",0.049500849285727073,0.14818597889982574,0.02555901194515056,0.050014762684780376,0.3464733616218765,-1.0,0.021951219512195124,0.08109756097560976,0.08109756097560976,0.07345679012345678,0.7,-1.0
vits,5,1,0.15,-14.78260869565217,10.041580220928045,64.32755901505901,0.35672440984940984,0.21710732546727932,"[1, 5, 2, 5, 1, 4, 4, 7, 7, 10, 4, 4]","[16, 9, 16, 8, 15, 13, 16, 15, 14, 13, 14, 15]",0.046320917472548004,0.1376930207273392,0.02396778139352397,0.047101445275481935,0.3464733616218765,-1.0,0.021951219512195124,0.07378048780487804,0.07378048780487804,0.06604938271604938,0.7,-1.0
vits,5,1,0.2,-16.54347826086956,10.586941642104831,70.10365791615793,0.29896342083842087,0.17571791449447693,"[1, 5, 2, 4, 1, 4, 4, 5, 5, 8, 3, 3]","[16, 9, 16, 8, 15, 13, 16, 15, 14, 13, 14, 15]",0.04356196810822381,0.12046374677953625,0.02396778139352397,0.04377804660908468,0.3464733616218765,-1.0,0.021951219512195124,0.06829268292682927,0.06829268292682927,0.06049382716049383,0.7,-1.0
vits,5,1,0.25,-17.847826086956516,10.973452814254347,74.2588776963777,0.25741122303622305,0.15563112866051518,"[1, 5, 2, 3, 1, 3, 4, 5, 5, 6, 1, 3]","[16, 9, 16, 8, 15, 13, 16, 15, 14, 13, 14, 15]",0.04036889880129312,0.11461316172103041,0.02396778139352397,0.04012047416147146,0.3464733616218765,-1.0,0.021951219512195124,0.06097560975609756,0.06097560975609756,0.05308641975308641,0.7,-1.0
vits,5,1,0.3,-18.447826086956518,11.146748404803978,75.3352665852666,0.24664733414733417,0.15503128505078131,"[1, 5, 2, 3, 1, 3, 3, 4, 5, 6, 1, 3]","[16, 9, 16, 8, 15, 13, 16, 15, 14, 13, 14, 15]",0.03975385436655093,0.10846271737360846,0.02396778139352397,0.04010430556168928,0.3464733616218765,-1.0,0.021951219512195124,0.060365853658536583,0.060365853658536583,0.052469135802469126,0.7,-1.0
vits,5,1,0.4,-20.378260869565214,11.686887238838807,78.79871286121286,0.21201287138787137,0.17106560079222283,"[1, 5, 1, 3, 1, 2, 3, 4, 4, 6, 0, 1]","[16, 9, 16, 8, 15, 13, 16, 15, 14, 13, 14, 15]",0.03591740622026003,0.09663504812019663,0.02396778139352397,0.0364183150155437,0.3464733616218765,-1.0,0.01951219512195122,0.05243902439024391,0.05243902439024391,0.04444444444444444,0.7,-1.0
vits,5,1,0.5,-21.6695652173913,12.034672132357132,82.3982498982499,0.176017501017501,0.15122993648260488,"[1, 4, 1, 2, 0, 2, 2, 3, 4, 6, 0, 1]","[16, 9, 16, 8, 15, 13, 16, 15, 14, 13, 14, 15]",0.031849749454583465,0.08401128574395901,0.02396778139352397,0.03431475321008779,0.20787128712871286,-1.0,0.018292682926829267,0.045121951219512194,0.045121951219512194,0.040740740740740744,0.4,-1.0
vits,5,1,0.6,-23.013043478260865,12.386148177164145,85.83307895807897,0.1416692104192104,0.1414564355270342,"[1, 4, 1, 1, 0, 1, 2, 1, 4, 5, 0, 1]","[16, 9, 16, 8, 15, 13, 16, 15, 14, 13, 14, 15]",0.027722011050490953,0.07135109115307135,0.02081746636202082,0.030250324321378485,0.20787128712871286,-1.0,0.018292682926829267,0.03719512195121951,0.03719512195121951,0.03271604938271605,0.4,-1.0
vits,5,1,0.7,-24.369565217391298,12.731195282978474,88.09994403744405,0.11900055962555961,0.14184859224394825,"[0, 4, 1, 1, 0, 1, 2, 1, 2, 5, 0, 0]","[16, 9, 16, 8, 15, 13, 16, 15, 14, 13, 14, 15]",0.02629579700051453,0.06522190680606522,0.02081746636202082,0.02965626491543789,0.0,-1.0,0.017073170731707315,0.031097560975609756,0.031097560975609756,0.03148148148148148,0.0,-1.0
vits,5,1,0.8,-25.086956521739125,12.909944487358056,90.58836996336996,0.09411630036630035,0.12626949906560286,"[0, 3, 1, 0, 0, 1, 1, 1, 2, 5, 0, 0]","[16, 9, 16, 8, 15, 13, 16, 15, 14, 13, 14, 15]",0.025130974635925132,0.06522190680606522,0.02081746636202082,0.028491442550848494,0.0,-1.0,0.017073170731707315,0.029268292682926828,0.029268292682926828,0.029629629629629627,0.0,-1.0
vits,5,1,0.9,-28.634782608695645,13.759844960366863,98.51851851851853,0.014814814814814817,0.03434673516850262,"[0, 1, 0, 0, 0, 0, 0, 1, 0, 0, 0, 0]","[16, 9, 16, 8, 15, 13, 16, 15, 14, 13, 14, 15]",0.007920792079207921,0.019801980198019802,0.0049504950495049506,0.009900990099009901,0.0,-1.0,0.006097560975609756,0.006097560975609756,0.006097560975609756,0.006172839506172839,0.0,-1.0
vits,5,2,0,-1475.804245283019,79.13058827027636,656.5180375180373,-5.565180375180374,1.2845034828189277,"[78, 91, 93, 89, 99, 90, 84, 95, 96, 92, 99, 83, 95, 89, 96, 96, 81, 93, 93, 95]","[8, 12, 15, 15, 13, 12, 15, 13, 11, 13, 9, 9, 12, 12, 15, 14, 11, 12, 12, 15]",0.09025613797970158,0.2665769878316506,0.0386832002443224,0.11558248970671803,0.07254801143648308,-1.0,0.025403225806451612,0.14838709677419357,0.23911290322580644,0.23041666666666666,0.5,-1.0
vits,5,2,0.05,-50.8867924528302,14.832396974191326,99.59326784326784,0.004067321567321569,0.7017939372792115,"[12, 10, 36, 12, 34, 17, 4, 40, 33, 14, 27, 2, 26, 3, 19, 37, 5, 39, 24, 20]","[8, 12, 15, 15, 13, 12, 15, 13, 11, 13, 9, 9, 12, 12, 15, 14, 11, 12, 12, 15]",0.08252247880981949,0.24024485082564076,0.03697330207438378,0.10707414334367,0.06725738714010887,-1.0,0.025403225806451612,0.13790322580645162,0.15846774193548388,0.15291666666666665,0.325,-1.0
vits,5,2,0.1,-9.000000000000002,6.511528238439882,45.67246642246642,0.5432753357753357,0.27547500440752476,"[6, 3, 10, 8, 21, 10, 3, 20, 14, 8, 14, 0, 12, 1, 13, 19, 3, 13, 9, 7]","[8, 12, 15, 15, 13, 12, 15, 13, 11, 13, 9, 9, 12, 12, 15, 14, 11, 12, 12, 15]",0.07585225879184516,0.216602465770362,0.034547014081786835,0.09860216711489411,0.06356475315693375,-1.0,0.025403225806451612,0.11693548387096775,0.12620967741935482,0.12291666666666667,0.225,-1.0
vits,5,2,0.15,-10.839622641509436,7.085195833567341,50.13347763347762,0.49866522366522376,0.2711628048631727,"[4, 3, 7, 4, 16, 9, 3, 16, 5, 6, 8, 0, 8, 0, 11, 12, 3, 10, 6, 5]","[8, 12, 15, 15, 13, 12, 15, 13, 11, 13, 9, 9, 12, 12, 15, 14, 11, 12, 12, 15]",0.07277753334651588,0.2029609692770678,0.034547014081786835,0.09374952720028808,0.06356475315693375,-1.0,0.024193548387096774,0.11411290322580647,0.11814516129032257,0.11458333333333333,0.225,-1.0
vits,5,2,0.2,-15.214622641509436,8.2915619758885,61.38023088023087,0.3861976911976912,0.2599652816934446,"[2, 3, 5, 1, 14, 8, 2, 10, 3, 4, 5, 0, 8, 0, 9, 8, 1, 6, 6, 4]","[8, 12, 15, 15, 13, 12, 15, 13, 11, 13, 9, 9, 12, 12, 15, 14, 11, 12, 12, 15]",0.06668787715314245,0.18140486303739314,0.032746834063785035,0.08501308672206212,0.06356475315693375,-1.0,0.024193548387096774,0.10443548387096777,0.10483870967741937,0.10083333333333333,0.225,-1.0
vits,5,2,0.25,-18.445754716981135,9.08019823572151,69.68685481185481,0.30313145188145185,0.22647519233013272,"[1, 1, 4, 0, 11, 6, 2, 8, 3, 4, 3, 0, 5, 0, 7, 8, 1, 4, 6, 3]","[8, 12, 15, 15, 13, 12, 15, 13, 11, 13, 9, 9, 12, 12, 15, 14, 11, 12, 12, 15]",0.05731809686163077,0.15085301633611636,0.030599631391710597,0.0755786258801522,0.05148514851485147,-1.0,0.02298387096774194,0.08548387096774193,0.08548387096774193,0.08666666666666667,0.05,-1.0
vits,5,2,0.3,-19.93160377358491,9.420721840708387,73.00767288267289,0.2699232711732712,0.21630113393811637,"[1, 1, 3, 0, 10, 6, 2, 8, 3, 3, 1, 0, 5, 0, 7, 7, 1, 4, 5, 2]","[8, 12, 15, 15, 13, 12, 15, 13, 11, 13, 9, 9, 12, 12, 15, 14, 11, 12, 12, 15]",0.05671845943309919,0.15085301633611636,0.030599631391710597,0.07470276906370135,0.05148514851485147,-1.0,0.02298387096774194,0.08467741935483872,0.08467741935483872,0.08583333333333333,0.05,-1.0
vits,5,2,0.4,-21.55896226415095,9.78008179924892,76.90327727827729,0.23096722721722723,0.17275655690804245,"[1, 1, 2, 0, 7, 4, 2, 7, 3, 3, 1, 0, 5, 0, 7, 6, 1, 3, 4, 2]","[8, 12, 15, 15, 13, 12, 15, 13, 11, 13, 9, 9, 12, 12, 15, 14, 11, 12, 12, 15]",0.052910021909184854,0.13700663169765254,0.02805727189260279,0.06764452544644993,0.05148514851485147,-1.0,0.02298387096774194,0.07540322580645162,0.07540322580645162,0.07625,0.05,-1.0
vits,5,2,0.5,-23.209905660377363,10.131633629380802,80.34927572427571,0.19650724275724277,0.16881178408738062,"[1, 1, 2, 0, 6, 2, 2, 7, 3, 2, 0, 0, 4, 0, 7, 6, 0, 3, 3, 2]","[8, 12, 15, 15, 13, 12, 15, 13, 11, 13, 9, 9, 12, 12, 15, 14, 11, 12, 12, 15]",0.04886844896786168,0.12266726672667268,0.025799151343705796,0.06119663543733985,0.05148514851485147,-1.0,0.01975806451612903,0.06774193548387096,0.06774193548387096,0.06833333333333333,0.05,-1.0
vits,5,2,0.6,-25.450471698113212,10.590089706891062,84.13407425907427,0.1586592574092574,0.14415305754619637,"[1, 0, 2, 0, 5, 2, 1, 6, 3, 1, 0, 0, 3, 0, 6, 4, 0, 3, 2, 2]","[8, 12, 15, 15, 13, 12, 15, 13, 11, 13, 9, 9, 12, 12, 15, 14, 11, 12, 12, 15]",0.0432040872482374,0.10738282887522202,0.025799151343705796,0.053669450435306555,0.05148514851485147,-1.0,0.018145161290322582,0.05806451612903226,0.05806451612903226,0.05833333333333333,0.05,-1.0
vits,5,2,0.7,-28.280660377358497,11.142261888862603,88.63224275724274,0.11367757242757241,0.10167555672163743,"[1, 0, 1, 0, 1, 1, 1, 4, 3, 1, 0, 0, 3, 0, 4, 3, 0, 2, 2, 2]","[8, 12, 15, 15, 13, 12, 15, 13, 11, 13, 9, 9, 12, 12, 15, 14, 11, 12, 12, 15]",0.03419410496922132,0.07785675119236062,0.02297029702970297,0.04005196500410766,0.05148514851485147,-1.0,0.018145161290322582,0.042741935483870966,0.042741935483870966,0.042499999999999996,0.05,-1.0
vits,5,2,0.8,-31.28773584905661,11.700427342623003,93.01823176823177,0.06981768231768232,0.0971102843924587,"[0, 0, 0, 0, 0, 0, 0, 3, 3, 0, 0, 0, 2, 0, 4, 2, 0, 1, 2, 1]","[8, 12, 15, 15, 13, 12, 15, 13, 11, 13, 9, 9, 12, 12, 15, 14, 11, 12, 12, 15]",0.024308918286786666,0.054485448544854494,0.0198019801980198,0.027737444074077737,0.05148514851485147,-1.0,0.011693548387096775,0.02782258064516129,0.02782258064516129,0.02708333333333333,0.05,-1.0
vits,5,2,0.9,-33.775943396226424,12.142899159591172,96.40501165501165,0.03594988344988345,0.0645672548168651,"[0, 0, 0, 0, 0, 0, 0, 2, 2, 0, 0, 0, 0, 0, 2, 0, 0, 1, 2, 0]","[8, 12, 15, 15, 13, 12, 15, 13, 11, 13, 9, 9, 12, 12, 15, 14, 11, 12, 12, 15]",0.015577557755775576,0.0363036303630363,0.014301430143014299,0.01666666666666667,0.05148514851485147,-1.0,0.008870967741935484,0.016935483870967744,0.016935483870967744,0.01583333333333333,0.05,-1.0
vits,5,2,0.98,-35.74528301886793,12.48198702130394,99.12878787878789,0.008712121212121216,0.02616379763534717,"[0, 0, 0, 0, 0, 0, 0, 0, 1, 0, 0, 0, 0, 0, 0, 0, 0, 1, 0, 0]","[8, 12, 15, 15, 13, 12, 15, 13, 11, 13, 9, 9, 12, 12, 15, 14, 11, 12, 12, 15]",0.005940594059405941,0.009900990099009901,0.0099009900990099,0.005940594059405939,0.05148514851485147,-1.0,0.004032258064516129,0.004032258064516129,0.004032258064516129,0.0025,0.05,-1.0
vits,5,3,0,-820.9917149958575,62.25401593471702,472.476239038739,-3.72476239038739,2.4133480156738796,"[69, 86, 98, 38, 45, 22, 78, 100, 94, 84, 86, 93, 60, 14, 78, 59]","[14, 15, 14, 9, 11, 10, 11, 12, 8, 15, 15, 13, 11, 14, 11, 14]",0.06384635448859814,0.23529684049293592,0.007576629454151891,0.0761814976323699,0.03951276532063593,-1.0,0.017258883248730962,0.10761421319796956,0.18832487309644672,0.19028571428571428,0.17272727272727273,-1.0
vits,5,3,0.05,-12.189726594863297,7.8859051477937525,50.49245892995893,0.4950754107004107,0.37897444063428964,"[8, 11, 24, 5, 11, 0, 7, 30, 10, 23, 11, 20, 11, 0, 14, 21]","[14, 15, 14, 9, 11, 10, 11, 12, 8, 15, 15, 13, 11, 14, 11, 14]",0.05409564645062181,0.1925845624630827,0.0065887477805531315,0.06689645031877235,0.02194650137282636,-1.0,0.016243654822335026,0.10203045685279188,0.12385786802030456,0.13085714285714284,0.06818181818181818,-1.0
vits,5,3,0.1,-9.64457332228666,7.084313657652377,46.507173382173384,0.5349282661782662,0.3070825498685735,"[5, 5, 12, 5, 7, 0, 6, 23, 6, 12, 5, 15, 10, 0, 10, 19]","[14, 15, 14, 9, 11, 10, 11, 12, 8, 15, 15, 13, 11, 14, 11, 14]",0.04593194792171608,0.16066437424976876,0.005334981099537203,0.057918393733841805,0.01811881188118812,-1.0,0.016243654822335026,0.08527918781725888,0.09289340101522843,0.09942857142857142,0.04090909090909091,-1.0
vits,5,3,0.15,-10.5990057995029,7.39509972887452,50.68256396381396,0.49317436036186035,0.278132688236637,"[5, 3, 10, 4, 7, 0, 5, 20, 5, 8, 4, 12, 9, 0, 8, 16]","[14, 15, 14, 9, 11, 10, 11, 12, 8, 15, 15, 13, 11, 14, 11, 14]",0.044025006418727475,0.15292398156643264,0.005334981099537203,0.05549940733756344,0.01811881188118812,-1.0,0.016243654822335026,0.08071065989847716,0.08629441624365482,0.092,0.04090909090909091,-1.0
vits,5,3,0.2,-12.043910521955262,7.842193570679061,54.334259490509496,0.45665740509490504,0.28192028291037075,"[4, 2, 7, 3, 6, 0, 5, 18, 5, 8, 3, 12, 8, 0, 6, 14]","[14, 15, 14, 9, 11, 10, 11, 12, 8, 15, 15, 13, 11, 14, 11, 14]",0.041538776144323886,0.1448270849202463,0.004732312136988775,0.05195365978794423,0.01811881188118812,-1.0,0.016243654822335026,0.0720812182741117,0.07766497461928934,0.0822857142857143,0.04090909090909091,-1.0
vits,5,3,0.25,-13.608119304059652,8.299096336348915,57.758439477189484,0.42241560522810523,0.27306893689555334,"[3, 2, 7, 3, 6, 0, 5, 15, 5, 4, 2, 9, 8, 0, 5, 13]","[14, 15, 14, 9, 11, 10, 11, 12, 8, 15, 15, 13, 11, 14, 11, 14]",0.04039258715961978,0.14015470757015172,0.004732312136988775,0.05020206886933802,0.01811881188118812,-1.0,0.016243654822335026,0.06802030456852792,0.07360406091370558,0.07771428571428571,0.04090909090909091,-1.0
vits,5,3,0.3,-14.695111847555923,8.602325267042627,58.36855852480852,0.4163144147519148,0.3004854984789677,"[3, 0, 5, 3, 6, 0, 5, 12, 5, 4, 2, 9, 8, 0, 5, 12]","[14, 15, 14, 9, 11, 10, 11, 12, 8, 15, 15, 13, 11, 14, 11, 14]",0.039114668670096414,0.13543446810434467,0.004732312136988775,0.04825819044631447,0.01811881188118812,-1.0,0.015736040609137057,0.06751269035532995,0.07005076142131979,0.07371428571428572,0.04090909090909091,-1.0
vits,5,3,0.4,-18.234465617232807,9.522998477370455,69.48605214230214,0.30513947857697854,0.2553162299795576,"[2, 0, 3, 1, 4, 0, 3, 8, 5, 3, 1, 8, 6, 0, 3, 11]","[14, 15, 14, 9, 11, 10, 11, 12, 8, 15, 15, 13, 11, 14, 11, 14]",0.03431674347892797,0.11226366212693203,0.004732312136988775,0.04190509987036512,0.017326732673267328,-1.0,0.015736040609137057,0.05939086294416244,0.05939086294416244,0.06228571428571428,0.03636363636363636,-1.0
vits,5,3,0.5,-19.891466445733222,9.924716620639604,73.93514471639472,0.2606485528360528,0.22107414444372045,"[2, 0, 2, 1, 3, 0, 3, 6, 5, 2, 1, 6, 5, 0, 3, 10]","[14, 15, 14, 9, 11, 10, 11, 12, 8, 15, 15, 13, 11, 14, 11, 14]",0.031106665535691594,0.10167984512454213,0.004732312136988775,0.03784029956794106,0.017326732673267328,-1.0,0.015736040609137057,0.05228426395939086,0.05228426395939086,0.054285714285714284,0.03636363636363636,-1.0
vits,5,3,0.6,-21.561723280861642,10.313825672368134,79.4613893051393,0.20538610694860693,0.15731809950697653,"[2, 0, 2, 1, 3, 0, 2, 4, 3, 2, 1, 6, 5, 0, 2, 6]","[14, 15, 14, 9, 11, 10, 11, 12, 8, 15, 15, 13, 11, 14, 11, 14]",0.027433054521410094,0.09056867225184058,0.0038896746817538895,0.032477707361528996,0.017326732673267328,-1.0,0.015736040609137057,0.04365482233502538,0.04365482233502538,0.044571428571428574,0.03636363636363636,-1.0
vits,5,3,0.7,-23.404308202154102,10.726718976462466,83.08249042624043,0.16917509573759573,0.15171376395304284,"[1, 0, 1, 0, 3, 0, 2, 4, 3, 2, 0, 5, 3, 0, 2, 6]","[14, 15, 14, 9, 11, 10, 11, 12, 8, 15, 15, 13, 11, 14, 11, 14]",0.026519116973809178,0.08498349834983497,0.0038896746817538895,0.031388598450637906,0.017326732673267328,-1.0,0.015736040609137057,0.04060913705583756,0.04060913705583756,0.04114285714285715,0.03636363636363636,-1.0
vits,5,3,0.8,-25.273405136702568,11.129914644776033,86.46660631035633,0.1353339368964369,0.13430223315128098,"[1, 0, 0, 0, 3, 0, 2, 4, 3, 2, 0, 1, 2, 0, 2, 5]","[14, 15, 14, 9, 11, 10, 11, 12, 8, 15, 15, 13, 11, 14, 11, 14]",0.02164798529542395,0.07137465920505094,0.0038896746817538895,0.025429929547576606,0.017326732673267328,-1.0,0.014720812182741117,0.03197969543147208,0.03197969543147208,0.03142857142857143,0.03636363636363636,-1.0
vits,5,3,0.9,-27.7920463960232,11.651180197731044,91.90153596403596,0.08098464035964037,0.0899079586188632,"[0, 0, 0, 0, 2, 0, 1, 2, 2, 2, 0, 1, 0, 0, 2, 3]","[14, 15, 14, 9, 11, 10, 11, 12, 8, 15, 15, 13, 11, 14, 11, 14]",0.0161999057048562,0.05115511551155116,0.0038896746817538895,0.017933293329332932,0.017326732673267328,-1.0,0.012182741116751269,0.021827411167512693,0.021827411167512693,0.02,0.03636363636363636,-1.0
vits,5,3,0.98,-31.596520298260153,12.397076268217438,98.77232142857143,0.012276785714285712,0.033833719623268116,"[0, 0, 0, 0, 0, 0, 0, 0, 1, 0, 0, 0, 0, 0, 0, 1]","[14, 15, 14, 9, 11, 10, 11, 12, 8, 15, 15, 13, 11, 14, 11, 14]",0.00396039603960396,0.0099009900990099,0.0,0.00396039603960396,0.0,-1.0,0.002030456852791878,0.002030456852791878,0.002030456852791878,0.002285714285714286,0.0,-1.0
vits,5,3,0.99,-31.596520298260153,12.397076268217438,98.77232142857143,0.012276785714285712,0.033833719623268116,"[0, 0, 0, 0, 0, 0, 0, 0, 1, 0, 0, 0, 0, 0, 0, 1]","[14, 15, 14, 9, 11, 10, 11, 12, 8, 15, 15, 13, 11, 14, 11, 14]",0.00396039603960396,0.0099009900990099,0.0,0.00396039603960396,0.0,-1.0,0.002030456852791878,0.002030456852791878,0.002030456852791878,0.002285714285714286,0.0,-1.0
vits,10,1,0,-368.48260869565206,48.585834698328824,354.0390974765975,-2.5403909747659745,1.5621530105015629,"[61, 64, 25, 51, 53, 42, 55, 64, 57, 82, 65, 92]","[16, 9, 16, 8, 15, 13, 16, 15, 14, 13, 14, 15]",0.12953159228070302,0.3870031445868257,0.04262860788483929,0.13303186450898397,0.4417491749174917,-1.0,0.03536585365853658,0.18170731707317075,0.20304878048780486,0.19814814814814813,0.6,-1.0
vits,10,1,0.05,-5.730434782608694,6.557438524302,42.635709198209184,0.573642908017908,0.24490570791268965,"[8, 16, 5, 11, 14, 8, 12, 12, 12, 24, 10, 24]","[16, 9, 16, 8, 15, 13, 16, 15, 14, 13, 14, 15]",0.12469812025783852,0.36468095013736956,0.04262860788483929,0.12689745387058132,0.4417491749174917,-1.0,0.03536585365853658,0.17439024390243904,0.18414634146341463,0.17901234567901234,0.6,-1.0
vits,10,1,0.1,-5.9521739130434765,6.664583007710735,40.01093813593814,0.5998906186406187,0.2003582349925168,"[5, 8, 4, 6, 9, 5, 9, 9, 10, 16, 7, 13]","[16, 9, 16, 8, 15, 13, 16, 15, 14, 13, 14, 15]",0.11376114474831407,0.321352173989482,0.04262860788483929,0.11507661829431279,0.4417491749174917,-1.0,0.03536585365853658,0.15853658536585366,0.16097560975609757,0.15555555555555556,0.6,-1.0
vits,10,1,0.15,-8.039130434782606,7.599342076785332,46.56898656898657,0.5343101343101343,0.22863693635403531,"[3, 6, 4, 5, 9, 3, 7, 7, 10, 13, 7, 11]","[16, 9, 16, 8, 15, 13, 16, 15, 14, 13, 14, 15]",0.1077232377777379,0.29660523416926543,0.040583838190478554,0.10772842762544675,0.4417491749174917,-1.0,0.03536585365853658,0.14451219512195124,0.14695121951219514,0.14135802469135803,0.6,-1.0
vits,10,1,0.2,-11.326086956521737,8.874119674649425,57.27894790394791,0.427210520960521,0.2105380541913996,"[3, 5, 3, 5, 6, 2, 6, 6, 7, 12, 4, 8]","[16, 9, 16, 8, 15, 13, 16, 15, 14, 13, 14, 15]",0.09908717392166617,0.26940073135500653,0.03836914303675265,0.09836436718314807,0.4417491749174917,-1.0,0.03536585365853658,0.1298780487804878,0.1323170731707317,0.1265432098765432,0.6,-1.0
vits,10,1,0.25,-13.217391304347823,9.530652303663864,62.945919820919826,0.3705408017908018,0.1922331816402204,"[2, 5, 2, 4, 6, 2, 6, 4, 6, 10, 3, 8]","[16, 9, 16, 8, 15, 13, 16, 15, 14, 13, 14, 15]",0.09241272813163261,0.24791870475444053,0.03836914303675265,0.09103711627327933,0.4417491749174917,-1.0,0.03536585365853658,0.11890243902439024,0.11890243902439024,0.11296296296296296,0.6,-1.0
vits,10,1,0.3,-14.19565217391304,9.853087502571634,66.69591982091983,0.3330408017908018,0.1864133667280036,"[2, 5, 2, 2, 4, 2, 6, 4, 6, 10, 3, 7]","[16, 9, 16, 8, 15, 13, 16, 15, 14, 13, 14, 15]",0.0868620466267005,0.23301755946749805,0.03836914303675265,0.08493896950252343,0.4417491749174917,-1.0,0.03536585365853658,0.11219512195121953,0.11219512195121953,0.10617283950617284,0.6,-1.0
vits,10,1,0.4,-15.34347826086956,10.21844737064622,68.97385022385022,0.31026149776149775,0.18962096489331587,"[1, 5, 1, 2, 4, 2, 6, 4, 6, 9, 2, 7]","[16, 9, 16, 8, 15, 13, 16, 15, 14, 13, 14, 15]",0.08539593847742402,0.2254014132374904,0.03836914303675265,0.08340115614671977,0.4417491749174917,-1.0,0.03536585365853658,0.11036585365853657,0.11036585365853657,0.10432098765432099,0.6,-1.0
vits,10,1,0.5,-17.50869565217391,10.874281585465774,73.89016076516076,0.2610983923483923,0.1851315828500989,"[0, 4, 0, 2, 3, 1, 6, 3, 6, 8, 2, 6]","[16, 9, 16, 8, 15, 13, 16, 15, 14, 13, 14, 15]",0.0764996747291125,0.2012904915070195,0.032216078750732215,0.07396294186969508,0.4417491749174917,-1.0,0.027439024390243906,0.09451219512195122,0.09451219512195122,0.0882716049382716,0.6,-1.0
vits,10,1,0.6,-18.69565217391304,11.217545780309226,76.96403133903135,0.23035968660968661,0.1689732608405621,"[0, 4, 0, 2, 3, 0, 6, 2, 5, 6, 2, 6]","[16, 9, 16, 8, 15, 13, 16, 15, 14, 13, 14, 15]",0.07092774413633772,0.18409403501926547,0.029245781721029245,0.06760796819114309,0.4417491749174917,-1.0,0.022560975609756097,0.08414634146341464,0.08414634146341464,0.07777777777777777,0.6,-1.0
vits,10,1,0.7,-19.295652173913037,11.387127235025815,78.07514245014245,0.2192485754985755,0.16841147541265092,"[0, 4, 0, 2, 3, 0, 6, 1, 5, 6, 2, 5]","[16, 9, 16, 8, 15, 13, 16, 15, 14, 13, 14, 15]",0.07092108800854006,0.18402747374128892,0.029245781721029245,0.06759945121041275,0.4417491749174917,-1.0,0.022560975609756097,0.08353658536585366,0.08353658536585366,0.07716049382716048,0.6,-1.0
vits,10,1,0.8,-21.9695652173913,12.114041439585717,83.13581094831095,0.1686418905168905,0.15376311532214113,"[0, 4, 0, 2, 1, 0, 3, 0, 3, 5, 2, 5]","[16, 9, 16, 8, 15, 13, 16, 15, 14, 13, 14, 15]",0.05996334633463347,0.14811881188118814,0.026245481691026244,0.054612533778039846,0.4417491749174917,-1.0,0.022560975609756097,0.06890243902439025,0.06890243902439025,0.06234567901234567,0.6,-1.0
vits,10,1,0.9,-25.19130434782608,12.935738607954837,89.95357651607652,0.10046423483923483,0.12302645587441531,"[0, 4, 0, 1, 1, 0, 1, 0, 1, 3, 1, 2]","[16, 9, 16, 8, 15, 13, 16, 15, 14, 13, 14, 15]",0.033151815181518156,0.0891089108910891,0.016501650165016504,0.031772023356181775,0.2272277227722772,-1.0,0.022560975609756097,0.037804878048780494,0.037804878048780494,0.0345679012345679,0.3,-1.0
vits,10,1,0.98,-28.85652173913043,13.811227316933133,99.44444444444444,0.005555555555555554,0.018425693279752218,"[0, 0, 0, 0, 0, 0, 0, 0, 0, 0, 0, 1]","[16, 9, 16, 8, 15, 13, 16, 15, 14, 13, 14, 15]",0.0029702970297029695,0.0099009900990099,0.0,0.0029702970297029695,0.0,-1.0,0.0018292682926829272,0.0018292682926829272,0.0018292682926829272,0.0018518518518518517,0.0,-1.0
vits,10,1,0.99,-28.85652173913043,13.811227316933133,99.44444444444444,0.005555555555555554,0.018425693279752218,"[0, 0, 0, 0, 0, 0, 0, 0, 0, 0, 0, 1]","[16, 9, 16, 8, 15, 13, 16, 15, 14, 13, 14, 15]",0.0029702970297029695,0.0099009900990099,0.0,0.0029702970297029695,0.0,-1.0,0.0018292682926829272,0.0018292682926829272,0.0018292682926829272,0.0018518518518518517,0.0,-1.0
vits,10,2,0,-1404.0825471698115,77.18516696879006,643.5197718947718,-5.435197718947719,1.699341512799287,"[99, 69, 87, 93, 91, 91, 91, 95, 98, 89, 89, 91, 98, 81, 88, 88, 70, 96, 90, 89]","[8, 12, 15, 15, 13, 12, 15, 13, 11, 13, 9, 9, 12, 12, 15, 14, 11, 12, 12, 15]",0.14224600535489026,0.3831519859438981,0.06959956541477967,0.1649235311101889,0.0388057428008867,-1.0,0.03588709677419355,0.18669354838709679,0.25161290322580643,0.24708333333333332,0.3875,-1.0
vits,10,2,0.05,-99.8608490566038,20.679700191250355,109.02138139638137,-0.09021381396381396,1.2060412758693064,"[15, 35, 17, 29, 23, 14, 22, 70, 14, 29, 11, 11, 40, 18, 26, 50, 8, 13, 55, 17]","[8, 12, 15, 15, 13, 12, 15, 13, 11, 13, 9, 9, 12, 12, 15, 14, 11, 12, 12, 15]",0.13872623890230718,0.37031523870485605,0.0688979204471333,0.160783797187273,0.036537236002528645,-1.0,0.03588709677419355,0.1842741935483871,0.225,0.22125,0.3375,-1.0
vits,10,2,0.1,-20.93396226415095,9.643650760992955,51.61402486402486,0.4838597513597514,0.5501620275402076,"[12, 19, 9, 19, 16, 10, 15, 38, 9, 18, 9, 7, 25, 13, 19, 35, 7, 10, 32, 10]","[8, 12, 15, 15, 13, 12, 15, 13, 11, 13, 9, 9, 12, 12, 15, 14, 11, 12, 12, 15]",0.1367005019186871,0.36107450570287714,0.06787450079747603,0.15893489663141125,0.036537236002528645,-1.0,0.03588709677419355,0.1842741935483871,0.21653225806451615,0.2125,0.3375,-1.0
vits,10,2,0.15,-10.70990566037736,7.046275611981127,45.42063492063492,0.5457936507936508,0.3130455181572332,"[10, 14, 6, 11, 16, 8, 14, 32, 6, 17, 5, 5, 20, 10, 18, 27, 5, 8, 21, 8]","[8, 12, 15, 15, 13, 12, 15, 13, 11, 13, 9, 9, 12, 12, 15, 14, 11, 12, 12, 15]",0.13428000843699095,0.34877110350493096,0.06787450079747603,0.15630587761499998,0.036537236002528645,-1.0,0.03588709677419355,0.18266129032258066,0.21088709677419354,0.20666666666666664,0.3375,-1.0
vits,10,2,0.2,-9.11792452830189,6.549809157525126,42.7989232989233,0.572010767010767,0.30113789226808185,"[8, 12, 6, 10, 15, 8, 14, 28, 6, 13, 3, 4, 17, 6, 18, 26, 2, 7, 18, 7]","[8, 12, 15, 15, 13, 12, 15, 13, 11, 13, 9, 9, 12, 12, 15, 14, 11, 12, 12, 15]",0.13079481978097068,0.33960902406997057,0.06787450079747603,0.15154468906101937,0.036537236002528645,-1.0,0.03588709677419355,0.1745967741935484,0.20161290322580644,0.19708333333333333,0.3375,-1.0
vits,10,2,0.25,-8.799528301886795,6.445928947793328,42.838786213786214,0.5716121378621379,0.2975031229209572,"[7, 10, 6, 8, 13, 8, 14, 28, 5, 11, 2, 4, 13, 4, 17, 22, 2, 6, 15, 6]","[8, 12, 15, 15, 13, 12, 15, 13, 11, 13, 9, 9, 12, 12, 15, 14, 11, 12, 12, 15]",0.12805617026331764,0.3294205597806662,0.06593220130436883,0.14787880370947423,0.036537236002528645,-1.0,0.03588709677419355,0.1713709677419355,0.1935483870967742,0.18875000000000003,0.3375,-1.0
vits,10,2,0.3,-8.115566037735851,6.216912416947821,45.377886002886,0.5462211399711401,0.25461413970252256,"[5, 6, 6, 7, 13, 7, 13, 23, 4, 10, 1, 3, 13, 4, 13, 19, 2, 6, 14, 6]","[8, 12, 15, 15, 13, 12, 15, 13, 11, 13, 9, 9, 12, 12, 15, 14, 11, 12, 12, 15]",0.12238121402900629,0.31342468203940776,0.06383031513809857,0.14178889885228593,0.029523060364644527,-1.0,0.03588709677419355,0.16491935483870968,0.17983870967741936,0.1775,0.25,-1.0
vits,10,2,0.4,-8.693396226415096,6.410928169929843,47.31518481518481,0.5268481518481518,0.280043875234427,"[2, 6, 6, 6, 10, 6, 13, 18, 4, 10, 0, 3, 11, 4, 11, 15, 1, 6, 12, 4]","[8, 12, 15, 15, 13, 12, 15, 13, 11, 13, 9, 9, 12, 12, 15, 14, 11, 12, 12, 15]",0.11720832734757951,0.2960459657473003,0.06383031513809857,0.13375911699811777,0.029523060364644527,-1.0,0.03306451612903226,0.1560483870967742,0.16774193548387098,0.16499999999999998,0.25,-1.0
vits,10,2,0.5,-11.488207547169814,7.276675064890558,54.91240703740703,0.4508759296259296,0.2771417642952151,"[1, 6, 4, 4, 10, 5, 11, 17, 4, 9, 0, 2, 9, 4, 10, 13, 1, 2, 10, 3]","[8, 12, 15, 15, 13, 12, 15, 13, 11, 13, 9, 9, 12, 12, 15, 14, 11, 12, 12, 15]",0.1098030010455125,0.277913408851689,0.058981542589610844,0.12669881475574507,0.014749932495701352,-1.0,0.03306451612903226,0.14637096774193548,0.15201612903225806,0.15333333333333332,0.1125,-1.0
vits,10,2,0.6,-14.636792452830193,8.142481194328912,63.04521867021868,0.3695478132978133,0.24919239407475915,"[1, 5, 2, 3, 7, 4, 9, 15, 3, 9, 0, 1, 7, 2, 8, 10, 1, 2, 8, 3]","[8, 12, 15, 15, 13, 12, 15, 13, 11, 13, 9, 9, 12, 12, 15, 14, 11, 12, 12, 15]",0.10126162596962958,0.2516676729335594,0.058981542589610844,0.11809408661805101,0.010082508250825083,-1.0,0.03306451612903226,0.13225806451612904,0.13629032258064516,0.13958333333333334,0.0375,-1.0
vits,10,2,0.7,-16.252358490566042,8.55277732669336,66.53697691197691,0.33463023088023086,0.2421039481059761,"[1, 5, 2, 3, 6, 2, 9, 14, 3, 8, 0, 1, 6, 2, 6, 9, 1, 1, 7, 3]","[8, 12, 15, 15, 13, 12, 15, 13, 11, 13, 9, 9, 12, 12, 15, 14, 11, 12, 12, 15]",0.09817085329346084,0.23715846102335736,0.05588748318367025,0.11585353699087694,0.010082508250825083,-1.0,0.03306451612903226,0.1278225806451613,0.13185483870967743,0.135,0.0375,-1.0
vits,10,2,0.8,-20.898584905660382,9.635870484808313,75.7590465090465,0.24240953490953493,0.20931334978747965,"[0, 3, 0, 2, 2, 0, 7, 10, 3, 7, 0, 1, 5, 2, 4, 6, 1, 1, 6, 3]","[8, 12, 15, 15, 13, 12, 15, 13, 11, 13, 9, 9, 12, 12, 15, 14, 11, 12, 12, 15]",0.07754999628798587,0.19026215156438347,0.042816779561583904,0.08879644467092117,0.010082508250825083,-1.0,0.03024193548387097,0.09919354838709678,0.09919354838709678,0.10124999999999999,0.0375,-1.0
vits,10,2,0.9,-25.81603773584906,10.66302021005306,84.47485847485848,0.15525141525141523,0.14687088025884681,"[0, 3, 0, 1, 2, 0, 4, 6, 3, 3, 0, 0, 3, 2, 2, 6, 1, 0, 4, 0]","[8, 12, 15, 15, 13, 12, 15, 13, 11, 13, 9, 9, 12, 12, 15, 14, 11, 12, 12, 15]",0.05604098823642517,0.1389112537627389,0.03241093340103241,0.06282088932020444,0.010082508250825083,-1.0,0.024193548387096774,0.06612903225806452,0.06612903225806452,0.06708333333333334,0.0375,-1.0
vits,10,2,0.98,-33.775943396226424,12.142899159591172,96.46520146520147,0.03534798534798535,0.06720850632121189,"[0, 0, 0, 0, 0, 0, 0, 3, 0, 0, 0, 0, 1, 2, 0, 2, 0, 0, 1, 0]","[8, 12, 15, 15, 13, 12, 15, 13, 11, 13, 9, 9, 12, 12, 15, 14, 11, 12, 12, 15]",0.017476033317617472,0.0385038503850385,0.019801980198019802,0.01815181518151815,0.0,-1.0,0.010080645161290322,0.01653225806451613,0.01653225806451613,0.017083333333333332,0.0,-1.0
vits,10,2,0.99,-35.1556603773585,12.381437719424994,98.39285714285715,0.01607142857142857,0.04162838377358538,"[0, 0, 0, 0, 0, 0, 0, 0, 0, 0, 0, 0, 0, 2, 0, 1, 0, 0, 1, 0]","[8, 12, 15, 15, 13, 12, 15, 13, 11, 13, 9, 9, 12, 12, 15, 14, 11, 12, 12, 15]",0.012211221122112212,0.019801980198019802,0.019801980198019802,0.012211221122112212,0.0,-1.0,0.0056451612903225794,0.008064516129032258,0.008064516129032258,0.008333333333333335,0.0,-1.0
vits,10,3,0,-1215.6893123446562,75.73968576644612,636.7068174880675,-5.367068174880675,1.5700574056019247,"[95, 88, 95, 88, 78, 81, 80, 91, 93, 89, 92, 88, 87, 97, 93, 68]","[14, 15, 14, 9, 11, 10, 11, 12, 8, 15, 15, 13, 11, 14, 11, 14]",0.10773845206295504,0.3327148087214674,0.0247398309509153,0.12490966261076834,0.08287991077065673,-1.0,0.023857868020304568,0.1715736040609137,0.2451776649746193,0.2434285714285714,0.2590909090909091,-1.0
vits,10,3,0.05,-52.885666942833474,15.93933812929508,84.66054778554778,0.15339452214452212,0.8175095189037488,"[14, 22, 63, 15, 17, 7, 18, 23, 14, 29, 38, 34, 13, 20, 22, 13]","[14, 15, 14, 9, 11, 10, 11, 12, 8, 15, 15, 13, 11, 14, 11, 14]",0.10068119482356787,0.3106370352706796,0.02392114832466037,0.11824747623338934,0.07396857722597469,-1.0,0.023857868020304568,0.17106598984771573,0.1954314720812183,0.1942857142857143,0.20454545454545453,-1.0
vits,10,3,0.1,-18.420049710024855,9.56882960450232,46.10302891552892,0.5389697108447109,0.5266312866209906,"[9, 17, 45, 11, 10, 1, 15, 11, 8, 22, 30, 20, 9, 9, 13, 10]","[14, 15, 14, 9, 11, 10, 11, 12, 8, 15, 15, 13, 11, 14, 11, 14]",0.09748491763724985,0.29862629269385743,0.02323617416686723,0.11429104246491859,0.07234368066267721,-1.0,0.023857868020304568,0.17106598984771573,0.18121827411167515,0.17942857142857144,0.19545454545454546,-1.0
vits,10,3,0.15,-6.781275890637946,6.057020719792859,33.75924422799422,0.6624075577200577,0.33082604124026915,"[8, 14, 32, 10, 8, 1, 12, 9, 5, 16, 20, 13, 7, 7, 11, 9]","[14, 15, 14, 9, 11, 10, 11, 12, 8, 15, 15, 13, 11, 14, 11, 14]",0.09394145884743417,0.2872905946641241,0.022378945586866376,0.11066924678613319,0.07110605690030097,-1.0,0.023857868020304568,0.16598984771573605,0.16954314720812183,0.16685714285714287,0.19090909090909092,-1.0
vits,10,3,0.2,-4.739850869925435,5.202163011671203,36.0113671051171,0.639886328948829,0.2465135738326452,"[7, 12, 24, 10, 7, 1, 9, 8, 3, 14, 14, 11, 6, 6, 10, 8]","[14, 15, 14, 9, 11, 10, 11, 12, 8, 15, 15, 13, 11, 14, 11, 14]",0.09079238857016451,0.27783715512497886,0.021236523652365235,0.1063640165645051,0.07110605690030097,-1.0,0.023857868020304568,0.1568527918781726,0.16040609137055836,0.15657142857142856,0.19090909090909092,-1.0
vits,10,3,0.25,-6.091963545981773,5.782516753110189,42.86815614940615,0.5713184385059384,0.21829842596037644,"[6, 12, 20, 8, 7, 1, 8, 5, 3, 13, 11, 7, 5, 4, 9, 7]","[14, 15, 14, 9, 11, 10, 11, 12, 8, 15, 15, 13, 11, 14, 11, 14]",0.08756907202899997,0.267141025559984,0.021236523652365235,0.10214129505038787,0.07110605690030097,-1.0,0.023857868020304568,0.14923857868020302,0.15279187817258885,0.148,0.19090909090909092,-1.0
vits,10,3,0.3,-6.953603976801989,6.123724356957945,46.33586899211899,0.5366413100788101,0.20226114083143515,"[5, 12, 18, 7, 5, 1, 8, 5, 3, 11, 8, 7, 5, 4, 9, 7]","[14, 15, 14, 9, 11, 10, 11, 12, 8, 15, 15, 13, 11, 14, 11, 14]",0.08276347013376552,0.2558712440363771,0.019917781251809385,0.09657973987563405,0.07110605690030097,-1.0,0.023857868020304568,0.13756345177664975,0.14060913705583755,0.13428571428571429,0.19090909090909092,-1.0
vits,10,3,0.4,-10.2013256006628,7.267220926874317,56.35359432234432,0.43646405677655675,0.196752908782169,"[3, 10, 12, 3, 4, 1, 7, 4, 3, 10, 4, 5, 4, 4, 7, 7]","[14, 15, 14, 9, 11, 10, 11, 12, 8, 15, 15, 13, 11, 14, 11, 14]",0.07307335944252272,0.21888525383175275,0.018701870187018698,0.084596861888067,0.06537243065306086,-1.0,0.023857868020304568,0.12081218274111674,0.12081218274111674,0.11542857142857144,0.16363636363636364,-1.0
vits,10,3,0.5,-14.509527754763877,8.551315688243536,65.9198613886114,0.3408013861138861,0.16793850768737353,"[1, 7, 9, 3, 4, 1, 6, 4, 3, 8, 2, 4, 3, 2, 6, 4]","[14, 15, 14, 9, 11, 10, 11, 12, 8, 15, 15, 13, 11, 14, 11, 14]",0.061745362890767756,0.18995396580131538,0.012541254125412538,0.06824686822688719,0.06537243065306086,-1.0,0.023857868020304568,0.09340101522842639,0.09340101522842639,0.08457142857142858,0.16363636363636364,-1.0
vits,10,3,0.6,-16.975144987572495,9.205976319760984,72.53969988344988,0.2746030011655012,0.16242153340088064,"[0, 7, 8, 3, 3, 0, 5, 3, 1, 6, 2, 3, 3, 2, 5, 4]","[14, 15, 14, 9, 11, 10, 11, 12, 8, 15, 15, 13, 11, 14, 11, 14]",0.053414372475358365,0.16080969799107572,0.012541254125412538,0.058955336034166014,0.053138707280723646,-1.0,0.02284263959390863,0.07715736040609136,0.07715736040609136,0.07028571428571428,0.13181818181818183,-1.0
vits,10,3,0.7,-19.87821043910522,9.921567416492215,77.74043664668665,0.22259563353313352,0.16236589900977458,"[0, 6, 7, 3, 3, 0, 5, 0, 1, 5, 1, 2, 3, 1, 4, 3]","[14, 15, 14, 9, 11, 10, 11, 12, 8, 15, 15, 13, 11, 14, 11, 14]",0.045979820509523484,0.12871287128712872,0.012541254125412538,0.05300107134025662,0.044008198641624446,-1.0,0.02030456852791878,0.066497461928934,0.066497461928934,0.060571428571428575,0.11363636363636362,-1.0
vits,10,3,0.8,-23.775476387738195,10.807983160608643,86.02055930180931,0.13979440698190698,0.11652546929185051,"[0, 5, 5, 1, 1, 0, 3, 0, 1, 3, 1, 2, 2, 0, 3, 1]","[14, 15, 14, 9, 11, 10, 11, 12, 8, 15, 15, 13, 11, 14, 11, 14]",0.03129042986716254,0.08380480905233381,0.011138613861386136,0.0346064991114496,0.026591230551626592,-1.0,0.018274111675126905,0.04111675126903553,0.04111675126903553,0.03828571428571429,0.06363636363636363,-1.0
vits,10,3,0.9,-28.468102734051367,11.787175234126284,93.87536075036076,0.06124639249639251,0.07699371093213081,"[0, 2, 3, 1, 0, 0, 2, 0, 0, 1, 0, 0, 2, 0, 1, 0]","[14, 15, 14, 9, 11, 10, 11, 12, 8, 15, 15, 13, 11, 14, 11, 14]",0.019306930693069307,0.0363036303630363,0.0099009900990099,0.016336633663366337,0.026591230551626592,-1.0,0.012690355329949238,0.019796954314720807,0.019796954314720807,0.014285714285714287,0.06363636363636363,-1.0
vits,30,1,0,-705.3434782608693,67.17700499426869,506.5862840862841,-4.065862840862841,1.1722552390938312,"[70, 74, 66, 65, 93, 79, 86, 88, 79, 79, 92, 92]","[16, 9, 16, 8, 15, 13, 16, 15, 14, 13, 14, 15]",0.174720138880553,0.4552200904936559,0.10003269092641816,0.18020967589806325,0.324045261669024,-1.0,0.041463414634146344,0.20975609756097563,0.2475609756097561,0.24382716049382713,0.55,-1.0
vits,30,1,0.05,-20.586956521739125,11.74379268663521,78.38026556776555,0.2161973443223443,0.4806565962473223,"[22, 18, 10, 19, 16, 27, 29, 23, 15, 27, 37, 30]","[16, 9, 16, 8, 15, 13, 16, 15, 14, 13, 14, 15]",0.17159646158067207,0.4428423437226761,0.0996065364027879,0.17635163034079948,0.324045261669024,-1.0,0.041463414634146344,0.20975609756097563,0.22560975609756095,0.22160493827160493,0.55,-1.0
vits,30,1,0.1,-3.0956521739130425,5.115336417740935,32.025335775335776,0.6797466422466423,0.26775779045980197,"[19, 12, 6, 15, 15, 19, 15, 15, 11, 17, 23, 17]","[16, 9, 16, 8, 15, 13, 16, 15, 14, 13, 14, 15]",0.17037609657737568,0.4361734148768979,0.0996065364027879,0.17483074338058555,0.324045261669024,-1.0,0.041463414634146344,0.20853658536585368,0.22134146341463415,0.21728395061728395,0.55,-1.0
vits,30,1,0.15,-1.4652173913043471,3.968626966596886,22.818732193732195,0.7718126780626782,0.16084050300738273,"[17, 7, 6, 11, 13, 15, 11, 15, 9, 15, 16, 12]","[16, 9, 16, 8, 15, 13, 16, 15, 14, 13, 14, 15]",0.16618254300037355,0.4180002553445001,0.0996065364027879,0.1706949643918468,0.324045261669024,-1.0,0.041463414634146344,0.20853658536585368,0.21097560975609753,0.2067901234567901,0.55,-1.0
vits,30,1,0.2,-3.2391304347826075,5.204164998665331,30.752442002442002,0.69247557997558,0.188402618142383,"[12, 6, 4, 11, 11, 14, 10, 12, 6, 15, 13, 11]","[16, 9, 16, 8, 15, 13, 16, 15, 14, 13, 14, 15]",0.16170989399569052,0.4008882029319098,0.09755299771558584,0.1657842529276379,0.324045261669024,-1.0,0.041463414634146344,0.19878048780487806,0.20060975609756096,0.1962962962962963,0.55,-1.0
vits,30,1,0.25,-4.2565217391304335,5.795112883571237,33.33892958892959,0.6666107041107042,0.2088716541887467,"[9, 5, 4, 9, 10, 14, 9, 11, 5, 14, 12, 11]","[16, 9, 16, 8, 15, 13, 16, 15, 14, 13, 14, 15]",0.1595614833651538,0.3947217968176141,0.09755299771558584,0.16343999114614693,0.324045261669024,-1.0,0.041463414634146344,0.19573170731707318,0.19634146341463415,0.19197530864197532,0.55,-1.0
vits,30,1,0.3,-5.53478260869565,6.461423991660043,39.596179283679284,0.6040382071632071,0.19673775498503046,"[9, 5, 4, 6, 7, 12, 8, 10, 4, 10, 11, 11]","[16, 9, 16, 8, 15, 13, 16, 15, 14, 13, 14, 15]",0.15886437283777452,0.38775069154382147,0.09755299771558584,0.16204285143217553,0.324045261669024,-1.0,0.041463414634146344,0.19390243902439025,0.19451219512195123,0.19012345679012346,0.55,-1.0
vits,30,1,0.4,-7.5043478260869545,7.371114795831994,47.10686304436305,0.5289313695563695,0.17293844777809217,"[8, 5, 3, 6, 7, 8, 6, 8, 4, 9, 11, 9]","[16, 9, 16, 8, 15, 13, 16, 15, 14, 13, 14, 15]",0.15743758935842533,0.38058827317432486,0.09755299771558584,0.15981788418652898,0.324045261669024,-1.0,0.041463414634146344,0.19146341463414634,0.19207317073170732,0.1876543209876543,0.55,-1.0
vits,30,1,0.5,-9.408695652173911,8.154753215150045,54.970746845746845,0.4502925315425315,0.14003120743389091,"[7, 4, 3, 5, 7, 6, 6, 6, 3, 8, 9, 8]","[16, 9, 16, 8, 15, 13, 16, 15, 14, 13, 14, 15]",0.1466717379852051,0.34020906148114444,0.09412573191208243,0.1495510043494824,0.324045261669024,-1.0,0.041463414634146344,0.17621951219512194,0.17621951219512194,0.17160493827160492,0.55,-1.0
vits,30,1,0.6,-11.965217391304344,9.10128196098403,62.887031949531945,0.3711296805046805,0.13724674817005006,"[7, 4, 2, 3, 6, 3, 4, 5, 3, 7, 8, 8]","[16, 9, 16, 8, 15, 13, 16, 15, 14, 13, 14, 15]",0.13781463777506867,0.3147677878455842,0.09063946779271273,0.13973938452006307,0.324045261669024,-1.0,0.041463414634146344,0.16280487804878047,0.16280487804878047,0.1580246913580247,0.55,-1.0
vits,30,1,0.7,-13.099999999999996,9.491224016602565,65.79492266992266,0.3420507733007733,0.12788930932996054,"[6, 4, 2, 3, 5, 3, 4, 5, 2, 6, 7, 8]","[16, 9, 16, 8, 15, 13, 16, 15, 14, 13, 14, 15]",0.13133185390346117,0.3057058647041175,0.08677975978801397,0.13286414245293549,0.324045261669024,-1.0,0.041463414634146344,0.1542682926829268,0.1542682926829268,0.1493827160493827,0.55,-1.0
vits,30,1,0.8,-17.339130434782604,10.824355254086345,75.24547212047212,0.24754527879527877,0.1702783218490803,"[6, 4, 0, 1, 3, 2, 2, 4, 0, 6, 4, 8]","[16, 9, 16, 8, 15, 13, 16, 15, 14, 13, 14, 15]",0.10116847238440795,0.2135216462822753,0.07458354016605176,0.10158235990308798,0.20198019801980197,-1.0,0.034756097560975606,0.11341463414634148,0.11341463414634148,0.11172839506172841,0.25,-1.0
vits,30,1,0.9,-22.882608695652166,12.352462642458521,85.92846967846968,0.1407153032153032,0.1280024834316103,"[2, 4, 0, 1, 1, 1, 0, 3, 0, 4, 2, 3]","[16, 9, 16, 8, 15, 13, 16, 15, 14, 13, 14, 15]",0.06655267362207253,0.12871287128712872,0.054252484071936606,0.06751401430416235,0.20198019801980197,-1.0,0.030487804878048787,0.07195121951219512,0.07195121951219512,0.06975308641975309,0.25,-1.0
vits,30,2,0,-1470.792452830189,78.99620244037051,656.3827700077701,-5.5638277000777006,1.4224351551307508,"[93, 79, 96, 97, 89, 90, 94, 89, 95, 92, 96, 82, 94, 93, 100, 91, 75, 93, 92, 94]","[8, 12, 15, 15, 13, 12, 15, 13, 11, 13, 9, 9, 12, 12, 15, 14, 11, 12, 12, 15]",0.17698285059210578,0.40139583384451566,0.11430460293287595,0.17937054561730437,0.24825616960673047,-1.0,0.04314516129032257,0.20120967741935486,0.25241935483870964,0.24541666666666667,0.4625,-1.0
vits,30,2,0.05,-196.09905660377362,28.908476265621474,197.32206682206683,-0.9732206682206682,1.2671566069988154,"[22, 28, 23, 26, 46, 39, 52, 77, 23, 25, 18, 32, 37, 25, 24, 42, 33, 48, 76, 34]","[8, 12, 15, 15, 13, 12, 15, 13, 11, 13, 9, 9, 12, 12, 15, 14, 11, 12, 12, 15]",0.1756872251829259,0.39683521908715574,0.11430460293287595,0.1780768024838787,0.24825616960673047,-1.0,0.04314516129032257,0.20120967741935486,0.2411290322580645,0.23375000000000004,0.4625,-1.0
vits,30,2,0.1,-59.872641509433976,16.065490966665166,98.43888056388059,0.015611194361194292,0.8293708872617065,"[15, 22, 15, 15, 25, 29, 37, 53, 16, 20, 11, 17, 25, 17, 22, 26, 20, 31, 50, 24]","[8, 12, 15, 15, 13, 12, 15, 13, 11, 13, 9, 9, 12, 12, 15, 14, 11, 12, 12, 15]",0.17502970736937631,0.39467373533314654,0.11430460293287595,0.17763260231840514,0.24825616960673047,-1.0,0.04314516129032257,0.20120967741935486,0.2379032258064516,0.23041666666666671,0.4625,-1.0
vits,30,2,0.15,-24.8372641509434,10.466613587975816,57.88612776112776,0.42113872238872235,0.6001225520167957,"[13, 16, 13, 14, 20, 21, 29, 43, 12, 14, 7, 12, 21, 13, 18, 18, 15, 25, 36, 21]","[8, 12, 15, 15, 13, 12, 15, 13, 11, 13, 9, 9, 12, 12, 15, 14, 11, 12, 12, 15]",0.17356509840727666,0.38949512538837167,0.11322938228863959,0.1761395483641809,0.24825616960673047,-1.0,0.04314516129032257,0.20120967741935486,0.2310483870967742,0.22333333333333333,0.4625,-1.0
vits,30,2,0.2,-11.936320754716984,7.406078584514209,39.35231435231435,0.6064768564768566,0.4338537119247933,"[10, 13, 11, 12, 19, 17, 24, 35, 11, 11, 6, 9, 18, 9, 14, 11, 13, 18, 30, 18]","[8, 12, 15, 15, 13, 12, 15, 13, 11, 13, 9, 9, 12, 12, 15, 14, 11, 12, 12, 15]",0.17190467807157023,0.3832068107630373,0.11322938228863959,0.17418241018692207,0.24825616960673047,-1.0,0.04314516129032257,0.19919354838709677,0.22379032258064516,0.21583333333333332,0.4625,-1.0
vits,30,2,0.25,-7.655660377358492,6.058052492344384,33.29822954822955,0.6670177045177045,0.342092693554787,"[6, 11, 11, 8, 17, 14, 19, 31, 11, 11, 6, 8, 15, 6, 11, 10, 11, 16, 26, 16]","[8, 12, 15, 15, 13, 12, 15, 13, 11, 13, 9, 9, 12, 12, 15, 14, 11, 12, 12, 15]",0.1696242301529846,0.375902828556723,0.11322938228863959,0.17165506809181624,0.24825616960673047,-1.0,0.04314516129032257,0.19798387096774195,0.21733870967741936,0.20916666666666667,0.4625,-1.0
vits,30,2,0.3,-4.99056603773585,5.039841267341661,32.21083083583084,0.6778916916416916,0.23130363857789946,"[5, 9, 9, 7, 16, 10, 15, 26, 10, 10, 6, 6, 14, 6, 10, 9, 10, 14, 21, 13]","[8, 12, 15, 15, 13, 12, 15, 13, 11, 13, 9, 9, 12, 12, 15, 14, 11, 12, 12, 15]",0.1665648609855293,0.3673120080847144,0.11322938228863959,0.16825368463226,0.24825616960673047,-1.0,0.04314516129032257,0.19798387096774195,0.20846774193548384,0.20000000000000004,0.4625,-1.0
vits,30,2,0.4,-6.146226415094341,5.504543577809154,37.893634143634145,0.6210636585636585,0.21415800548850547,"[4, 7, 6, 5, 13, 9, 12, 22, 8, 8, 3, 5, 10, 4, 9, 8, 8, 13, 12, 8]","[8, 12, 15, 15, 13, 12, 15, 13, 11, 13, 9, 9, 12, 12, 15, 14, 11, 12, 12, 15]",0.1623117171322394,0.3573783773590045,0.11085946444579146,0.16366626116006322,0.24825616960673047,-1.0,0.04314516129032257,0.1931451612903226,0.19959677419354838,0.19083333333333335,0.4625,-1.0
vits,30,2,0.5,-9.778301886792455,6.760177512462229,50.470945720945714,0.4952905427905427,0.15719111458656043,"[4, 6, 4, 4, 11, 7, 8, 20, 6, 6, 2, 4, 8, 4, 6, 8, 7, 8, 8, 5]","[8, 12, 15, 15, 13, 12, 15, 13, 11, 13, 9, 9, 12, 12, 15, 14, 11, 12, 12, 15]",0.15763303503009607,0.3385886537153925,0.11085946444579146,0.15944242883322282,0.24825616960673047,-1.0,0.04314516129032257,0.18669354838709679,0.1911290322580645,0.18208333333333332,0.4625,-1.0
vits,30,2,0.6,-11.771226415094342,7.358668357794092,55.705128205128204,0.442948717948718,0.1484839196692015,"[4, 6, 2, 4, 9, 6, 8, 18, 4, 5, 2, 4, 6, 3, 6, 7, 7, 5, 8, 5]","[8, 12, 15, 15, 13, 12, 15, 13, 11, 13, 9, 9, 12, 12, 15, 14, 11, 12, 12, 15]",0.15211352120931898,0.32417959779129135,0.10722254192574314,0.15432567049446763,0.21791752704682232,-1.0,0.04314516129032257,0.1786290322580645,0.182258064516129,0.17541666666666667,0.3875,-1.0
vits,30,2,0.7,-15.084905660377363,8.258329128825032,61.80963480963481,0.3819036519036519,0.1942838019101367,"[4, 6, 1, 2, 8, 5, 8, 14, 3, 4, 1, 4, 5, 3, 3, 7, 4, 3, 6, 5]","[8, 12, 15, 15, 13, 12, 15, 13, 11, 13, 9, 9, 12, 12, 15, 14, 11, 12, 12, 15]",0.1449458033491633,0.3009693022014675,0.10371776666945644,0.1474520823358077,0.21791752704682232,-1.0,0.04314516129032257,0.16693548387096774,0.17056451612903226,0.16333333333333336,0.3875,-1.0
vits,30,2,0.8,-20.28537735849057,9.5,72.22342934842935,0.27776570651570653,0.15395240487099107,"[3, 3, 0, 1, 4, 5, 7, 8, 3, 2, 1, 4, 4, 3, 0, 4, 3, 3, 5, 4]","[8, 12, 15, 15, 13, 12, 15, 13, 11, 13, 9, 9, 12, 12, 15, 14, 11, 12, 12, 15]",0.11871259467843788,0.24003640519656919,0.09031446004665934,0.11905966773383464,0.1857260726072607,-1.0,0.041532258064516124,0.13629032258064516,0.13629032258064516,0.13041666666666668,0.3125,-1.0
vits,30,2,0.9,-27.53773584905661,11.0,85.93695193695193,0.14063048063048061,0.12000892618619448,"[2, 1, 0, 1, 0, 3, 5, 5, 3, 0, 0, 1, 1, 1, 0, 1, 3, 2, 3, 2]","[8, 12, 15, 15, 13, 12, 15, 13, 11, 13, 9, 9, 12, 12, 15, 14, 11, 12, 12, 15]",0.07048356468540815,0.13774024461269657,0.0646103071845646,0.07205570272746337,0.07722772277227721,-1.0,0.03588709677419355,0.07620967741935483,0.07620967741935483,0.075,0.1125,-1.0
vits,30,3,0,-1328.9884009942004,79.18767265174549,668.75999000999,-5.6875999000999,1.6273572184057856,"[90, 92, 98, 96, 94, 92, 98, 100, 88, 84, 85, 92, 83, 96, 90, 82]","[14, 15, 14, 9, 11, 10, 11, 12, 8, 15, 15, 13, 11, 14, 11, 14]",0.21371175568187717,0.5667783694644992,0.07272557906523151,0.22305127145435166,0.23166159676149417,-1.0,0.0401015228426396,0.2639593908629442,0.34213197969543147,0.3308571428571429,0.4318181818181818,-1.0
vits,30,3,0.05,-273.9030654515327,36.00173606925088,256.1925400987901,-1.561925400987901,1.636762386193162,"[20, 53, 81, 28, 17, 61, 29, 35, 49, 31, 80, 33, 31, 42, 65, 30]","[14, 15, 14, 9, 11, 10, 11, 12, 8, 15, 15, 13, 11, 14, 11, 14]",0.21193163503397758,0.5612184189470645,0.07235576279667766,0.2213345858293429,0.2270234058774824,-1.0,0.0401015228426396,0.2639593908629442,0.32436548223350253,0.31485714285714284,0.4,-1.0
vits,30,3,0.1,-94.07207953603977,21.17191535974013,136.97777916527914,-0.3697777916527917,1.110031840053535,"[13, 34, 57, 20, 13, 37, 19, 20, 34, 18, 60, 19, 21, 32, 39, 19]","[14, 15, 14, 9, 11, 10, 11, 12, 8, 15, 15, 13, 11, 14, 11, 14]",0.20864835179603156,0.5507663843465412,0.07150537100903263,0.21828027232878258,0.22352726766684533,-1.0,0.0401015228426396,0.2639593908629442,0.3101522842639594,0.3005714285714286,0.38636363636363635,-1.0
vits,30,3,0.15,-48.40513670256835,15.262290129597195,93.05704711954711,0.06942952880452884,0.8611586947049513,"[11, 22, 49, 18, 11, 30, 16, 16, 26, 15, 47, 15, 19, 26, 30, 15]","[14, 15, 14, 9, 11, 10, 11, 12, 8, 15, 15, 13, 11, 14, 11, 14]",0.20837073098184097,0.5507663843465412,0.07150537100903263,0.2176526202778632,0.22352726766684533,-1.0,0.0401015228426396,0.2639593908629442,0.30862944162436545,0.2988571428571429,0.38636363636363635,-1.0
vits,30,3,0.2,-26.12178956089478,11.308182877898641,68.22134462759463,0.31778655372405373,0.6698981821610378,"[11, 20, 40, 13, 10, 27, 14, 14, 23, 15, 38, 14, 16, 22, 24, 12]","[14, 15, 14, 9, 11, 10, 11, 12, 8, 15, 15, 13, 11, 14, 11, 14]",0.20612798952082723,0.5388062218187546,0.07150537100903263,0.21574074994815434,0.22352726766684533,-1.0,0.0401015228426396,0.2639593908629442,0.30406091370558375,0.2937142857142857,0.38636363636363635,-1.0
vits,30,3,0.25,-14.390223695111848,8.51836251870041,53.761498917748916,0.4623850108225108,0.481043219986538,"[6, 16, 33, 12, 8, 24, 14, 14, 19, 13, 32, 13, 16, 16, 18, 10]","[14, 15, 14, 9, 11, 10, 11, 12, 8, 15, 15, 13, 11, 14, 11, 14]",0.20293732268198292,0.5296988186277967,0.07150537100903263,0.2145385938503453,0.20916079027454235,-1.0,0.0401015228426396,0.2598984771573604,0.29593908629441623,0.2902857142857143,0.34090909090909094,-1.0
vits,30,3,0.3,-7.404308202154102,6.294839156007086,38.900006243756245,0.6109999375624375,0.3680322451922187,"[5, 16, 24, 12, 8, 23, 11, 13, 15, 12, 28, 12, 12, 15, 14, 9]","[14, 15, 14, 9, 11, 10, 11, 12, 8, 15, 15, 13, 11, 14, 11, 14]",0.20015464994295606,0.5197446734324566,0.06983431782776514,0.21203241671338358,0.20246498211600122,-1.0,0.0401015228426396,0.25583756345177666,0.2878172588832487,0.28400000000000003,0.3181818181818182,-1.0
vits,30,3,0.4,-4.951946975973488,5.297405025104273,36.61118395493395,0.6338881604506604,0.1970912840416388,"[3, 16, 20, 8, 6, 17, 8, 7, 11, 10, 23, 10, 8, 10, 12, 7]","[14, 15, 14, 9, 11, 10, 11, 12, 8, 15, 15, 13, 11, 14, 11, 14]",0.18663475753611602,0.48421829537347105,0.06595241592375424,0.19670562951020193,0.19611867472778732,-1.0,0.0401015228426396,0.24111675126903553,0.2598984771573604,0.25542857142857145,0.2954545454545454,-1.0
vits,30,3,0.5,-5.376139188069594,5.482928049865327,36.055160117660115,0.6394483988233988,0.2112072669568628,"[3, 14, 17, 7, 5, 11, 8, 6, 10, 6, 17, 7, 6, 7, 12, 6]","[14, 15, 14, 9, 11, 10, 11, 12, 8, 15, 15, 13, 11, 14, 11, 14]",0.17749590059887285,0.4575959989307974,0.06595241592375424,0.18463643770505764,0.19611867472778732,-1.0,0.0401015228426396,0.2248730964467005,0.2416243654822335,0.23485714285714288,0.2954545454545454,-1.0
vits,30,3,0.6,-7.351284175642087,6.274950199005566,39.00932400932401,0.6099067599067599,0.27240051785994057,"[3, 13, 14, 6, 5, 10, 8, 4, 8, 3, 13, 6, 5, 6, 8, 5]","[14, 15, 14, 9, 11, 10, 11, 12, 8, 15, 15, 13, 11, 14, 11, 14]",0.16448439373423712,0.42124663674481455,0.06084038956960368,0.16795320874007189,0.19611867472778732,-1.0,0.0401015228426396,0.20558375634517767,0.21827411167512686,0.20857142857142857,0.2954545454545454,-1.0
vits,30,3,0.7,-9.8036454018227,7.137051211810099,50.579177766677766,0.4942082223332223,0.22613267208574067,"[3, 12, 12, 4, 3, 6, 7, 4, 6, 2, 11, 4, 5, 4, 8, 5]","[14, 15, 14, 9, 11, 10, 11, 12, 8, 15, 15, 13, 11, 14, 11, 14]",0.14580552444904366,0.3660205308764995,0.05523555672316817,0.1488269010542753,0.1776144909169922,-1.0,0.0401015228426396,0.18274111675126903,0.19086294416243654,0.18342857142857144,0.25,-1.0
vits,30,3,0.8,-13.409279204639603,8.242420760917268,62.11574883449884,0.37884251165501165,0.1970853004801872,"[2, 9, 11, 3, 2, 3, 5, 3, 5, 1, 8, 4, 3, 4, 7, 4]","[14, 15, 14, 9, 11, 10, 11, 12, 8, 15, 15, 13, 11, 14, 11, 14]",0.11987057901747522,0.29854285582146495,0.048879365548495146,0.11965509696715902,0.16541546737091292,-1.0,0.0401015228426396,0.15482233502538073,0.15482233502538073,0.1462857142857143,0.22272727272727272,-1.0
vits,30,3,0.9,-23.019884009942004,10.641898326896381,80.96885753135754,0.1903114246864247,0.1811355338108698,"[1, 0, 8, 2, 0, 2, 2, 1, 4, 1, 1, 3, 1, 2, 6, 1]","[14, 15, 14, 9, 11, 10, 11, 12, 8, 15, 15, 13, 11, 14, 11, 14]",0.06992387480506293,0.16652522395096653,0.029372937293729372,0.06499190480736576,0.11538425271098539,-1.0,0.03248730964467005,0.07614213197969542,0.07614213197969542,0.06857142857142857,0.13636363636363635,-1.0
vits,30,3,0.98,-31.72908036454018,12.422258248804845,98.52430555555556,0.014756944444444448,0.03912032756681858,"[0, 0, 0, 1, 0, 0, 0, 0, 1, 0, 0, 0, 0, 0, 0, 0]","[14, 15, 14, 9, 11, 10, 11, 12, 8, 15, 15, 13, 11, 14, 11, 14]",0.010396039603960397,0.019801980198019802,0.0049504950495049506,0.004950495049504949,0.029702970297029695,-1.0,0.005583756345177665,0.005583756345177665,0.005583756345177665,0.002857142857142857,0.02727272727272727,-1.0
vits,50,1,0,-850.9869565217389,73.77838436832295,561.6655219780221,-4.6166552197802195,1.3292341541098391,"[82, 78, 88, 80, 89, 78, 95, 90, 85, 90, 93, 99]","[16, 9, 16, 8, 15, 13, 16, 15, 14, 13, 14, 15]",0.19323954770043636,0.4761208773214563,0.12411657771690682,0.19829147618554457,0.4171782178217822,-1.0,0.043292682926829265,0.21951219512195125,0.2530487804878049,0.24814814814814815,0.65,-1.0
vits,50,1,0.05,-30.330434782608688,14.148026953136139,93.31387362637363,0.06686126373626373,0.6771812031383149,"[24, 30, 11, 18, 26, 14, 24, 27, 10, 34, 26, 44]","[16, 9, 16, 8, 15, 13, 16, 15, 14, 13, 14, 15]",0.19158209646035596,0.4699336438899285,0.12354636362743507,0.1965599801095469,0.4171782178217822,-1.0,0.043292682926829265,0.21951219512195125,0.23963414634146343,0.23456790123456792,0.65,-1.0
vits,50,1,0.1,-4.191304347826086,5.759050847723665,39.636243386243386,0.6036375661375663,0.2572103709842692,"[20, 16, 7, 14, 17, 10, 13, 17, 9, 23, 15, 23]","[16, 9, 16, 8, 15, 13, 16, 15, 14, 13, 14, 15]",0.19005519342170954,0.4580389419677007,0.12354636362743507,0.19442505475809368,0.4171782178217822,-1.0,0.043292682926829265,0.2182926829268293,0.23475609756097562,0.22962962962962963,0.65,-1.0
vits,50,1,0.15,-2.6782608695652166,4.847679857416329,29.022563085063087,0.7097743691493692,0.211453219060035,"[15, 11, 6, 13, 15, 10, 8, 14, 7, 17, 12, 18]","[16, 9, 16, 8, 15, 13, 16, 15, 14, 13, 14, 15]",0.18538724459994677,0.44358471642397135,0.12146194465922246,0.18913948911886347,0.4171782178217822,-1.0,0.043292682926829265,0.2152439024390244,0.224390243902439,0.2191358024691358,0.65,-1.0
vits,50,1,0.2,-3.604347826086955,5.423713365090993,31.428825803825806,0.6857117419617421,0.1944214225037356,"[12, 8, 4, 11, 14, 9, 8, 12, 6, 15, 10, 12]","[16, 9, 16, 8, 15, 13, 16, 15, 14, 13, 14, 15]",0.18118994889193019,0.4260923214932265,0.12146194465922246,0.18676821750894385,0.4171782178217822,-1.0,0.043292682926829265,0.20853658536585368,0.21707317073170734,0.2117283950617284,0.65,-1.0
vits,50,1,0.25,-4.9347826086956506,6.157651067303722,36.76892551892552,0.6323107448107449,0.19373806160883772,"[11, 6, 3, 9, 12, 7, 8, 9, 6, 12, 10, 10]","[16, 9, 16, 8, 15, 13, 16, 15, 14, 13, 14, 15]",0.17626764065833314,0.40681605052894904,0.12146194465922246,0.17906476979322394,0.4171782178217822,-1.0,0.043292682926829265,0.20426829268292682,0.20609756097560977,0.2006172839506173,0.65,-1.0
vits,50,1,0.3,-5.586956521739129,6.487166818676188,40.19268925518926,0.5980731074481075,0.17341034473438544,"[10, 6, 3, 9, 10, 7, 8, 9, 6, 11, 9, 9]","[16, 9, 16, 8, 15, 13, 16, 15, 14, 13, 14, 15]",0.17626764065833314,0.40681605052894904,0.12146194465922246,0.17906476979322394,0.4171782178217822,-1.0,0.043292682926829265,0.20426829268292682,0.20609756097560977,0.2006172839506173,0.65,-1.0
vits,50,1,0.4,-7.791304347826085,7.494442385305705,50.29965404965405,0.49700345950345953,0.13756208561157832,"[9, 4, 3, 5, 9, 7, 6, 7, 6, 10, 7, 7]","[16, 9, 16, 8, 15, 13, 16, 15, 14, 13, 14, 15]",0.17198664517089365,0.3847293347269477,0.12146194465922246,0.17448956995859308,0.4171782178217822,-1.0,0.043292682926829265,0.2,0.2,0.19444444444444445,0.65,-1.0
vits,50,1,0.5,-9.095652173913042,8.031189202104505,55.5026455026455,0.444973544973545,0.10591922386277661,"[8, 4, 3, 4, 8, 5, 5, 7, 6, 8, 7, 7]","[16, 9, 16, 8, 15, 13, 16, 15, 14, 13, 14, 15]",0.1658587350825875,0.36760329779893064,0.12146194465922246,0.17008862041640843,0.4171782178217822,-1.0,0.043292682926829265,0.19329268292682927,0.19329268292682927,0.18765432098765433,0.65,-1.0
vits,50,1,0.6,-11.247826086956518,8.845903006477066,60.65984940984941,0.3934015059015059,0.12391527177646919,"[6, 4, 3, 4, 8, 3, 3, 7, 5, 7, 7, 6]","[16, 9, 16, 8, 15, 13, 16, 15, 14, 13, 14, 15]",0.15999415702814343,0.3407197270889184,0.12146194465922246,0.1618741240314112,0.4171782178217822,-1.0,0.043292682926829265,0.18536585365853658,0.18536585365853658,0.17962962962962964,0.65,-1.0
vits,50,1,0.7,-13.634782608695648,9.669539802906858,65.76020044770044,0.3423979955229956,0.145124178402905,"[4, 4, 3, 4, 8, 2, 2, 5, 3, 7, 6, 6]","[16, 9, 16, 8, 15, 13, 16, 15, 14, 13, 14, 15]",0.15011767683008026,0.3131577308674264,0.11625089723869093,0.15138060432948522,0.4171782178217822,-1.0,0.043292682926829265,0.17134146341463413,0.17134146341463413,0.1654320987654321,0.65,-1.0
vits,50,1,0.8,-14.939130434782605,10.091250335480401,69.70479751729751,0.3029520248270248,0.12962367330693766,"[4, 4, 3, 3, 6, 1, 2, 5, 3, 7, 5, 5]","[16, 9, 16, 8, 15, 13, 16, 15, 14, 13, 14, 15]",0.14237932679176488,0.2840346534653465,0.11102018548827061,0.14399961170357384,0.4171782178217822,-1.0,0.043292682926829265,0.16341463414634147,0.16341463414634147,0.15740740740740738,0.65,-1.0
vits,50,1,0.9,-21.87826086956521,12.089940722214756,84.31369556369556,0.15686304436304435,0.12986746724760212,"[0, 4, 0, 1, 2, 0, 2, 3, 1, 3, 4, 4]","[16, 9, 16, 8, 15, 13, 16, 15, 14, 13, 14, 15]",0.07337876644807337,0.1481023102310231,0.051626591230551626,0.07221094780285481,0.21881188118811878,-1.0,0.032926829268292684,0.075,0.075,0.0728395061728395,0.25,-1.0
vits,50,2,0,-1710.804245283019,85.19418994274199,711.0899517149518,-6.110899517149517,1.519196482931089,"[97, 96, 100, 98, 100, 99, 96, 99, 99, 99, 97, 98, 100, 94, 100, 99, 90, 97, 97, 96]","[8, 12, 15, 15, 13, 12, 15, 13, 11, 13, 9, 9, 12, 12, 15, 14, 11, 12, 12, 15]",0.20036343159747985,0.4675804631574762,0.1213463739989424,0.2105780228377781,0.20486493914537646,-1.0,0.04314516129032257,0.2379032258064516,0.27701612903225803,0.26958333333333334,0.5,-1.0
vits,50,2,0.05,-341.85377358490575,38.12741795611132,256.35150960150963,-1.5635150960150959,1.6875242208191847,"[24, 33, 28, 30, 96, 25, 48, 72, 24, 36, 21, 37, 43, 54, 35, 57, 26, 51, 97, 43]","[8, 12, 15, 15, 13, 12, 15, 13, 11, 13, 9, 9, 12, 12, 15, 14, 11, 12, 12, 15]",0.19929974001761966,0.46247644517136954,0.1213463739989424,0.20981612857819962,0.20155667974800814,-1.0,0.04314516129032257,0.2379032258064516,0.26733870967741935,0.26125000000000004,0.45,-1.0
vits,50,2,0.1,-124.07075471698116,23.028243528328424,136.77539127539126,-0.3677539127539127,1.2025545193825018,"[18, 22, 19, 20, 76, 20, 35, 56, 15, 20, 14, 16, 30, 29, 23, 38, 20, 33, 57, 27]","[8, 12, 15, 15, 13, 12, 15, 13, 11, 13, 9, 9, 12, 12, 15, 14, 11, 12, 12, 15]",0.19890782582620053,0.46045793974939875,0.1213463739989424,0.20918829931944227,0.20155667974800814,-1.0,0.04314516129032257,0.2379032258064516,0.2657258064516129,0.2595833333333334,0.45,-1.0
vits,50,2,0.15,-64.15330188679246,16.62077013859466,85.74586524586523,0.14254134754134756,0.9891179254814486,"[16, 16, 15, 16, 62, 15, 27, 46, 12, 19, 9, 10, 24, 21, 22, 31, 15, 24, 44, 19]","[8, 12, 15, 15, 13, 12, 15, 13, 11, 13, 9, 9, 12, 12, 15, 14, 11, 12, 12, 15]",0.19819105347061558,0.4554752622843657,0.1213463739989424,0.20807286508454026,0.20155667974800814,-1.0,0.04314516129032257,0.2379032258064516,0.26008064516129037,0.25375,0.45,-1.0
vits,50,2,0.2,-36.97169811320755,12.68857754044952,61.64108114108113,0.3835891885891886,0.7860530951235224,"[16, 13, 14, 13, 53, 14, 24, 41, 11, 17, 8, 8, 18, 15, 20, 25, 13, 20, 32, 17]","[8, 12, 15, 15, 13, 12, 15, 13, 11, 13, 9, 9, 12, 12, 15, 14, 11, 12, 12, 15]",0.19819105347061558,0.4554752622843657,0.1213463739989424,0.20807286508454026,0.20155667974800814,-1.0,0.04314516129032257,0.2379032258064516,0.26008064516129037,0.25375,0.45,-1.0
vits,50,2,0.25,-25.28537735849057,10.556988206870367,47.112567987567985,0.5288743201243201,0.678370852446587,"[13, 10, 14, 11, 50, 13, 19, 36, 10, 15, 5, 8, 15, 13, 18, 21, 13, 14, 25, 14]","[8, 12, 15, 15, 13, 12, 15, 13, 11, 13, 9, 9, 12, 12, 15, 14, 11, 12, 12, 15]",0.19655718776796904,0.451762390997237,0.11986257439282372,0.20654802676893394,0.20155667974800814,-1.0,0.04314516129032257,0.2379032258064516,0.2564516129032258,0.25,0.45,-1.0
vits,50,2,0.3,-18.95283018867925,9.197825830053535,42.13780663780664,0.5786219336219337,0.5851562072413626,"[12, 8, 13, 9, 45, 12, 19, 33, 6, 13, 4, 7, 13, 12, 15, 20, 11, 14, 21, 13]","[8, 12, 15, 15, 13, 12, 15, 13, 11, 13, 9, 9, 12, 12, 15, 14, 11, 12, 12, 15]",0.19615853404121025,0.451762390997237,0.11986257439282372,0.20573207192226795,0.20155667974800814,-1.0,0.04314516129032257,0.2379032258064516,0.25483870967741934,0.24833333333333335,0.45,-1.0
vits,50,2,0.4,-7.596698113207548,6.037383539249433,33.44207181707182,0.6655792818292817,0.3417842336566759,"[9, 8, 9, 9, 31, 11, 15, 26, 5, 12, 3, 7, 12, 10, 13, 18, 9, 12, 17, 11]","[8, 12, 15, 15, 13, 12, 15, 13, 11, 13, 9, 9, 12, 12, 15, 14, 11, 12, 12, 15]",0.194435690169342,0.4426263401878203,0.11986257439282372,0.20323532952993292,0.20155667974800814,-1.0,0.04314516129032257,0.23548387096774195,0.2495967741935484,0.24291666666666667,0.45,-1.0
vits,50,2,0.5,-5.297169811320756,5.167204273105526,35.34597347097347,0.6465402652902653,0.24299913100711668,"[7, 8, 9, 9, 23, 10, 14, 22, 5, 9, 1, 4, 11, 10, 11, 15, 7, 8, 12, 7]","[8, 12, 15, 15, 13, 12, 15, 13, 11, 13, 9, 9, 12, 12, 15, 14, 11, 12, 12, 15]",0.19198326245993505,0.4369286006025409,0.1177294342495411,0.20104796152436408,0.20155667974800814,-1.0,0.04314516129032257,0.2318548387096774,0.24596774193548385,0.23916666666666667,0.45,-1.0
vits,50,2,0.6,-6.33490566037736,5.576737397439475,41.22059884559884,0.5877940115440117,0.20405751371561864,"[5, 8, 7, 6, 14, 7, 12, 20, 4, 8, 1, 4, 8, 10, 11, 12, 5, 7, 10, 5]","[8, 12, 15, 15, 13, 12, 15, 13, 11, 13, 9, 9, 12, 12, 15, 14, 11, 12, 12, 15]",0.18577681244381972,0.41825811504512916,0.1177294342495411,0.19365351374452253,0.20155667974800814,-1.0,0.04314516129032257,0.2278225806451613,0.23427419354838705,0.22708333333333336,0.45,-1.0
vits,50,2,0.7,-9.37735849056604,6.6332495807108,48.28549228549228,0.5171450771450772,0.22677454420706103,"[4, 6, 2, 4, 13, 6, 12, 17, 3, 8, 1, 4, 7, 7, 10, 11, 5, 5, 9, 4]","[8, 12, 15, 15, 13, 12, 15, 13, 11, 13, 9, 9, 12, 12, 15, 14, 11, 12, 12, 15]",0.17845730538540672,0.3897497018499841,0.1177294342495411,0.1862587616633274,0.18462471118883336,-1.0,0.04314516129032257,0.2165322580645161,0.2209677419354839,0.21541666666666667,0.3875,-1.0
vits,50,2,0.8,-13.068396226415096,7.723341245859851,58.154109779109774,0.41845890220890214,0.20686029521392105,"[3, 5, 1, 3, 10, 6, 10, 11, 3, 7, 1, 3, 3, 6, 6, 9, 4, 4, 7, 3]","[8, 12, 15, 15, 13, 12, 15, 13, 11, 13, 9, 9, 12, 12, 15, 14, 11, 12, 12, 15]",0.15867623628704006,0.3426455489271282,0.11004998753409118,0.16355657317949318,0.18462471118883336,-1.0,0.04314516129032257,0.19112903225806452,0.19112903225806452,0.18458333333333335,0.3875,-1.0
vits,50,2,0.9,-21.075471698113212,9.674709297958259,75.24864024864026,0.24751359751359753,0.16646251009774637,"[2, 2, 0, 1, 8, 3, 5, 7, 3, 3, 0, 1, 3, 4, 1, 7, 2, 2, 5, 3]","[8, 12, 15, 15, 13, 12, 15, 13, 11, 13, 9, 9, 12, 12, 15, 14, 11, 12, 12, 15]",0.11604820100869108,0.23571583882792854,0.08650757977127747,0.12410307042547053,0.06006600660066005,-1.0,0.041532258064516124,0.1338709677419355,0.1338709677419355,0.13541666666666669,0.0875,-1.0
vits,50,2,0.98,-35.69811320754718,12.47397290361014,99.19871794871796,0.008012820512820512,0.024059819571585015,"[0, 0, 0, 0, 0, 0, 0, 1, 0, 0, 0, 0, 0, 1, 0, 0, 0, 0, 0, 0]","[8, 12, 15, 15, 13, 12, 15, 13, 11, 13, 9, 9, 12, 12, 15, 14, 11, 12, 12, 15]",0.004455445544554455,0.009900990099009901,0.0049504950495049506,0.005940594059405941,0.0,-1.0,0.003629032258064516,0.003629032258064516,0.003629032258064516,0.00375,0.0,-1.0
vits,50,3,0,-1391.106048053024,81.01581635705463,685.2658626096126,-5.852658626096126,1.6919858572041147,"[88, 85, 98, 88, 95, 95, 99, 100, 97, 88, 92, 98, 88, 95, 95, 89]","[14, 15, 14, 9, 11, 10, 11, 12, 8, 15, 15, 13, 11, 14, 11, 14]",0.28580532697435956,0.6798021132976437,0.16883366658438081,0.2921982119173591,0.292237192385197,-1.0,0.045685279187817264,0.31725888324873097,0.3868020304568528,0.37885714285714284,0.45,-1.0
vits,50,3,0.05,-486.68848384424194,47.95179871495959,364.66252497502495,-2.6466252497502496,1.1103403285565876,"[44, 69, 98, 45, 31, 53, 43, 55, 44, 56, 92, 69, 42, 74, 55, 45]","[14, 15, 14, 9, 11, 10, 11, 12, 8, 15, 15, 13, 11, 14, 11, 14]",0.2854705149582346,0.6798021132976437,0.16883366658438081,0.2918775335327638,0.292237192385197,-1.0,0.045685279187817264,0.31725888324873097,0.383756345177665,0.37542857142857144,0.45,-1.0
vits,50,3,0.1,-232.54432477216238,33.18320358253555,232.35540501165497,-1.3235540501165501,1.0202109325622586,"[34, 46, 76, 30, 18, 39, 30, 39, 25, 42, 86, 51, 31, 47, 37, 32]","[14, 15, 14, 9, 11, 10, 11, 12, 8, 15, 15, 13, 11, 14, 11, 14]",0.28432041286824494,0.6758390013431258,0.16804158737646002,0.29064019520808265,0.292237192385197,-1.0,0.045685279187817264,0.31725888324873097,0.3766497461928934,0.36742857142857144,0.45,-1.0
vits,50,3,0.15,-108.01739850869926,22.67156809750927,155.32873376623377,-0.5532873376623376,0.7431837654225212,"[21, 37, 53, 24, 17, 28, 22, 32, 18, 31, 68, 39, 25, 35, 30, 29]","[14, 15, 14, 9, 11, 10, 11, 12, 8, 15, 15, 13, 11, 14, 11, 14]",0.2822922671501671,0.6681576266044928,0.16804158737646002,0.28848490766304974,0.292237192385197,-1.0,0.045685279187817264,0.31725888324873097,0.36751269035532996,0.3571428571428571,0.45,-1.0
vits,50,3,0.2,-50.52609776304888,15.58645245076634,102.89177836052836,-0.028917783605283645,0.5953025099986264,"[17, 29, 43, 22, 14, 21, 19, 23, 15, 25, 54, 28, 22, 22, 25, 23]","[14, 15, 14, 9, 11, 10, 11, 12, 8, 15, 15, 13, 11, 14, 11, 14]",0.28127813661089957,0.6646009602582467,0.1665516325557352,0.2872083153278722,0.292237192385197,-1.0,0.045685279187817264,0.31725888324873097,0.3634517766497462,0.35257142857142854,0.45,-1.0
vits,50,3,0.25,-28.746478873239436,11.84271928232701,75.8897872960373,0.24110212703962702,0.4740047056967435,"[16, 26, 35, 18, 13, 18, 15, 19, 13, 23, 46, 24, 21, 20, 22, 20]","[14, 15, 14, 9, 11, 10, 11, 12, 8, 15, 15, 13, 11, 14, 11, 14]",0.27925916696633835,0.6608365213143521,0.1665516325557352,0.2858344978008664,0.2839432195916913,-1.0,0.045685279187817264,0.31725888324873097,0.35685279187817265,0.3485714285714286,0.42272727272727273,-1.0
vits,50,3,0.3,-15.225352112676056,8.74642784226795,50.02851315351315,0.49971486846486846,0.40706418798794947,"[13, 23, 26, 15, 11, 14, 13, 15, 10, 21, 41, 21, 20, 18, 19, 17]","[14, 15, 14, 9, 11, 10, 11, 12, 8, 15, 15, 13, 11, 14, 11, 14]",0.2774492433269156,0.6517955243353972,0.16459748977303593,0.2840615233890128,0.2839432195916913,-1.0,0.045685279187817264,0.31725888324873097,0.35177664974619294,0.34285714285714286,0.42272727272727273,-1.0
vits,50,3,0.4,-1.3993371996686,3.3634060117684275,18.43621656121656,0.8156378343878343,0.17787332641527706,"[11, 17, 17, 11, 11, 11, 11, 13, 6, 14, 25, 14, 17, 13, 12, 11]","[14, 15, 14, 9, 11, 10, 11, 12, 8, 15, 15, 13, 11, 14, 11, 14]",0.2714989384956384,0.635456890031826,0.16198722874693328,0.2777155507783546,0.27746357162689483,-1.0,0.045685279187817264,0.31725888324873097,0.33959390862944167,0.3314285714285714,0.4045454545454546,-1.0
vits,50,3,0.5,-0.8425849212924605,2.947456530637899,19.75467241092241,0.8024532758907759,0.1359372043408926,"[9, 16, 16, 9, 9, 6, 8, 12, 5, 13, 19, 10, 11, 10, 10, 9]","[14, 15, 14, 9, 11, 10, 11, 12, 8, 15, 15, 13, 11, 14, 11, 14]",0.26238212662322263,0.607255264615166,0.15885471210543864,0.2669291035624488,0.27746357162689483,-1.0,0.045685279187817264,0.31116751269035536,0.32487309644670054,0.31485714285714284,0.4045454545454546,-1.0
vits,50,3,0.6,-2.2874896437448218,3.9370039370059056,24.65824106449106,0.7534175893550894,0.19329099237422115,"[9, 14, 14, 8, 9, 5, 7, 12, 5, 11, 15, 9, 10, 5, 9, 7]","[14, 15, 14, 9, 11, 10, 11, 12, 8, 15, 15, 13, 11, 14, 11, 14]",0.25171926648578796,0.5761511744211552,0.155533883128131,0.25464273739629145,0.26673730669270906,-1.0,0.045685279187817264,0.2954314720812183,0.3055837563451777,0.29657142857142854,0.37727272727272726,-1.0
vits,50,3,0.7,-5.91963545981773,5.7118298293979315,42.23751942501943,0.5776248057498057,0.19493761051668326,"[8, 13, 12, 4, 9, 3, 6, 5, 4, 10, 9, 7, 9, 4, 8, 4]","[14, 15, 14, 9, 11, 10, 11, 12, 8, 15, 15, 13, 11, 14, 11, 14]",0.2277972966033227,0.5074189836609918,0.1479721379426234,0.23039363547805447,0.24434747818731212,-1.0,0.045685279187817264,0.2685279187817259,0.27157360406091374,0.2634285714285714,0.3363636363636364,-1.0
vits,50,3,0.8,-12.507870753935377,7.980444849756184,59.63619713619713,0.40363802863802867,0.18750739408612638,"[5, 7, 9, 3, 8, 2, 5, 2, 4, 6, 4, 5, 8, 2, 6, 2]","[14, 15, 14, 9, 11, 10, 11, 12, 8, 15, 15, 13, 11, 14, 11, 14]",0.18422066943947515,0.3798256748751798,0.13038399691146554,0.18193692610425954,0.21328075997304763,-1.0,0.045685279187817264,0.2137055837563452,0.2137055837563452,0.20571428571428568,0.2772727272727273,-1.0
vits,50,3,0.9,-23.775476387738195,10.807983160608643,84.35592185592185,0.15644078144078144,0.1521703977925206,"[1, 3, 6, 1, 6, 0, 0, 1, 2, 2, 0, 2, 2, 0, 3, 1]","[14, 15, 14, 9, 11, 10, 11, 12, 8, 15, 15, 13, 11, 14, 11, 14]",0.08055319817696055,0.15841584158415842,0.06304023259468804,0.07695655169912596,0.09642621404997642,-1.0,0.0350253807106599,0.08781725888324873,0.08781725888324873,0.08457142857142858,0.11363636363636362,-1.0
vitb,1,1,0,-17.221739130434777,10.789655539759677,72.49745624745626,0.27502543752543757,0.75887858071766,"[0, 17, 9, 32, 18, 1, 3, 18, 14, 7, 5, 17]","[16, 9, 16, 8, 15, 13, 16, 15, 14, 13, 14, 15]",0.012439328775133368,0.05527976076504239,0.0,0.012926183662409604,0.0,-1.0,0.004878048780487804,0.025609756097560978,0.032317073170731715,0.03271604938271604,0.0,-1.0
vitb,1,1,0.05,-27.91739130434782,13.592277219068187,95.8399470899471,0.0416005291005291,0.07281535782133523,"[0, 1, 0, 2, 0, 0, 0, 1, 1, 0, 0, 0]","[16, 9, 16, 8, 15, 13, 16, 15, 14, 13, 14, 15]",0.005940594059405941,0.019801980198019802,0.0,0.005940594059405941,0.0,-1.0,0.00426829268292683,0.006097560975609756,0.006097560975609756,0.006172839506172839,0.0,-1.0
vitb,1,1,0.1,-28.660869565217386,13.765899897936205,98.47883597883599,0.015211640211640213,0.03496544943885266,"[0, 1, 0, 0, 0, 0, 0, 0, 1, 0, 0, 0]","[16, 9, 16, 8, 15, 13, 16, 15, 14, 13, 14, 15]",0.005445544554455445,0.019801980198019802,0.0,0.005445544554455445,0.0,-1.0,0.00426829268292683,0.00426829268292683,0.00426829268292683,0.004320987654320987,0.0,-1.0
vitb,1,1,0.15,-28.660869565217386,13.765899897936205,98.47883597883599,0.015211640211640213,0.03496544943885266,"[0, 1, 0, 0, 0, 0, 0, 0, 1, 0, 0, 0]","[16, 9, 16, 8, 15, 13, 16, 15, 14, 13, 14, 15]",0.005445544554455445,0.019801980198019802,0.0,0.005445544554455445,0.0,-1.0,0.00426829268292683,0.00426829268292683,0.00426829268292683,0.004320987654320987,0.0,-1.0
vitb,1,1,0.2,-28.660869565217386,13.765899897936205,98.47883597883599,0.015211640211640213,0.03496544943885266,"[0, 1, 0, 0, 0, 0, 0, 0, 1, 0, 0, 0]","[16, 9, 16, 8, 15, 13, 16, 15, 14, 13, 14, 15]",0.005445544554455445,0.019801980198019802,0.0,0.005445544554455445,0.0,-1.0,0.00426829268292683,0.00426829268292683,0.00426829268292683,0.004320987654320987,0.0,-1.0
vitb,1,1,0.25,-28.882608695652166,13.81725973797506,99.40476190476191,0.0059523809523809494,0.019741814228305943,"[0, 0, 0, 0, 0, 0, 0, 0, 1, 0, 0, 0]","[16, 9, 16, 8, 15, 13, 16, 15, 14, 13, 14, 15]",0.00198019801980198,0.0099009900990099,0.0,0.00198019801980198,0.0,-1.0,0.0012195121951219512,0.0012195121951219512,0.0012195121951219512,0.0012345679012345679,0.0,-1.0
vitb,1,1,0.3,-28.882608695652166,13.81725973797506,99.40476190476191,0.0059523809523809494,0.019741814228305943,"[0, 0, 0, 0, 0, 0, 0, 0, 1, 0, 0, 0]","[16, 9, 16, 8, 15, 13, 16, 15, 14, 13, 14, 15]",0.00198019801980198,0.0099009900990099,0.0,0.00198019801980198,0.0,-1.0,0.0012195121951219512,0.0012195121951219512,0.0012195121951219512,0.0012345679012345679,0.0,-1.0
vitb,1,1,0.4,-28.882608695652166,13.81725973797506,99.40476190476191,0.0059523809523809494,0.019741814228305943,"[0, 0, 0, 0, 0, 0, 0, 0, 1, 0, 0, 0]","[16, 9, 16, 8, 15, 13, 16, 15, 14, 13, 14, 15]",0.00198019801980198,0.0099009900990099,0.0,0.00198019801980198,0.0,-1.0,0.0012195121951219512,0.0012195121951219512,0.0012195121951219512,0.0012345679012345679,0.0,-1.0
vitb,1,1,0.5,-28.882608695652166,13.81725973797506,99.40476190476191,0.0059523809523809494,0.019741814228305943,"[0, 0, 0, 0, 0, 0, 0, 0, 1, 0, 0, 0]","[16, 9, 16, 8, 15, 13, 16, 15, 14, 13, 14, 15]",0.00198019801980198,0.0099009900990099,0.0,0.00198019801980198,0.0,-1.0,0.0012195121951219512,0.0012195121951219512,0.0012195121951219512,0.0012345679012345679,0.0,-1.0
vitb,1,2,0,-376.806603773585,40.02374295340205,295.8514818514818,-1.9585148185148185,1.5458121557370303,"[54, 25, 60, 66, 30, 28, 28, 70, 41, 45, 61, 26, 31, 66, 51, 83, 19, 59, 56, 67]","[8, 12, 15, 15, 13, 12, 15, 13, 11, 13, 9, 9, 12, 12, 15, 14, 11, 12, 12, 15]",0.024676948701233298,0.12340218412188324,0.0014966850749634705,0.02473238788586619,0.07193217482771459,-1.0,0.006854838709677419,0.05120967741935484,0.09153225806451612,0.08916666666666667,0.1625,-1.0
vitb,1,2,0.05,-9.542452830188681,6.685805860178712,47.8287407037407,0.521712592962593,0.25245064791359734,"[5, 5, 15, 7, 5, 5, 0, 10, 3, 6, 12, 2, 3, 8, 12, 19, 3, 5, 9, 16]","[8, 12, 15, 15, 13, 12, 15, 13, 11, 13, 9, 9, 12, 12, 15, 14, 11, 12, 12, 15]",0.019335665149935947,0.09377261142100375,0.0013435769806488846,0.019099360243795792,0.06721672167216722,-1.0,0.006854838709677419,0.041935483870967745,0.04556451612903226,0.04458333333333333,0.075,-1.0
vitb,1,2,0.1,-14.011792452830191,7.978095010715277,59.56716894216895,0.40432831057831053,0.2403271182254096,"[3, 4, 9, 5, 5, 1, 0, 5, 3, 5, 9, 2, 3, 5, 8, 10, 2, 3, 6, 13]","[8, 12, 15, 15, 13, 12, 15, 13, 11, 13, 9, 9, 12, 12, 15, 14, 11, 12, 12, 15]",0.017016153977726888,0.0811295007750856,0.0011001100110011,0.01644490300897265,0.06721672167216722,-1.0,0.006854838709677419,0.03588709677419355,0.03588709677419355,0.034583333333333334,0.075,-1.0
vitb,1,2,0.15,-17.60849056603774,8.882567196480982,68.71307858807859,0.31286921411921415,0.18233452832882846,"[1, 3, 6, 3, 4, 1, 0, 4, 3, 4, 7, 2, 3, 4, 5, 8, 2, 3, 5, 10]","[8, 12, 15, 15, 13, 12, 15, 13, 11, 13, 9, 9, 12, 12, 15, 14, 11, 12, 12, 15]",0.01666100976765371,0.07757805867435379,0.0011001100110011,0.016058522907547872,0.06721672167216722,-1.0,0.006854838709677419,0.0342741935483871,0.0342741935483871,0.032916666666666664,0.075,-1.0
vitb,1,2,0.2,-21.216981132075475,9.705668446840743,76.05223942723941,0.23947760572760574,0.15872948246314947,"[1, 2, 4, 2, 3, 0, 0, 4, 3, 4, 5, 1, 2, 4, 4, 8, 1, 1, 4, 7]","[8, 12, 15, 15, 13, 12, 15, 13, 11, 13, 9, 9, 12, 12, 15, 14, 11, 12, 12, 15]",0.015526818184723701,0.06915566556655665,0.0011001100110011,0.01480938425741912,0.06435643564356433,-1.0,0.006854838709677419,0.031451612903225803,0.031451612903225803,0.030416666666666668,0.0625,-1.0
vitb,1,2,0.25,-23.740566037735853,10.242070103255495,80.83218170718169,0.19167818292818292,0.120746186247409,"[1, 1, 4, 1, 3, 0, 0, 4, 2, 4, 3, 1, 2, 3, 2, 6, 1, 1, 4, 5]","[8, 12, 15, 15, 13, 12, 15, 13, 11, 13, 9, 9, 12, 12, 15, 14, 11, 12, 12, 15]",0.014727666841017903,0.0647002200220022,0.0011001100110011,0.013933527440968246,0.06435643564356433,-1.0,0.006854838709677419,0.028629032258064513,0.028629032258064513,0.027499999999999997,0.0625,-1.0
vitb,1,2,0.3,-26.28773584905661,10.756393447619885,84.59317071817071,0.15406829281829282,0.11679818208766914,"[1, 0, 3, 0, 2, 0, 0, 3, 2, 3, 3, 1, 0, 3, 2, 5, 1, 1, 4, 4]","[8, 12, 15, 15, 13, 12, 15, 13, 11, 13, 9, 9, 12, 12, 15, 14, 11, 12, 12, 15]",0.01336735689698002,0.05974972497249724,0.0011001100110011,0.011315327838202542,0.06435643564356433,-1.0,0.005241935483870967,0.024193548387096774,0.024193548387096774,0.022916666666666665,0.0625,-1.0
vitb,1,2,0.4,-28.540094339622648,11.191514642799696,88.13590576090576,0.11864094239094239,0.09727447433220969,"[1, 0, 1, 0, 1, 0, 0, 1, 2, 3, 2, 1, 0, 2, 2, 5, 1, 1, 3, 3]","[8, 12, 15, 15, 13, 12, 15, 13, 11, 13, 9, 9, 12, 12, 15, 14, 11, 12, 12, 15]",0.010606704348595779,0.046887447365426195,0.0011001100110011,0.008504243281471006,0.06435643564356433,-1.0,0.005241935483870967,0.018145161290322585,0.018145161290322585,0.01666666666666667,0.0625,-1.0
vitb,1,2,0.5,-30.886792452830196,11.627553482998906,91.93874181374181,0.08061258186258186,0.09726892285484816,"[1, 0, 0, 0, 0, 0, 0, 0, 2, 2, 1, 0, 0, 2, 1, 5, 0, 1, 2, 3]","[8, 12, 15, 15, 13, 12, 15, 13, 11, 13, 9, 9, 12, 12, 15, 14, 11, 12, 12, 15]",0.0077337733773377325,0.03135313531353135,0.0011001100110011,0.005583451202263084,0.06435643564356433,-1.0,0.00282258064516129,0.011693548387096773,0.011693548387096773,0.01,0.0625,-1.0
vitb,1,2,0.6,-32.962264150943405,12.0,95.2777222777223,0.04722277722277722,0.07814056609811504,"[0, 0, 0, 0, 0, 0, 0, 0, 2, 1, 0, 0, 0, 2, 0, 4, 0, 1, 1, 1]","[8, 12, 15, 15, 13, 12, 15, 13, 11, 13, 9, 9, 12, 12, 15, 14, 11, 12, 12, 15]",0.006138613861386138,0.0264026402640264,0.0,0.0036775106082036777,0.06435643564356433,-1.0,0.00282258064516129,0.0060483870967741925,0.0060483870967741925,0.0041666666666666675,0.0625,-1.0
vitb,1,2,0.7,-34.00000000000001,12.181953866272849,96.95021645021646,0.030497835497835503,0.06694329309326456,"[0, 0, 0, 0, 0, 0, 0, 0, 1, 0, 0, 0, 0, 1, 0, 4, 0, 1, 0, 1]","[8, 12, 15, 15, 13, 12, 15, 13, 11, 13, 9, 9, 12, 12, 15, 14, 11, 12, 12, 15]",0.006097359735973597,0.02599009900990099,0.0,0.0029702970297029703,0.06435643564356433,-1.0,0.00282258064516129,0.0056451612903225794,0.0056451612903225794,0.0037500000000000007,0.0625,-1.0
vitb,1,2,0.8,-34.27122641509435,12.22906374175881,97.36688311688312,0.026331168831168834,0.06611331020290862,"[0, 0, 0, 0, 0, 0, 0, 0, 1, 0, 0, 0, 0, 0, 0, 4, 0, 1, 0, 1]","[8, 12, 15, 15, 13, 12, 15, 13, 11, 13, 9, 9, 12, 12, 15, 14, 11, 12, 12, 15]",0.005478547854785479,0.019801980198019802,0.0,0.0029702970297029703,0.06435643564356433,-1.0,0.0024193548387096775,0.005241935483870967,0.005241935483870967,0.003333333333333334,0.0625,-1.0
vitb,1,2,0.9,-35.94575471698114,12.515989773086266,99.64285714285715,0.00357142857142857,0.01556749622693097,"[0, 0, 0, 0, 0, 0, 0, 0, 0, 0, 0, 0, 0, 0, 0, 1, 0, 0, 0, 0]","[8, 12, 15, 15, 13, 12, 15, 13, 11, 13, 9, 9, 12, 12, 15, 14, 11, 12, 12, 15]",0.00099009900990099,0.0099009900990099,0.0,0.00099009900990099,0.0,-1.0,0.0004032258064516129,0.0004032258064516129,0.0004032258064516129,0.00041666666666666664,0.0,-1.0
vitb,1,3,0,-89.0215410107705,20.601880982085106,109.14864649239648,-0.0914864649239649,1.0929842073008948,"[58, 20, 57, 25, 11, 2, 13, 13, 15, 33, 14, 49, 10, 30, 11, 41]","[14, 15, 14, 9, 11, 10, 11, 12, 8, 15, 15, 13, 11, 14, 11, 14]",0.03498129066243574,0.17999801529905715,0.0038283828382838277,0.032413407900500874,0.06767592201342797,-1.0,0.015228426395939085,0.06548223350253807,0.08274111675126904,0.07657142857142857,0.1318181818181818,-1.0
vitb,1,3,0.05,-19.613090306545153,9.858372076565177,80.45780608280609,0.19542193917193917,0.16493443136371588,"[5, 5, 6, 2, 1, 0, 0, 2, 0, 4, 0, 5, 0, 6, 1, 5]","[14, 15, 14, 9, 11, 10, 11, 12, 8, 15, 15, 13, 11, 14, 11, 14]",0.025887461895824786,0.13917893317345315,0.0038283828382838277,0.023525937995781215,0.055651815181518155,-1.0,0.013197969543147206,0.04111675126903554,0.04111675126903554,0.036571428571428574,0.07727272727272727,-1.0
vitb,1,3,0.1,-22.43661971830986,10.51189802081432,85.75317044067044,0.1424682955932956,0.13660479982189302,"[5, 3, 3, 1, 1, 0, 0, 1, 0, 4, 0, 5, 0, 4, 0, 4]","[14, 15, 14, 9, 11, 10, 11, 12, 8, 15, 15, 13, 11, 14, 11, 14]",0.024093910919105493,0.13224824010414624,0.002838283828382838,0.020400985159377813,0.055651815181518155,-1.0,0.013197969543147206,0.0365482233502538,0.0365482233502538,0.03142857142857143,0.07727272727272727,-1.0
vitb,1,3,0.15,-23.709196354598177,10.793516572461451,87.44959901209901,0.1255040098790099,0.12964575027403707,"[5, 1, 3, 1, 1, 0, 0, 1, 0, 3, 0, 5, 0, 3, 0, 4]","[14, 15, 14, 9, 11, 10, 11, 12, 8, 15, 15, 13, 11, 14, 11, 14]",0.02326350529789821,0.12394418389207341,0.002838283828382838,0.019583077281633516,0.055651815181518155,-1.0,0.013197969543147206,0.03553299492385787,0.03553299492385787,0.030285714285714287,0.07727272727272727,-1.0
vitb,1,3,0.2,-25.485501242750622,11.174748319313505,90.09840853590853,0.09901591464091464,0.10714958113371305,"[4, 1, 2, 1, 1, 0, 0, 1, 0, 2, 0, 5, 0, 2, 0, 2]","[14, 15, 14, 9, 11, 10, 11, 12, 8, 15, 15, 13, 11, 14, 11, 14]",0.016809039926549044,0.09692548202188639,0.00165016501650165,0.01227958510136728,0.055651815181518155,-1.0,0.013197969543147206,0.021827411167512693,0.021827411167512693,0.014857142857142857,0.07727272727272727,-1.0
vitb,1,3,0.25,-26.75807787903894,11.440061188647551,92.05051892551892,0.07949481074481074,0.11056779126021103,"[4, 1, 1, 1, 0, 0, 0, 0, 0, 1, 0, 5, 0, 2, 0, 2]","[14, 15, 14, 9, 11, 10, 11, 12, 8, 15, 15, 13, 11, 14, 11, 14]",0.014941966885764206,0.08736167734420501,0.00165016501650165,0.010539053905390536,0.04744931636020745,-1.0,0.00964467005076142,0.017766497461928935,0.017766497461928935,0.012,0.06363636363636363,-1.0
vitb,1,3,0.3,-27.858326429163213,11.664583147288205,93.33028083028083,0.06669719169719168,0.11217824125295493,"[4, 0, 1, 1, 0, 0, 0, 0, 0, 0, 0, 5, 0, 2, 0, 1]","[14, 15, 14, 9, 11, 10, 11, 12, 8, 15, 15, 13, 11, 14, 11, 14]",0.01232201791607732,0.06859971711456861,0.00165016501650165,0.00836083608360836,0.040165016501650164,-1.0,0.007106598984771574,0.014720812182741117,0.014720812182741117,0.009714285714285713,0.05454545454545455,-1.0
vitb,1,3,0.4,-29.303231151615577,11.95303308788192,95.63110500610502,0.04368894993894994,0.07549129764146281,"[3, 0, 1, 1, 0, 0, 0, 0, 0, 0, 0, 3, 0, 0, 0, 1]","[14, 15, 14, 9, 11, 10, 11, 12, 8, 15, 15, 13, 11, 14, 11, 14]",0.008828382838283827,0.04950495049504951,0.00165016501650165,0.00825082508250825,0.022277227722772276,-1.0,0.006091370558375634,0.01015228426395939,0.01015228426395939,0.0074285714285714285,0.031818181818181815,-1.0
vitb,1,3,0.5,-30.827671913835957,12.25,98.14560439560441,0.01854395604395604,0.04910113887833825,"[2, 0, 0, 0, 0, 0, 0, 0, 0, 0, 0, 2, 0, 0, 0, 0]","[14, 15, 14, 9, 11, 10, 11, 12, 8, 15, 15, 13, 11, 14, 11, 14]",0.005198019801980198,0.0297029702970297,0.0,0.005280528052805281,0.0,-1.0,0.002030456852791878,0.004060913705583756,0.004060913705583756,0.004571428571428572,0.0,-1.0
vitb,1,3,0.6,-30.827671913835957,12.25,98.14560439560441,0.01854395604395604,0.04910113887833825,"[2, 0, 0, 0, 0, 0, 0, 0, 0, 0, 0, 2, 0, 0, 0, 0]","[14, 15, 14, 9, 11, 10, 11, 12, 8, 15, 15, 13, 11, 14, 11, 14]",0.005198019801980198,0.0297029702970297,0.0,0.005280528052805281,0.0,-1.0,0.002030456852791878,0.004060913705583756,0.004060913705583756,0.004571428571428572,0.0,-1.0
vitb,1,3,0.7,-31.15907207953604,12.313610356024752,98.59203296703298,0.014079670329670328,0.03999912968123946,"[1, 0, 0, 0, 0, 0, 0, 0, 0, 0, 0, 2, 0, 0, 0, 0]","[14, 15, 14, 9, 11, 10, 11, 12, 8, 15, 15, 13, 11, 14, 11, 14]",0.0039603960396039604,0.019801980198019802,0.0,0.0039603960396039604,0.0,-1.0,0.002030456852791878,0.0025380710659898475,0.0025380710659898475,0.0028571428571428576,0.0,-1.0
vitb,1,3,0.8,-31.15907207953604,12.313610356024752,98.59203296703298,0.014079670329670328,0.03999912968123946,"[1, 0, 0, 0, 0, 0, 0, 0, 0, 0, 0, 2, 0, 0, 0, 0]","[14, 15, 14, 9, 11, 10, 11, 12, 8, 15, 15, 13, 11, 14, 11, 14]",0.0039603960396039604,0.019801980198019802,0.0,0.0039603960396039604,0.0,-1.0,0.002030456852791878,0.0025380710659898475,0.0025380710659898475,0.0028571428571428576,0.0,-1.0
vitb,1,3,0.9,-31.7953603976802,12.434830115445887,99.55357142857143,0.004464285714285712,0.017290104224140245,"[1, 0, 0, 0, 0, 0, 0, 0, 0, 0, 0, 0, 0, 0, 0, 0]","[14, 15, 14, 9, 11, 10, 11, 12, 8, 15, 15, 13, 11, 14, 11, 14]",0.00198019801980198,0.0099009900990099,0.0,0.00198019801980198,0.0,-1.0,0.001015228426395939,0.001015228426395939,0.001015228426395939,0.001142857142857143,0.0,-1.0
vitb,5,1,0,-168.29130434782604,32.88743427714198,183.34808709808706,-0.8334808709808709,1.3057231581708506,"[26, 16, 23, 11, 55, 25, 61, 47, 23, 50, 62, 80]","[16, 9, 16, 8, 15, 13, 16, 15, 14, 13, 14, 15]",0.09236488047064145,0.2662672866381555,0.032899939758423646,0.10431512577711272,0.06971592843812723,-1.0,0.02865853658536586,0.13414634146341464,0.17621951219512197,0.17222222222222222,0.5,-1.0
vitb,5,1,0.05,-9.030434782608694,8.005206639015219,56.02144383394383,0.43978556166056165,0.2240326506482441,"[5, 3, 3, 1, 8, 2, 13, 6, 6, 7, 11, 10]","[16, 9, 16, 8, 15, 13, 16, 15, 14, 13, 14, 15]",0.07168034556482208,0.19138962541365973,0.03041877766371955,0.07899697392734277,0.06191654879773691,-1.0,0.02865853658536586,0.10548780487804879,0.10548780487804879,0.1037037037037037,0.25,-1.0
vitb,5,1,0.1,-13.439130434782605,9.604686356149273,68.74033374033375,0.3125966625966626,0.16722793822807067,"[3, 2, 2, 1, 4, 1, 9, 6, 4, 6, 8, 7]","[16, 9, 16, 8, 15, 13, 16, 15, 14, 13, 14, 15]",0.06460593457004389,0.16732083197969452,0.028590902568517724,0.07020109297160607,0.06191654879773691,-1.0,0.02865853658536586,0.09024390243902439,0.09024390243902439,0.0882716049382716,0.25,-1.0
vitb,5,1,0.15,-15.408695652173908,10.238815035605112,74.61118742368741,0.25388812576312575,0.15437884669546773,"[3, 0, 2, 1, 4, 1, 8, 5, 3, 5, 7, 5]","[16, 9, 16, 8, 15, 13, 16, 15, 14, 13, 14, 15]",0.058707316647027094,0.15391479749869538,0.024465490027263594,0.06321763890031484,0.06191654879773691,-1.0,0.02378048780487805,0.0774390243902439,0.0774390243902439,0.07530864197530864,0.25,-1.0
vitb,5,1,0.2,-18.147826086956517,11.060440015358038,80.19268925518926,0.19807310744810747,0.12141324242158179,"[3, 0, 0, 1, 4, 1, 6, 4, 3, 4, 5, 3]","[16, 9, 16, 8, 15, 13, 16, 15, 14, 13, 14, 15]",0.05080416583194589,0.13238138382783268,0.024465490027263594,0.05384267251331899,0.06191654879773691,-1.0,0.021341463414634148,0.06524390243902439,0.06524390243902439,0.06296296296296296,0.25,-1.0
vitb,5,1,0.25,-19.5695652173913,11.463710859345095,82.94070512820512,0.17059294871794872,0.09669562923467571,"[3, 0, 0, 1, 3, 1, 4, 3, 3, 4, 4, 3]","[16, 9, 16, 8, 15, 13, 16, 15, 14, 13, 14, 15]",0.0460172061522051,0.11020959261219994,0.024465490027263594,0.04994239970215509,0.06191654879773691,-1.0,0.021341463414634148,0.059146341463414645,0.059146341463414645,0.05679012345679012,0.25,-1.0
vitb,5,1,0.3,-21.121739130434776,11.88836966675134,85.84859584859585,0.14151404151404148,0.08996266908224143,"[2, 0, 0, 1, 3, 1, 4, 3, 1, 3, 4, 2]","[16, 9, 16, 8, 15, 13, 16, 15, 14, 13, 14, 15]",0.03924917927455481,0.09571374647586217,0.024465490027263594,0.04333217775559069,0.0,-1.0,0.021341463414634148,0.0475609756097561,0.0475609756097561,0.04814814814814815,0.0,-1.0
vitb,5,1,0.4,-24.108695652173907,12.665570127975553,90.90926434676435,0.0909073565323565,0.0680663720978023,"[0, 0, 0, 1, 1, 1, 3, 3, 1, 2, 2, 1]","[16, 9, 16, 8, 15, 13, 16, 15, 14, 13, 14, 15]",0.031874206651434374,0.07294364051789795,0.02145214521452145,0.034996219402159995,0.0,-1.0,0.01951219512195122,0.036585365853658534,0.036585365853658534,0.037037037037037035,0.0,-1.0
vitb,5,1,0.5,-26.89999999999999,13.35102992281869,95.40941697191698,0.04590583028083026,0.04155914716647425,"[0, 0, 0, 1, 0, 1, 1, 1, 1, 1, 1, 0]","[16, 9, 16, 8, 15, 13, 16, 15, 14, 13, 14, 15]",0.017656765676567654,0.039603960396039604,0.0132013201320132,0.01881188118811881,0.0,-1.0,0.015853658536585366,0.015853658536585366,0.015853658536585366,0.01604938271604938,0.0,-1.0
vitb,5,1,0.6,-27.87826086956521,13.583077707206124,97.52747252747254,0.02472527472527471,0.03500277445717286,"[0, 0, 0, 0, 0, 1, 0, 0, 1, 1, 1, 0]","[16, 9, 16, 8, 15, 13, 16, 15, 14, 13, 14, 15]",0.014686468646864686,0.0297029702970297,0.0132013201320132,0.015841584158415842,0.0,-1.0,0.012804878048780489,0.012804878048780489,0.012804878048780489,0.012962962962962963,0.0,-1.0
vitb,5,1,0.7,-28.556521739130428,13.741664139882525,98.76373626373626,0.012362637362637355,0.02766644018318825,"[0, 0, 0, 0, 0, 0, 0, 0, 0, 1, 1, 0]","[16, 9, 16, 8, 15, 13, 16, 15, 14, 13, 14, 15]",0.00891089108910891,0.019801980198019802,0.0049504950495049506,0.009900990099009901,0.0,-1.0,0.006097560975609756,0.006097560975609756,0.006097560975609756,0.006172839506172839,0.0,-1.0
vitb,5,2,0,-934.3891509433964,62.97658294953768,501.052392052392,-4.010523920523921,2.3737532774673995,"[78, 31, 83, 95, 68, 80, 27, 83, 91, 52, 99, 85, 34, 82, 81, 52, 48, 86, 86, 86]","[8, 12, 15, 15, 13, 12, 15, 13, 11, 13, 9, 9, 12, 12, 15, 14, 11, 12, 12, 15]",0.10320613188165191,0.297080014334303,0.028328805373299504,0.12092295870224548,0.18441472083083796,-1.0,0.033467741935483866,0.16088709677419355,0.2314516129032258,0.225,0.425,-1.0
vitb,5,2,0.05,-10.485849056603776,6.978538528947161,45.66075591075591,0.5433924408924409,0.24504382050975088,"[8, 5, 7, 7, 9, 5, 1, 9, 5, 4, 11, 8, 3, 9, 22, 6, 10, 4, 9, 26]","[8, 12, 15, 15, 13, 12, 15, 13, 11, 13, 9, 9, 12, 12, 15, 14, 11, 12, 12, 15]",0.08111853394726451,0.23100629548624807,0.023658389933732513,0.09195603079413263,0.1756129184347006,-1.0,0.033467741935483866,0.12862903225806452,0.13588709677419356,0.13124999999999998,0.275,-1.0
vitb,5,2,0.1,-14.884433962264154,8.206704576137732,58.25722888222889,0.4174277111777111,0.25180916028827194,"[3, 3, 4, 2, 4, 5, 0, 9, 3, 3, 9, 5, 1, 6, 18, 4, 6, 4, 6, 18]","[8, 12, 15, 15, 13, 12, 15, 13, 11, 13, 9, 9, 12, 12, 15, 14, 11, 12, 12, 15]",0.06964255172135907,0.19740195012812894,0.02094383545497407,0.07567652983752303,0.1756129184347006,-1.0,0.030645161290322583,0.0995967741935484,0.10564516129032257,0.1,0.275,-1.0
vitb,5,2,0.15,-17.926886792452834,8.958236433584458,65.08970196470196,0.3491029803529803,0.24720966638850714,"[3, 3, 3, 1, 3, 3, 0, 7, 3, 2, 7, 5, 1, 5, 16, 3, 4, 3, 3, 12]","[8, 12, 15, 15, 13, 12, 15, 13, 11, 13, 9, 9, 12, 12, 15, 14, 11, 12, 12, 15]",0.06187541186463212,0.17034595461770358,0.02094383545497407,0.06452794450231734,0.1756129184347006,-1.0,0.030645161290322583,0.08346774193548387,0.08830645161290322,0.08208333333333333,0.275,-1.0
vitb,5,2,0.2,-19.896226415094343,9.412757300600074,69.64663114663115,0.30353368853368856,0.23992149123755385,"[2, 3, 3, 1, 3, 3, 0, 6, 3, 1, 7, 4, 0, 5, 14, 2, 4, 2, 2, 9]","[8, 12, 15, 15, 13, 12, 15, 13, 11, 13, 9, 9, 12, 12, 15, 14, 11, 12, 12, 15]",0.05984981563985127,0.16425303763369745,0.02094383545497407,0.061825596476884376,0.1756129184347006,-1.0,0.030645161290322583,0.08024193548387097,0.08508064516129032,0.07875000000000001,0.275,-1.0
vitb,5,2,0.25,-21.323113207547173,9.728823155962905,72.2409534909535,0.2775904650904651,0.2328963047918001,"[2, 3, 3, 1, 2, 3, 0, 4, 3, 1, 7, 4, 0, 4, 14, 1, 4, 2, 2, 7]","[8, 12, 15, 15, 13, 12, 15, 13, 11, 13, 9, 9, 12, 12, 15, 14, 11, 12, 12, 15]",0.05918941542511513,0.1641710002376839,0.02094383545497407,0.06097602182775332,0.1756129184347006,-1.0,0.030645161290322583,0.07862903225806453,0.08346774193548387,0.07708333333333332,0.275,-1.0
vitb,5,2,0.3,-22.9622641509434,10.079682534683322,76.81243756243757,0.23187562437562437,0.18556325511404845,"[2, 3, 3, 1, 2, 3, 0, 4, 2, 0, 5, 4, 0, 3, 11, 1, 3, 2, 1, 6]","[8, 12, 15, 15, 13, 12, 15, 13, 11, 13, 9, 9, 12, 12, 15, 14, 11, 12, 12, 15]",0.052286792793448986,0.14363568178046507,0.018623290900518622,0.05258782902554281,0.1756129184347006,-1.0,0.03024193548387097,0.07137096774193549,0.07137096774193549,0.06458333333333333,0.275,-1.0
vitb,5,2,0.4,-26.1933962264151,10.737783756436894,83.69085081585081,0.16309149184149183,0.1514054112768081,"[1, 3, 2, 1, 0, 3, 0, 3, 2, 0, 2, 4, 0, 1, 8, 0, 1, 2, 1, 6]","[8, 12, 15, 15, 13, 12, 15, 13, 11, 13, 9, 9, 12, 12, 15, 14, 11, 12, 12, 15]",0.04608345567679773,0.12060097938839298,0.015181518151815182,0.045301780727523305,0.1756129184347006,-1.0,0.026209677419354836,0.06169354838709677,0.06169354838709677,0.05458333333333334,0.275,-1.0
vitb,5,2,0.5,-29.200471698113212,11.315917991926241,88.84897047397047,0.11151029526029528,0.12453136334938349,"[1, 0, 2, 1, 0, 2, 0, 1, 2, 0, 1, 4, 0, 1, 5, 0, 1, 1, 0, 5]","[8, 12, 15, 15, 13, 12, 15, 13, 11, 13, 9, 9, 12, 12, 15, 14, 11, 12, 12, 15]",0.035020418307608325,0.09606543263021954,0.008466063997704118,0.03195398951659872,0.14443894389438944,-1.0,0.02056451612903226,0.04032258064516129,0.04032258064516129,0.034583333333333334,0.2125,-1.0
vitb,5,2,0.6,-29.76650943396227,11.421471008587291,89.51563714063712,0.10484362859362858,0.11951465719044253,"[1, 0, 1, 1, 0, 2, 0, 1, 2, 0, 1, 4, 0, 1, 5, 0, 1, 1, 0, 4]","[8, 12, 15, 15, 13, 12, 15, 13, 11, 13, 9, 9, 12, 12, 15, 14, 11, 12, 12, 15]",0.035020418307608325,0.09606543263021954,0.008466063997704118,0.03195398951659872,0.14443894389438944,-1.0,0.02056451612903226,0.04032258064516129,0.04032258064516129,0.034583333333333334,0.2125,-1.0
vitb,5,2,0.7,-31.275943396226424,11.69829047339824,91.91035353535352,0.08089646464646463,0.09538033815194293,"[1, 0, 0, 1, 0, 2, 0, 0, 1, 0, 1, 3, 0, 1, 4, 0, 1, 1, 0, 3]","[8, 12, 15, 15, 13, 12, 15, 13, 11, 13, 9, 9, 12, 12, 15, 14, 11, 12, 12, 15]",0.02807131579010315,0.0771235018238666,0.0053847490012159105,0.02466162550320966,0.14443894389438944,-1.0,0.016129032258064516,0.031048387096774193,0.031048387096774193,0.025,0.2125,-1.0
vitb,5,2,0.8,-31.877358490566046,11.806777714516354,93.35479797979798,0.0664520202020202,0.06878916156526518,"[1, 0, 0, 1, 0, 2, 0, 0, 1, 0, 1, 1, 0, 1, 3, 0, 1, 1, 0, 3]","[8, 12, 15, 15, 13, 12, 15, 13, 11, 13, 9, 9, 12, 12, 15, 14, 11, 12, 12, 15]",0.02331014694876081,0.06745049504950495,0.0033003300330033,0.020613099771515615,0.09524752475247522,-1.0,0.016129032258064516,0.023387096774193546,0.023387096774193546,0.020416666666666666,0.1125,-1.0
vitb,5,2,0.9,-35.22641509433963,12.393546707863734,98.25757575757576,0.017424242424242432,0.034889633150513515,"[0, 0, 0, 0, 0, 1, 0, 0, 1, 0, 0, 0, 0, 0, 0, 0, 1, 1, 0, 0]","[8, 12, 15, 15, 13, 12, 15, 13, 11, 13, 9, 9, 12, 12, 15, 14, 11, 12, 12, 15]",0.008745874587458747,0.019801980198019802,0.0033003300330033,0.008580858085808583,0.06435643564356433,-1.0,0.007661290322580646,0.007661290322580646,0.007661290322580646,0.005833333333333334,0.0625,-1.0
vitb,5,3,0,-435.7721623860812,45.379648522217536,313.9173846986347,-2.139173846986347,1.504570904971383,"[78, 72, 92, 42, 48, 24, 20, 84, 23, 65, 49, 76, 26, 55, 29, 53]","[14, 15, 14, 9, 11, 10, 11, 12, 8, 15, 15, 13, 11, 14, 11, 14]",0.07097727812275913,0.2933909553996978,0.012982979950087781,0.08810920928453257,0.07861852383040746,-1.0,0.016751269035532996,0.09898477157360405,0.21116751269035533,0.20571428571428568,0.2545454545454545,-1.0
vitb,5,3,0.05,-8.464788732394366,6.680194607943694,48.77438533688534,0.5122561466311466,0.22941207330003247,"[26, 10, 25, 5, 11, 2, 4, 18, 6, 11, 10, 20, 5, 18, 3, 7]","[14, 15, 14, 9, 11, 10, 11, 12, 8, 15, 15, 13, 11, 14, 11, 14]",0.05519373215850735,0.22408873394781914,0.012623446790067867,0.07198577401334962,0.054324997299061005,-1.0,0.016751269035532996,0.0913705583756345,0.12639593908629443,0.124,0.14545454545454545,-1.0
vitb,5,3,0.1,-8.15990057995029,6.5717197140474575,52.170190920190926,0.4782980907980908,0.21479413503731729,"[21, 8, 21, 4, 6, 1, 3, 11, 2, 8, 8, 17, 4, 16, 2, 6]","[14, 15, 14, 9, 11, 10, 11, 12, 8, 15, 15, 13, 11, 14, 11, 14]",0.049149523483151596,0.19871384316622195,0.012185833968012183,0.06626411934160119,0.047633061277744956,-1.0,0.016751269035532996,0.08071065989847716,0.10659898477157362,0.10742857142857143,0.09999999999999999,-1.0
vitb,5,3,0.15,-9.379453189726595,6.995534289816611,54.6681616994117,0.453318383005883,0.25598452365311697,"[16, 7, 19, 4, 4, 0, 3, 10, 1, 5, 8, 17, 4, 12, 2, 4]","[14, 15, 14, 9, 11, 10, 11, 12, 8, 15, 15, 13, 11, 14, 11, 14]",0.0447306910694986,0.179738821544677,0.012185833968012183,0.06103047894789939,0.04373029701390405,-1.0,0.016751269035532996,0.07614213197969542,0.09441624365482235,0.09714285714285714,0.07272727272727272,-1.0
vitb,5,3,0.2,-11.208782104391052,7.586995452746759,58.06486915861916,0.4193513084138084,0.29784995866808656,"[14, 5, 17, 1, 3, 0, 3, 9, 1, 4, 7, 14, 4, 9, 2, 3]","[14, 15, 14, 9, 11, 10, 11, 12, 8, 15, 15, 13, 11, 14, 11, 14]",0.042227824529593415,0.16945012877387464,0.012185833968012183,0.057217269697710384,0.04258041606836268,-1.0,0.016751269035532996,0.0715736040609137,0.08730964467005076,0.09085714285714286,0.05909090909090908,-1.0
vitb,5,3,0.25,-12.229494614747308,7.897784499465657,61.47801850926851,0.38521981490731494,0.2804496339010182,"[12, 5, 17, 1, 2, 0, 3, 8, 1, 3, 7, 14, 3, 8, 2, 3]","[14, 15, 14, 9, 11, 10, 11, 12, 8, 15, 15, 13, 11, 14, 11, 14]",0.03958417607039357,0.15864698802023883,0.012185833968012183,0.05331266428133568,0.04258041606836268,-1.0,0.016751269035532996,0.06497461928934009,0.08071065989847714,0.08342857142857144,0.05909090909090908,-1.0
vitb,5,3,0.3,-12.945318972659486,8.108637370113428,62.46286699411699,0.37537133005883005,0.2938136531945101,"[12, 5, 15, 1, 2, 0, 3, 8, 1, 3, 6, 12, 2, 6, 2, 3]","[14, 15, 14, 9, 11, 10, 11, 12, 8, 15, 15, 13, 11, 14, 11, 14]",0.037339728588816276,0.1477097076796287,0.012185833968012183,0.0484814857081881,0.04258041606836268,-1.0,0.016751269035532996,0.06294416243654823,0.0751269035532995,0.07714285714285714,0.05909090909090908,-1.0
vitb,5,3,0.4,-15.106048053024026,8.714212528966687,67.71095224220225,0.3228904775779776,0.2774331931956362,"[11, 3, 13, 1, 2, 0, 2, 6, 1, 3, 5, 11, 2, 4, 1, 3]","[14, 15, 14, 9, 11, 10, 11, 12, 8, 15, 15, 13, 11, 14, 11, 14]",0.03008399337298778,0.11880721685613939,0.01037246581801037,0.03879853332653622,0.04171946040757921,-1.0,0.016751269035532996,0.050761421319796954,0.05583756345177665,0.05600000000000001,0.05454545454545454,-1.0
vitb,5,3,0.5,-16.895608947804472,9.185586535436919,73.1041527916528,0.2689584720834721,0.2355372844369324,"[7, 2, 13, 1, 2, 0, 2, 5, 0, 3, 5, 8, 2, 3, 1, 3]","[14, 15, 14, 9, 11, 10, 11, 12, 8, 15, 15, 13, 11, 14, 11, 14]",0.02724482532286842,0.10842617875232903,0.010254596888260253,0.033351719875486234,0.04171946040757921,-1.0,0.015228426395939085,0.04467005076142132,0.045685279187817264,0.04457142857142857,0.05454545454545454,-1.0
vitb,5,3,0.6,-19.36122618061309,9.797958971132712,78.6219683094683,0.2137803169053169,0.1871361069103235,"[5, 2, 10, 1, 1, 0, 2, 5, 0, 2, 5, 6, 2, 2, 1, 1]","[14, 15, 14, 9, 11, 10, 11, 12, 8, 15, 15, 13, 11, 14, 11, 14]",0.023148367468325777,0.0862941557313626,0.0099009900990099,0.02570432404721097,0.04171946040757921,-1.0,0.015228426395939085,0.0350253807106599,0.0350253807106599,0.03257142857142857,0.05454545454545454,-1.0
vitb,5,3,0.7,-21.946147473073736,10.40132203135736,82.6638639138639,0.17336136086136086,0.176335221113524,"[4, 1, 10, 1, 1, 0, 2, 4, 0, 0, 4, 4, 2, 1, 1, 1]","[14, 15, 14, 9, 11, 10, 11, 12, 8, 15, 15, 13, 11, 14, 11, 14]",0.01947694769476948,0.07590759075907591,0.0099009900990099,0.018897182951377847,0.04171946040757921,-1.0,0.013197969543147208,0.024873096446700507,0.024873096446700507,0.021142857142857147,0.05454545454545454,-1.0
vitb,5,3,0.8,-24.55758077879039,10.977249200050075,88.34394771894772,0.1165605228105228,0.14579282189844572,"[3, 1, 7, 0, 1, 0, 0, 4, 0, 0, 4, 3, 1, 1, 0, 0]","[14, 15, 14, 9, 11, 10, 11, 12, 8, 15, 15, 13, 11, 14, 11, 14]",0.018546854685468548,0.0705070507050705,0.0099009900990099,0.01738945323103739,0.04171946040757921,-1.0,0.01116751269035533,0.02284263959390863,0.02284263959390863,0.01885714285714286,0.05454545454545454,-1.0
vitb,5,3,0.9,-28.693454846727423,11.832159566199232,94.67105810855811,0.053289418914418914,0.08236251973517524,"[2, 0, 1, 0, 1, 0, 0, 3, 0, 0, 1, 3, 0, 0, 0, 0]","[14, 15, 14, 9, 11, 10, 11, 12, 8, 15, 15, 13, 11, 14, 11, 14]",0.013761376137613763,0.04410441044104411,0.0099009900990099,0.008580858085808581,0.03795379537953795,-1.0,0.007106598984771573,0.011675126903553299,0.011675126903553299,0.008571428571428572,0.03636363636363636,-1.0
vitb,5,3,0.98,-31.51698425849213,12.381942497039793,99.03846153846155,0.009615384615384616,0.03724022448276363,"[0, 0, 0, 0, 0, 0, 0, 0, 0, 0, 0, 2, 0, 0, 0, 0]","[14, 15, 14, 9, 11, 10, 11, 12, 8, 15, 15, 13, 11, 14, 11, 14]",0.00891089108910891,0.019801980198019802,0.0099009900990099,0.00198019801980198,0.03465346534653464,-1.0,0.0035532994923857864,0.004568527918781725,0.004568527918781725,0.001142857142857143,0.031818181818181815,-1.0
vitb,10,1,0,-346.386956521739,47.11068527061209,334.1063797313797,-2.3410637973137973,1.3975262720119366,"[51, 51, 30, 45, 74, 47, 55, 61, 32, 78, 84, 81]","[16, 9, 16, 8, 15, 13, 16, 15, 14, 13, 14, 15]",0.11276602220711672,0.4135608283685487,0.01981595014553956,0.12901893887626167,0.06968209320224172,-1.0,0.02682926829268293,0.1548780487804878,0.19939024390243903,0.19691358024691358,0.4,-1.0
vitb,10,1,0.05,-5.54782608695652,6.467869303977419,34.31801994301995,0.6568198005698006,0.2784344460976682,"[20, 8, 5, 11, 19, 11, 11, 15, 7, 19, 14, 30]","[16, 9, 16, 8, 15, 13, 16, 15, 14, 13, 14, 15]",0.10489906216428016,0.3759229958904601,0.01981595014553956,0.11755877473458992,0.06968209320224172,-1.0,0.02682926829268293,0.15182926829268292,0.1676829268292683,0.1648148148148148,0.4,-1.0
vitb,10,1,0.1,-3.2521739130434772,5.212165257037297,29.340023402523403,0.706599765974766,0.194521648824857,"[15, 7, 5, 9, 14, 8, 9, 11, 6, 15, 12, 21]","[16, 9, 16, 8, 15, 13, 16, 15, 14, 13, 14, 15]",0.10168564899316263,0.36086181802612033,0.01981595014553956,0.11424980980718955,0.06968209320224172,-1.0,0.02682926829268293,0.15,0.16097560975609757,0.1580246913580247,0.4,-1.0
vitb,10,1,0.15,-4.517391304347825,5.937171043518958,34.79522792022793,0.6520477207977208,0.2020399231453097,"[15, 7, 4, 6, 10, 8, 7, 11, 5, 14, 9, 19]","[16, 9, 16, 8, 15, 13, 16, 15, 14, 13, 14, 15]",0.09766948615580986,0.34393071917853063,0.018567926183479487,0.10877103584437663,0.06968209320224172,-1.0,0.02682926829268293,0.14390243902439023,0.14939024390243902,0.14629629629629629,0.4,-1.0
vitb,10,1,0.2,-6.552173913043476,6.946221994724902,40.46219983719983,0.5953780016280016,0.24412363811282684,"[13, 7, 3, 6, 8, 5, 6, 8, 5, 13, 7, 16]","[16, 9, 16, 8, 15, 13, 16, 15, 14, 13, 14, 15]",0.09251346913018299,0.32029599830336253,0.018567926183479487,0.10180099322841653,0.06968209320224172,-1.0,0.02682926829268293,0.13841463414634145,0.1396341463414634,0.13641975308641974,0.4,-1.0
vitb,10,1,0.25,-8.53478260869565,7.804912982645397,46.32860195360195,0.5367139804639804,0.2603283876275681,"[11, 6, 3, 6, 6, 5, 4, 7, 3, 13, 7, 14]","[16, 9, 16, 8, 15, 13, 16, 15, 14, 13, 14, 15]",0.09027216418824885,0.307996863501289,0.017077454555671542,0.09837224490847694,0.06968209320224172,-1.0,0.02682926829268293,0.13353658536585367,0.13353658536585367,0.13024691358024693,0.4,-1.0
vitb,10,1,0.3,-9.930434782608693,8.356634091147782,52.446454008954014,0.4755354599104599,0.24663602172561844,"[11, 5, 2, 5, 6, 3, 4, 7, 2, 12, 7, 12]","[16, 9, 16, 8, 15, 13, 16, 15, 14, 13, 14, 15]",0.08647194715904122,0.2944282810332861,0.017077454555671542,0.09677032060314318,0.0504950495049505,-1.0,0.02682926829268293,0.12682926829268293,0.12682926829268293,0.1271604938271605,0.1,-1.0
vitb,10,1,0.4,-12.852173913043474,9.40744386111339,61.56580687830689,0.38434193121693117,0.208821198972845,"[7, 5, 2, 5, 5, 3, 4, 6, 1, 10, 3, 9]","[16, 9, 16, 8, 15, 13, 16, 15, 14, 13, 14, 15]",0.07737686776157315,0.2588192527310329,0.015304142896147382,0.08434873257433625,0.0504950495049505,-1.0,0.02682926829268293,0.10975609756097562,0.10975609756097562,0.10987654320987654,0.1,-1.0
vitb,10,1,0.5,-14.326086956521735,9.895285072531598,66.80224867724867,0.3319775132275132,0.19801880660640223,"[7, 4, 2, 3, 4, 3, 3, 5, 1, 10, 2, 9]","[16, 9, 16, 8, 15, 13, 16, 15, 14, 13, 14, 15]",0.0752629195246442,0.25139351015677547,0.015304142896147382,0.08100027366373336,0.0504950495049505,-1.0,0.02682926829268293,0.10609756097560977,0.10609756097560977,0.10617283950617284,0.1,-1.0
vitb,10,1,0.6,-16.152173913043473,10.468205831628136,71.31346662596663,0.28686533374033374,0.16539708395696812,"[6, 4, 1, 3, 4, 3, 2, 4, 1, 8, 2, 7]","[16, 9, 16, 8, 15, 13, 16, 15, 14, 13, 14, 15]",0.06558341928853197,0.22724531174047635,0.01117034780401117,0.06999927599377019,0.0504950495049505,-1.0,0.02682926829268293,0.08780487804878048,0.08780487804878048,0.08765432098765433,0.1,-1.0
vitb,10,1,0.7,-18.160869565217386,11.0642065538685,76.07002950752951,0.23929970492470487,0.14842959721991647,"[4, 4, 1, 3, 4, 1, 2, 4, 1, 6, 1, 6]","[16, 9, 16, 8, 15, 13, 16, 15, 14, 13, 14, 15]",0.05946522455374156,0.20005835042963754,0.00913937547600914,0.06257535882975039,0.0504950495049505,-1.0,0.02682926829268293,0.07682926829268293,0.07682926829268293,0.0765432098765432,0.1,-1.0
vitb,10,1,0.8,-20.391304347826082,11.69045194450012,82.72295991045992,0.17277040089540088,0.12828707965576225,"[3, 1, 0, 2, 4, 1, 2, 3, 1, 5, 0, 6]","[16, 9, 16, 8, 15, 13, 16, 15, 14, 13, 14, 15]",0.04840971380144863,0.154015401540154,0.00913937547600914,0.05240059541071164,0.0,-1.0,0.02378048780487805,0.06219512195121951,0.06219512195121951,0.06296296296296296,0.0,-1.0
vitb,10,1,0.9,-24.408695652173908,12.741009902410928,89.42663817663816,0.10573361823361822,0.12316375467738055,"[0, 1, 0, 2, 2, 0, 0, 2, 0, 4, 0, 5]","[16, 9, 16, 8, 15, 13, 16, 15, 14, 13, 14, 15]",0.03023306726277023,0.0952970297029703,0.0039603960396039604,0.0323993113597074,0.0,-1.0,0.012804878048780489,0.03597560975609756,0.03597560975609756,0.036419753086419746,0.0,-1.0
vitb,10,1,0.98,-28.85652173913043,13.811227316933133,99.44444444444444,0.005555555555555554,0.018425693279752218,"[0, 0, 0, 0, 0, 0, 0, 0, 0, 0, 0, 1]","[16, 9, 16, 8, 15, 13, 16, 15, 14, 13, 14, 15]",0.0029702970297029695,0.0099009900990099,0.0,0.0029702970297029695,0.0,-1.0,0.0018292682926829272,0.0018292682926829272,0.0018292682926829272,0.0018518518518518517,0.0,-1.0
vitb,10,2,0,-1401.7594339622644,77.121332976032,638.247557997558,-5.382475579975581,1.4978877430181106,"[88, 76, 98, 93, 98, 91, 93, 87, 100, 96, 95, 81, 73, 94, 86, 97, 65, 92, 95, 82]","[8, 12, 15, 15, 13, 12, 15, 13, 11, 13, 9, 9, 12, 12, 15, 14, 11, 12, 12, 15]",0.13502867216976022,0.36820744703826014,0.05988934482822062,0.15027993932795658,0.12334750340160286,-1.0,0.032661290322580645,0.2,0.26129032258064516,0.2529166666666667,0.5125,-1.0
vitb,10,2,0.05,-23.375000000000004,10.166120203892929,65.36607836607836,0.3463392163392164,0.5212775579513749,"[20, 9, 10, 15, 22, 8, 21, 33, 8, 15, 20, 11, 20, 20, 34, 22, 11, 15, 32, 31]","[8, 12, 15, 15, 13, 12, 15, 13, 11, 13, 9, 9, 12, 12, 15, 14, 11, 12, 12, 15]",0.12996727050537912,0.35322312622938734,0.05760947645164732,0.14518256620744607,0.11787778213192329,-1.0,0.032661290322580645,0.2,0.22661290322580646,0.22083333333333335,0.4,-1.0
vitb,10,2,0.1,-7.915094339622643,6.148170459575759,39.83746808746809,0.601625319125319,0.31579629725362646,"[16, 8, 8, 11, 17, 7, 15, 25, 6, 13, 16, 8, 15, 15, 30, 18, 10, 11, 21, 18]","[8, 12, 15, 15, 13, 12, 15, 13, 11, 13, 9, 9, 12, 12, 15, 14, 11, 12, 12, 15]",0.12634012976379114,0.34150079377181547,0.05633928364289277,0.14119089872580873,0.1131446894689469,-1.0,0.032661290322580645,0.19274193548387095,0.21370967741935484,0.2104166666666667,0.3125,-1.0
vitb,10,2,0.15,-6.004716981132077,5.449770637375485,39.07455044955045,0.6092544955044954,0.1971884380662991,"[13, 7, 7, 7, 13, 7, 11, 23, 6, 9, 15, 6, 14, 14, 25, 18, 8, 10, 18, 11]","[8, 12, 15, 15, 13, 12, 15, 13, 11, 13, 9, 9, 12, 12, 15, 14, 11, 12, 12, 15]",0.12415109014077237,0.3329427896271392,0.05633928364289277,0.13858480957212188,0.1131446894689469,-1.0,0.032661290322580645,0.19032258064516128,0.20766129032258066,0.2041666666666667,0.3125,-1.0
vitb,10,2,0.2,-6.24056603773585,5.540758070878027,38.954184704184705,0.610458152958153,0.1781659064793719,"[12, 7, 6, 7, 12, 4, 7, 20, 5, 8, 11, 6, 13, 14, 24, 16, 7, 6, 15, 10]","[8, 12, 15, 15, 13, 12, 15, 13, 11, 13, 9, 9, 12, 12, 15, 14, 11, 12, 12, 15]",0.12164112787694036,0.32360757039092986,0.05633928364289277,0.1346220725465602,0.1131446894689469,-1.0,0.032661290322580645,0.18669354838709676,0.20161290322580644,0.19791666666666669,0.3125,-1.0
vitb,10,2,0.25,-7.125000000000002,5.869412236331676,39.57539682539682,0.6042460317460318,0.20840125410015617,"[10, 7, 6, 6, 12, 2, 7, 20, 4, 8, 11, 6, 13, 11, 24, 16, 7, 6, 15, 8]","[8, 12, 15, 15, 13, 12, 15, 13, 11, 13, 9, 9, 12, 12, 15, 14, 11, 12, 12, 15]",0.12164112787694036,0.32360757039092986,0.05633928364289277,0.1346220725465602,0.1131446894689469,-1.0,0.032661290322580645,0.18669354838709676,0.20161290322580644,0.19791666666666669,0.3125,-1.0
vitb,10,2,0.3,-7.242924528301888,5.911852501542981,38.57099844599844,0.6142900155400156,0.23347042083347053,"[9, 7, 5, 6, 11, 2, 7, 19, 4, 6, 10, 6, 12, 10, 22, 14, 6, 5, 14, 8]","[8, 12, 15, 15, 13, 12, 15, 13, 11, 13, 9, 9, 12, 12, 15, 14, 11, 12, 12, 15]",0.11958075558660959,0.31258545080924466,0.05633928364289277,0.13226768699834165,0.1131446894689469,-1.0,0.032661290322580645,0.18266129032258066,0.1971774193548387,0.19333333333333336,0.3125,-1.0
vitb,10,2,0.4,-8.964622641509436,6.5,45.17224442224442,0.5482775557775559,0.22615137680627304,"[8, 5, 4, 4, 8, 2, 7, 17, 3, 6, 8, 4, 8, 8, 19, 11, 5, 4, 14, 8]","[8, 12, 15, 15, 13, 12, 15, 13, 11, 13, 9, 9, 12, 12, 15, 14, 11, 12, 12, 15]",0.11171649066265403,0.2886635750437212,0.05413906362089057,0.12273677680015091,0.1131446894689469,-1.0,0.032661290322580645,0.16653225806451613,0.18024193548387096,0.17583333333333334,0.3125,-1.0
vitb,10,2,0.5,-10.733490566037737,7.053367989832942,49.06757131757132,0.5093242868242869,0.246696122947288,"[6, 4, 3, 3, 7, 2, 5, 12, 3, 5, 6, 4, 8, 6, 16, 9, 4, 4, 12, 8]","[8, 12, 15, 15, 13, 12, 15, 13, 11, 13, 9, 9, 12, 12, 15, 14, 11, 12, 12, 15]",0.10508935335698513,0.2632909443167421,0.05413906362089057,0.11334103262137182,0.1131446894689469,-1.0,0.032661290322580645,0.1560483870967742,0.16532258064516128,0.16041666666666665,0.3125,-1.0
vitb,10,2,0.6,-13.351415094339625,7.800640999302558,57.15538628038628,0.4284461371961371,0.21326877914638206,"[5, 3, 3, 2, 5, 2, 4, 9, 3, 4, 5, 4, 6, 6, 12, 8, 2, 4, 11, 7]","[8, 12, 15, 15, 13, 12, 15, 13, 11, 13, 9, 9, 12, 12, 15, 14, 11, 12, 12, 15]",0.09634262438919673,0.236648273412818,0.05146092695476494,0.10579790070541502,0.10367574257425742,-1.0,0.032661290322580645,0.1463709677419355,0.15161290322580645,0.14791666666666667,0.2625,-1.0
vitb,10,2,0.7,-16.948113207547173,8.723531395025756,66.6752553002553,0.333247446997447,0.17060628483255008,"[3, 3, 2, 2, 2, 2, 4, 6, 3, 3, 4, 3, 6, 6, 9, 4, 1, 3, 9, 7]","[8, 12, 15, 15, 13, 12, 15, 13, 11, 13, 9, 9, 12, 12, 15, 14, 11, 12, 12, 15]",0.0812706099293028,0.2005657204204205,0.045549580467221656,0.08703983918107681,0.10367574257425742,-1.0,0.032661290322580645,0.12258064516129033,0.12258064516129033,0.11791666666666667,0.2625,-1.0
vitb,10,2,0.8,-22.207547169811324,9.919677414109795,76.9319708069708,0.23068029193029188,0.13159424428939978,"[3, 1, 1, 2, 2, 1, 2, 4, 3, 1, 2, 3, 3, 5, 7, 3, 1, 2, 6, 4]","[8, 12, 15, 15, 13, 12, 15, 13, 11, 13, 9, 9, 12, 12, 15, 14, 11, 12, 12, 15]",0.0616904288274752,0.14808876328815124,0.036370323068423416,0.06314918848107541,0.10367574257425742,-1.0,0.032661290322580645,0.08870967741935484,0.08870967741935484,0.08291666666666667,0.2625,-1.0
vitb,10,2,0.9,-28.469339622641517,11.178103595869919,86.95016095016094,0.13049839049839052,0.1304936926961694,"[2, 1, 0, 2, 0, 0, 0, 1, 2, 0, 0, 2, 3, 5, 1, 1, 1, 1, 5, 4]","[8, 12, 15, 15, 13, 12, 15, 13, 11, 13, 9, 9, 12, 12, 15, 14, 11, 12, 12, 15]",0.03811217332088319,0.08562390558726016,0.02295229522952295,0.03884038008415827,0.030462046204620463,-1.0,0.023790322580645163,0.04758064516129032,0.04758064516129032,0.04666666666666666,0.075,-1.0
vitb,10,2,0.98,-35.74528301886793,12.48198702130394,99.16666666666669,0.008333333333333331,0.036324157862838935,"[0, 0, 0, 0, 0, 0, 0, 0, 0, 0, 0, 0, 0, 2, 0, 0, 0, 0, 0, 0]","[8, 12, 15, 15, 13, 12, 15, 13, 11, 13, 9, 9, 12, 12, 15, 14, 11, 12, 12, 15]",0.00792079207920792,0.009900990099009901,0.0099009900990099,0.00792079207920792,0.0,-1.0,0.0032258064516129032,0.005241935483870967,0.005241935483870967,0.005416666666666667,0.0,-1.0
vitb,10,2,0.99,-35.74528301886793,12.48198702130394,99.16666666666669,0.008333333333333331,0.036324157862838935,"[0, 0, 0, 0, 0, 0, 0, 0, 0, 0, 0, 0, 0, 2, 0, 0, 0, 0, 0, 0]","[8, 12, 15, 15, 13, 12, 15, 13, 11, 13, 9, 9, 12, 12, 15, 14, 11, 12, 12, 15]",0.00792079207920792,0.009900990099009901,0.0099009900990099,0.00792079207920792,0.0,-1.0,0.0032258064516129032,0.005241935483870967,0.005241935483870967,0.005416666666666667,0.0,-1.0
vitb,10,3,0,-968.9817729908865,67.62627078288436,558.152593933844,-4.581525939338439,1.7612606242817779,"[84, 86, 91, 68, 53, 93, 99, 92, 79, 60, 88, 76, 51, 70, 92, 72]","[14, 15, 14, 9, 11, 10, 11, 12, 8, 15, 15, 13, 11, 14, 11, 14]",0.1208775530048399,0.37857801951382286,0.03342033337990207,0.15878258922863234,0.10161539052683442,-1.0,0.027918781725888325,0.17715736040609137,0.27309644670050764,0.26285714285714284,0.3545454545454545,-1.0
vitb,10,3,0.05,-9.498757249378624,7.035623639735144,45.51814504939505,0.5448185495060496,0.4280031918356778,"[15, 21, 24, 7, 12, 26, 11, 15, 17, 14, 22, 23, 9, 25, 13, 9]","[14, 15, 14, 9, 11, 10, 11, 12, 8, 15, 15, 13, 11, 14, 11, 14]",0.11055174873922696,0.3421366954178758,0.03281435009567697,0.14715557582201305,0.09410335253095939,-1.0,0.027918781725888325,0.1766497461928934,0.2233502538071066,0.21142857142857144,0.3181818181818182,-1.0
vitb,10,3,0.1,-3.6793703396851702,4.697073557013984,32.46546855921856,0.6753453144078144,0.18238075495545403,"[11, 18, 20, 7, 11, 17, 7, 10, 9, 12, 20, 19, 7, 23, 8, 7]","[14, 15, 14, 9, 11, 10, 11, 12, 8, 15, 15, 13, 11, 14, 11, 14]",0.10581316720203494,0.32885200027567224,0.03181657589965272,0.14104945128331403,0.09227857115508756,-1.0,0.027918781725888325,0.1700507614213198,0.20913705583756345,0.19657142857142856,0.3090909090909091,-1.0
vitb,10,3,0.15,-3.6793703396851702,4.697073557013984,32.84224456099456,0.6715775543900544,0.17453314084089455,"[8, 16, 19, 5, 10, 13, 7, 10, 7, 10, 17, 16, 5, 23, 6, 6]","[14, 15, 14, 9, 11, 10, 11, 12, 8, 15, 15, 13, 11, 14, 11, 14]",0.10158241264341857,0.31343837100065686,0.03181657589965272,0.13699312379008965,0.0881847390492852,-1.0,0.027918781725888325,0.16446700507614212,0.199492385786802,0.188,0.2909090909090909,-1.0
vitb,10,3,0.2,-3.7854183927091967,4.75,31.826593545343545,0.6817340645465646,0.1973076036537465,"[7, 11, 14, 5, 9, 12, 7, 10, 7, 8, 16, 14, 5, 22, 5, 6]","[14, 15, 14, 9, 11, 10, 11, 12, 8, 15, 15, 13, 11, 14, 11, 14]",0.0961148280148057,0.29722123204538203,0.02914664598531297,0.1290610258349475,0.08565730348063685,-1.0,0.027918781725888325,0.16345177664974617,0.1847715736040609,0.1737142857142857,0.27272727272727276,-1.0
vitb,10,3,0.25,-4.249378624689312,4.9749371855331,32.62543012543012,0.6737456987456987,0.220937660090023,"[5, 10, 13, 5, 9, 11, 7, 9, 6, 8, 15, 14, 4, 16, 5, 4]","[14, 15, 14, 9, 11, 10, 11, 12, 8, 15, 15, 13, 11, 14, 11, 14]",0.09235381037065855,0.2855368665960348,0.02914664598531297,0.1254829307773058,0.08360975178669196,-1.0,0.027918781725888325,0.15837563451776646,0.17766497461928932,0.1662857142857143,0.2681818181818182,-1.0
vitb,10,3,0.3,-5.217067108533555,5.414101956926928,37.01576201576202,0.6298423798423798,0.22177489042174509,"[5, 8, 10, 4, 9, 11, 6, 9, 6, 8, 13, 12, 3, 15, 5, 4]","[14, 15, 14, 9, 11, 10, 11, 12, 8, 15, 15, 13, 11, 14, 11, 14]",0.08552951917206449,0.26105494890625797,0.027646340272333782,0.11596852303353883,0.08019578034178368,-1.0,0.027918781725888325,0.1467005076142132,0.1619289340101523,0.14971428571428572,0.2590909090909091,-1.0
vitb,10,3,0.4,-7.192212096106047,6.214901447328026,45.26529026529026,0.5473470973470973,0.2373292440764546,"[5, 8, 7, 2, 7, 10, 6, 8, 4, 8, 12, 11, 2, 12, 4, 3]","[14, 15, 14, 9, 11, 10, 11, 12, 8, 15, 15, 13, 11, 14, 11, 14]",0.07549051027741534,0.23073094876430833,0.02619741489199087,0.1075497395768543,0.05678801697948033,-1.0,0.027918781725888325,0.1314720812182741,0.14060913705583752,0.13771428571428573,0.16363636363636364,-1.0
vitb,10,3,0.5,-9.962717481358741,7.189401922274203,55.39026945276946,0.4460973054723055,0.22155382051080344,"[5, 7, 5, 2, 4, 9, 4, 6, 2, 6, 11, 10, 2, 11, 3, 3]","[14, 15, 14, 9, 11, 10, 11, 12, 8, 15, 15, 13, 11, 14, 11, 14]",0.0638582126348424,0.1935328364297104,0.02454066872383704,0.09321275344014363,0.04898950593184723,-1.0,0.027918781725888325,0.1131979695431472,0.11776649746192891,0.11714285714285715,0.12272727272727273,-1.0
vitb,10,3,0.6,-12.932062966031483,8.104782538723663,63.65422771672772,0.3634577228327228,0.20551331587324764,"[4, 5, 3, 1, 4, 5, 4, 6, 2, 6, 9, 9, 0, 11, 3, 2]","[14, 15, 14, 9, 11, 10, 11, 12, 8, 15, 15, 13, 11, 14, 11, 14]",0.052337345340351,0.15355082805577855,0.022965511208085466,0.08011706607482146,0.040912154240634144,-1.0,0.024873096446700507,0.09187817258883249,0.0949238578680203,0.09714285714285714,0.07727272727272727,-1.0
vitb,10,3,0.7,-16.12676056338028,8.986100377805714,71.03502400377401,0.28964975996225995,0.1876062536351785,"[1, 5, 3, 1, 3, 4, 4, 5, 1, 5, 8, 8, 0, 8, 3, 0]","[14, 15, 14, 9, 11, 10, 11, 12, 8, 15, 15, 13, 11, 14, 11, 14]",0.04098937465776041,0.12155516399097537,0.019754379284082253,0.06219446239772169,0.040912154240634144,-1.0,0.02284263959390863,0.07055837563451776,0.07055837563451776,0.0697142857142857,0.07727272727272727,-1.0
vitb,10,3,0.8,-20.103562551781277,9.974968671630002,79.21517718392718,0.20784822816072815,0.1881326166817891,"[0, 4, 2, 1, 1, 2, 3, 5, 1, 2, 8, 6, 0, 8, 0, 0]","[14, 15, 14, 9, 11, 10, 11, 12, 8, 15, 15, 13, 11, 14, 11, 14]",0.03371092947206809,0.09297894075121797,0.018104214267580604,0.04921654829656185,0.039969202802633205,-1.0,0.02131979695431472,0.05228426395939086,0.05228426395939086,0.04971428571428572,0.07272727272727272,-1.0
vitb,10,3,0.9,-24.014084507042252,10.859903314486736,87.86324786324786,0.12136752136752135,0.12939235310415986,"[0, 3, 2, 1, 0, 1, 0, 4, 0, 2, 5, 3, 0, 5, 0, 0]","[14, 15, 14, 9, 11, 10, 11, 12, 8, 15, 15, 13, 11, 14, 11, 14]",0.024159503862474157,0.0627062706270627,0.016247778624016246,0.03141314131413141,0.03756675667566756,-1.0,0.013705583756345178,0.03401015228426396,0.03401015228426396,0.030285714285714287,0.06363636363636363,-1.0
vitb,10,3,0.98,-31.0,12.283118496538247,98.75,0.012499999999999997,0.02602082499332665,"[0, 1, 0, 0, 0, 0, 0, 0, 0, 1, 1, 0, 0, 0, 0, 0]","[14, 15, 14, 9, 11, 10, 11, 12, 8, 15, 15, 13, 11, 14, 11, 14]",0.011056105610561055,0.019801980198019802,0.0132013201320132,0.007920792079207917,0.03217821782178218,-1.0,0.008629441624365481,0.008629441624365481,0.008629441624365481,0.004571428571428572,0.04090909090909091,-1.0
vitb,10,3,0.99,-31.76884838442419,12.429802894656053,99.58333333333333,0.004166666666666666,0.01613743060919757,"[0, 0, 0, 0, 0, 0, 0, 0, 0, 0, 1, 0, 0, 0, 0, 0]","[14, 15, 14, 9, 11, 10, 11, 12, 8, 15, 15, 13, 11, 14, 11, 14]",0.00198019801980198,0.0099009900990099,0.0,0.0,0.009900990099009898,-1.0,0.001015228426395939,0.001015228426395939,0.001015228426395939,0.0,0.00909090909090909,-1.0
vitb,30,1,0,-631.0608695652172,63.54657084899756,481.4134361009361,-3.8141343610093608,1.6542851010678028,"[68, 62, 55, 81, 88, 76, 82, 83, 55, 87, 86, 89]","[16, 9, 16, 8, 15, 13, 16, 15, 14, 13, 14, 15]",0.18328576466153212,0.4889124627800877,0.1065701123556534,0.1880444659133457,0.38938943894389433,-1.0,0.04207317073170731,0.20121951219512196,0.2426829268292683,0.23950617283950618,0.5,-1.0
vitb,30,1,0.05,-14.443478260869561,9.93310961716756,54.828678266178265,0.4517132173382173,0.4544053146359243,"[17, 9, 11, 15, 20, 17, 23, 25, 16, 24, 27, 40]","[16, 9, 16, 8, 15, 13, 16, 15, 14, 13, 14, 15]",0.17898648397597902,0.4723649637311319,0.10551884141369847,0.18308319039575865,0.38938943894389433,-1.0,0.04207317073170731,0.20121951219512196,0.21707317073170734,0.21358024691358027,0.5,-1.0
vitb,30,1,0.1,-3.265217391304347,5.220153254455275,31.02780321530322,0.6897219678469678,0.23609397497450638,"[14, 5, 10, 11, 17, 12, 17, 18, 13, 23, 19, 26]","[16, 9, 16, 8, 15, 13, 16, 15, 14, 13, 14, 15]",0.17706380684294382,0.4599037677933899,0.10551884141369847,0.18068375034684953,0.38938943894389433,-1.0,0.04207317073170731,0.20121951219512196,0.21219512195121953,0.20864197530864198,0.5,-1.0
vitb,30,1,0.15,-0.7217391304347822,3.3166247903554,20.080764143264147,0.7991923585673586,0.14899872635112962,"[13, 5, 9, 9, 13, 12, 15, 16, 12, 19, 15, 18]","[16, 9, 16, 8, 15, 13, 16, 15, 14, 13, 14, 15]",0.174267622238793,0.4400388698906313,0.10551884141369847,0.17665388788090983,0.38938943894389433,-1.0,0.04207317073170731,0.20121951219512196,0.20548780487804877,0.20185185185185187,0.5,-1.0
vitb,30,1,0.2,-1.4391304347826082,3.947573094109004,24.13665038665039,0.7586334961334962,0.16373055908369796,"[10, 4, 8, 7, 12, 9, 12, 14, 11, 16, 15, 15]","[16, 9, 16, 8, 15, 13, 16, 15, 14, 13, 14, 15]",0.17369129594944763,0.43427560699717777,0.10551884141369847,0.17665388788090983,0.38938943894389433,-1.0,0.04207317073170731,0.20121951219512196,0.20487804878048782,0.20123456790123456,0.5,-1.0
vitb,30,1,0.25,-2.756521739130434,4.898979485566356,30.669388481888483,0.6933061151811152,0.17619584703788177,"[10, 4, 6, 6, 9, 7, 11, 13, 10, 12, 13, 13]","[16, 9, 16, 8, 15, 13, 16, 15, 14, 13, 14, 15]",0.1696842081184484,0.4162621257837897,0.10551884141369847,0.1719486302589298,0.38938943894389433,-1.0,0.04207317073170731,0.19573170731707318,0.19695121951219513,0.19320987654320984,0.5,-1.0
vitb,30,1,0.3,-4.295652173913042,5.816642788871716,38.993945868945865,0.6100605413105413,0.14761439252495817,"[9, 4, 6, 5, 8, 6, 9, 10, 10, 12, 11, 10]","[16, 9, 16, 8, 15, 13, 16, 15, 14, 13, 14, 15]",0.1696842081184484,0.4162621257837897,0.10551884141369847,0.1719486302589298,0.38938943894389433,-1.0,0.04207317073170731,0.19573170731707318,0.19695121951219513,0.19320987654320984,0.5,-1.0
vitb,30,1,0.4,-7.256521739130433,7.262919523166975,50.397334147334135,0.49602665852665856,0.11267536918312893,"[7, 4, 4, 4, 7, 5, 9, 8, 8, 9, 9, 7]","[16, 9, 16, 8, 15, 13, 16, 15, 14, 13, 14, 15]",0.16546716348506244,0.400390200718051,0.10551884141369847,0.1666888968538541,0.38938943894389433,-1.0,0.04207317073170731,0.19146341463414634,0.19146341463414634,0.1876543209876543,0.5,-1.0
vitb,30,1,0.5,-10.073913043478258,8.411301920630361,58.536833536833534,0.4146316646316646,0.1036391218345476,"[5, 4, 4, 4, 7, 3, 7, 7, 5, 7, 8, 6]","[16, 9, 16, 8, 15, 13, 16, 15, 14, 13, 14, 15]",0.15375423911062489,0.3483952553012837,0.10551884141369847,0.1552360194519855,0.38938943894389433,-1.0,0.04207317073170731,0.17621951219512194,0.17621951219512194,0.17222222222222222,0.5,-1.0
vitb,30,1,0.6,-11.860869565217389,9.064583093924766,62.53217846967847,0.3746782153032153,0.12377209147607572,"[3, 4, 4, 4, 7, 2, 6, 6, 4, 6, 8, 6]","[16, 9, 16, 8, 15, 13, 16, 15, 14, 13, 14, 15]",0.1475294244225529,0.3305739498197485,0.10146105858623539,0.1478232238167643,0.38938943894389433,-1.0,0.04207317073170731,0.16707317073170733,0.16707317073170733,0.16296296296296295,0.5,-1.0
vitb,30,1,0.7,-14.234782608695648,9.865765724632494,66.84765466015466,0.3315234533984534,0.14872403079079996,"[2, 4, 3, 4, 7, 2, 2, 6, 3, 6, 7, 6]","[16, 9, 16, 8, 15, 13, 16, 15, 14, 13, 14, 15]",0.13859666498646905,0.2933926045665791,0.10146105858623539,0.14065634210560285,0.38938943894389433,-1.0,0.04207317073170731,0.15792682926829266,0.15792682926829266,0.1537037037037037,0.5,-1.0
vitb,30,1,0.8,-17.599999999999994,10.901070283845222,76.84561965811966,0.2315438034188034,0.1487978480654042,"[2, 3, 3, 1, 7, 0, 0, 5, 2, 4, 5, 6]","[16, 9, 16, 8, 15, 13, 16, 15, 14, 13, 14, 15]",0.10721403145712682,0.2248566961959354,0.08751884803865002,0.1065642993579036,0.38938943894389433,-1.0,0.03597560975609756,0.11890243902439024,0.11890243902439024,0.11419753086419752,0.5,-1.0
vitb,30,1,0.9,-25.1391304347826,12.922847983320086,92.7171092796093,0.07282890720390718,0.07452763513113789,"[1, 0, 0, 1, 1, 0, 0, 3, 0, 1, 2, 3]","[16, 9, 16, 8, 15, 13, 16, 15, 14, 13, 14, 15]",0.043982398239823986,0.07920792079207921,0.047304730473047306,0.04509075907590759,0.0,-1.0,0.025,0.042682926829268296,0.042682926829268296,0.04320987654320987,0.0,-1.0
vitb,30,1,0.98,-28.85652173913043,13.811227316933133,99.44444444444444,0.005555555555555554,0.018425693279752218,"[0, 0, 0, 0, 0, 0, 0, 0, 0, 0, 0, 1]","[16, 9, 16, 8, 15, 13, 16, 15, 14, 13, 14, 15]",0.005940594059405939,0.0099009900990099,0.0099009900990099,0.005940594059405939,0.0,-1.0,0.0036585365853658543,0.0036585365853658543,0.0036585365853658543,0.0037037037037037034,0.0,-1.0
vitb,30,2,0,-1423.5990566037738,77.71936695573376,643.1422743922743,-5.431422743922743,1.3515535418698417,"[86, 74, 92, 95, 100, 91, 96, 91, 91, 91, 99, 75, 86, 91, 90, 97, 75, 99, 85, 92]","[8, 12, 15, 15, 13, 12, 15, 13, 11, 13, 9, 9, 12, 12, 15, 14, 11, 12, 12, 15]",0.17710767244024841,0.4363681052372347,0.09728564260669958,0.18051713720114645,0.32011409334210733,-1.0,0.0407258064516129,0.21088709677419354,0.26169354838709674,0.2541666666666667,0.4875,-1.0
vitb,30,2,0.05,-74.27122641509436,17.864769799804307,127.93752081252082,-0.2793752081252082,0.8705577630468898,"[19, 23, 20, 19, 39, 27, 39, 37, 13, 17, 19, 44, 20, 17, 38, 26, 29, 36, 40, 31]","[8, 12, 15, 15, 13, 12, 15, 13, 11, 13, 9, 9, 12, 12, 15, 14, 11, 12, 12, 15]",0.1748148746879582,0.42602131239650964,0.09728564260669958,0.17811712079271225,0.32011409334210733,-1.0,0.0407258064516129,0.21088709677419354,0.2435483870967742,0.2354166666666667,0.4875,-1.0
vitb,30,2,0.1,-21.02830188679246,9.664367542679656,64.31252081252082,0.35687479187479193,0.5387476660043611,"[12, 20, 14, 11, 27, 17, 30, 25, 9, 15, 12, 30, 16, 12, 29, 19, 18, 26, 27, 19]","[8, 12, 15, 15, 13, 12, 15, 13, 11, 13, 9, 9, 12, 12, 15, 14, 11, 12, 12, 15]",0.17269069404808182,0.4203249246628095,0.09609275223332489,0.17573085362507757,0.32011409334210733,-1.0,0.0407258064516129,0.21088709677419354,0.2350806451612903,0.2266666666666667,0.4875,-1.0
vitb,30,2,0.15,-8.115566037735851,6.216912416947821,40.773143523143524,0.5922685647685648,0.3738624608354282,"[12, 18, 13, 8, 22, 16, 25, 18, 5, 13, 9, 24, 13, 12, 23, 12, 14, 21, 17, 16]","[8, 12, 15, 15, 13, 12, 15, 13, 11, 13, 9, 9, 12, 12, 15, 14, 11, 12, 12, 15]",0.17249212265890948,0.4203249246628095,0.09609275223332489,0.17521603540897604,0.32011409334210733,-1.0,0.0407258064516129,0.21088709677419354,0.23225806451612904,0.22375000000000003,0.4875,-1.0
vitb,30,2,0.2,-4.6014150943396235,4.873397172404482,33.675158175158174,0.6632484182484182,0.2980821899032476,"[12, 14, 11, 8, 19, 12, 22, 15, 4, 11, 7, 22, 10, 9, 17, 11, 13, 17, 14, 11]","[8, 12, 15, 15, 13, 12, 15, 13, 11, 13, 9, 9, 12, 12, 15, 14, 11, 12, 12, 15]",0.17050861258063518,0.41200295584778696,0.09447626405389471,0.17326548946961623,0.32011409334210733,-1.0,0.0407258064516129,0.2092741935483871,0.2274193548387097,0.21875,0.4875,-1.0
vitb,30,2,0.25,-4.259433962264152,4.722287581247038,30.785811410811416,0.6921418858918859,0.28433329438530475,"[9, 13, 9, 6, 15, 9, 18, 14, 4, 11, 7, 21, 8, 8, 16, 9, 9, 13, 14, 9]","[8, 12, 15, 15, 13, 12, 15, 13, 11, 13, 9, 9, 12, 12, 15, 14, 11, 12, 12, 15]",0.16860974552314162,0.40173558293453243,0.09447626405389471,0.17121747990101283,0.32011409334210733,-1.0,0.0407258064516129,0.20846774193548384,0.22379032258064516,0.21500000000000002,0.4875,-1.0
vitb,30,2,0.3,-4.3773584905660385,4.774934554525329,31.30204517704518,0.6869795482295482,0.24116133736551898,"[7, 13, 7, 6, 12, 7, 14, 14, 4, 10, 6, 17, 7, 6, 15, 8, 7, 11, 12, 9]","[8, 12, 15, 15, 13, 12, 15, 13, 11, 13, 9, 9, 12, 12, 15, 14, 11, 12, 12, 15]",0.1668713643951701,0.3965620926125273,0.09447626405389471,0.1693622183031954,0.32011409334210733,-1.0,0.0407258064516129,0.2064516129032258,0.21975806451612906,0.21083333333333334,0.4875,-1.0
vitb,30,2,0.4,-5.863207547169813,5.394441583704471,38.66122766122767,0.6133877233877234,0.20795622231750835,"[6, 10, 7, 5, 10, 6, 12, 13, 4, 10, 3, 14, 7, 5, 15, 7, 5, 7, 10, 8]","[8, 12, 15, 15, 13, 12, 15, 13, 11, 13, 9, 9, 12, 12, 15, 14, 11, 12, 12, 15]",0.16290733485000958,0.3785427199831919,0.09447626405389471,0.16461040779741523,0.32011409334210733,-1.0,0.0407258064516129,0.2028225806451613,0.21169354838709675,0.20250000000000004,0.4875,-1.0
vitb,30,2,0.5,-9.1061320754717,6.545991139621257,49.42435342435343,0.5057564657564658,0.15967575941774068,"[6, 7, 4, 5, 9, 4, 11, 9, 4, 6, 2, 12, 6, 5, 10, 6, 5, 5, 8, 7]","[8, 12, 15, 15, 13, 12, 15, 13, 11, 13, 9, 9, 12, 12, 15, 14, 11, 12, 12, 15]",0.15255398385842392,0.34541546759358327,0.09138220464795413,0.15309114053932313,0.32011409334210733,-1.0,0.0407258064516129,0.19193548387096776,0.19354838709677422,0.18375000000000002,0.4875,-1.0
vitb,30,2,0.6,-11.511792452830191,7.283543093852058,55.89337051837051,0.44106629481629483,0.15244986481684142,"[5, 5, 3, 5, 7, 3, 10, 7, 4, 6, 1, 12, 6, 4, 8, 6, 5, 4, 8, 6]","[8, 12, 15, 15, 13, 12, 15, 13, 11, 13, 9, 9, 12, 12, 15, 14, 11, 12, 12, 15]",0.1445379887714271,0.3235540814549694,0.08457032345983531,0.1455986153864637,0.2937907719343363,-1.0,0.0407258064516129,0.1786290322580645,0.1786290322580645,0.17125,0.4,-1.0
vitb,30,2,0.7,-14.330188679245285,8.06225774829855,61.77984515484515,0.3822015484515484,0.15316734862199474,"[5, 4, 1, 5, 6, 3, 10, 7, 3, 5, 1, 5, 6, 4, 7, 5, 5, 3, 5, 4]","[8, 12, 15, 15, 13, 12, 15, 13, 11, 13, 9, 9, 12, 12, 15, 14, 11, 12, 12, 15]",0.13466052695641012,0.2996847803334381,0.0807699434218315,0.13492240070318892,0.2937907719343363,-1.0,0.0407258064516129,0.16491935483870968,0.16491935483870968,0.15708333333333332,0.4,-1.0
vitb,30,2,0.8,-20.061320754716984,9.44986772394196,72.86244311244312,0.2713755688755689,0.14767685946148587,"[4, 4, 0, 2, 5, 2, 6, 6, 2, 4, 0, 4, 2, 4, 6, 2, 5, 2, 3, 3]","[8, 12, 15, 15, 13, 12, 15, 13, 11, 13, 9, 9, 12, 12, 15, 14, 11, 12, 12, 15]",0.10917248414672306,0.23895235964761424,0.06444009125853299,0.10642307193971508,0.2937907719343363,-1.0,0.03790322580645161,0.12701612903225806,0.12701612903225806,0.11791666666666664,0.4,-1.0
vitb,30,2,0.9,-26.55896226415095,10.809717850156867,83.2844794094794,0.16715520590520588,0.13882466243305142,"[3, 2, 0, 1, 1, 2, 4, 4, 1, 1, 0, 4, 0, 2, 2, 0, 5, 2, 3, 2]","[8, 12, 15, 15, 13, 12, 15, 13, 11, 13, 9, 9, 12, 12, 15, 14, 11, 12, 12, 15]",0.07231004532748662,0.14635284868437218,0.05410606994765411,0.06668947759717482,0.2694449444944495,-1.0,0.03387096774193549,0.08064516129032258,0.08064516129032258,0.07125,0.3625,-1.0
vitb,30,3,0,-1232.5509527754764,76.26270385975047,645.7780067155066,-5.457780067155067,1.805774358906559,"[85, 88, 98, 94, 92, 99, 92, 98, 86, 78, 78, 80, 81, 79, 98, 83]","[14, 15, 14, 9, 11, 10, 11, 12, 8, 15, 15, 13, 11, 14, 11, 14]",0.22839361988327095,0.6308238456557459,0.09598203554416836,0.2265368439038478,0.28036416447017415,-1.0,0.04263959390862944,0.2649746192893401,0.3218274111675127,0.31028571428571433,0.4136363636363637,-1.0
vitb,30,3,0.05,-70.980115990058,18.42213342694054,133.46653346653346,-0.33466533466533466,0.715155860924649,"[30, 29, 33, 24, 24, 32, 19, 27, 14, 16, 47, 35, 25, 40, 43, 17]","[14, 15, 14, 9, 11, 10, 11, 12, 8, 15, 15, 13, 11, 14, 11, 14]",0.22591081730661303,0.6234281904979817,0.09516881253808952,0.22385915220013333,0.28036416447017415,-1.0,0.04263959390862944,0.2649746192893401,0.3081218274111675,0.2948571428571429,0.4136363636363637,-1.0
vitb,30,3,0.1,-21.866611433305717,10.383279828647593,73.01068722943722,0.2698931277056277,0.4249881462963604,"[20, 24, 26, 18, 19, 25, 14, 18, 7, 14, 34, 26, 18, 30, 25, 10]","[14, 15, 14, 9, 11, 10, 11, 12, 8, 15, 15, 13, 11, 14, 11, 14]",0.22339050462173918,0.6124633792633494,0.09516881253808952,0.22140081279879464,0.28036416447017415,-1.0,0.04263959390862944,0.26345177664974617,0.30050761421319794,0.28628571428571437,0.4136363636363637,-1.0
vitb,30,3,0.15,-8.809444904722453,6.800735254367722,46.2574925074925,0.5374250749250749,0.30950081114177097,"[14, 20, 21, 15, 17, 21, 9, 15, 6, 13, 28, 17, 12, 25, 20, 6]","[14, 15, 14, 9, 11, 10, 11, 12, 8, 15, 15, 13, 11, 14, 11, 14]",0.21959104102416702,0.5980270746635334,0.09516881253808952,0.2169119724957452,0.2780014281965468,-1.0,0.04263959390862944,0.2593908629441624,0.2903553299492386,0.27542857142857147,0.40909090909090906,-1.0
vitb,30,3,0.2,-4.183098591549296,4.943429983321297,34.50884185259186,0.6549115814740815,0.2043836166282593,"[14, 20, 20, 14, 17, 14, 9, 15, 5, 13, 20, 15, 11, 23, 17, 5]","[14, 15, 14, 9, 11, 10, 11, 12, 8, 15, 15, 13, 11, 14, 11, 14]",0.21902886616261305,0.5924053260479939,0.09516881253808952,0.21582417031451182,0.2780014281965468,-1.0,0.04263959390862944,0.2593908629441624,0.2893401015228426,0.2742857142857143,0.40909090909090906,-1.0
vitb,30,3,0.25,-2.9370339685169844,4.3084219849035215,30.09424603174603,0.6990575396825397,0.19384303816300463,"[12, 19, 18, 14, 15, 14, 9, 15, 4, 13, 16, 13, 9, 20, 14, 3]","[14, 15, 14, 9, 11, 10, 11, 12, 8, 15, 15, 13, 11, 14, 11, 14]",0.21622023767411272,0.5806211364888021,0.09516881253808952,0.21291648610301903,0.2780014281965468,-1.0,0.04263959390862944,0.2563451776649746,0.2842639593908629,0.26857142857142857,0.40909090909090906,-1.0
vitb,30,3,0.3,-2.1019055509527753,3.824264635194589,24.478264790764786,0.7552173520923522,0.20330541428799898,"[12, 19, 16, 13, 12, 14, 8, 15, 4, 13, 15, 13, 8, 17, 11, 3]","[14, 15, 14, 9, 11, 10, 11, 12, 8, 15, 15, 13, 11, 14, 11, 14]",0.21273428883913315,0.5679447788170205,0.09516881253808952,0.21114434577947283,0.26966597734507963,-1.0,0.04263959390862944,0.2543147208121827,0.27918781725888325,0.2651428571428571,0.3909090909090909,-1.0
vitb,30,3,0.4,-1.9560894780447389,3.7332961307670196,20.81761988011988,0.7918238011988012,0.20999557819529605,"[10, 15, 16, 9, 10, 11, 7, 13, 4, 10, 13, 12, 7, 15, 11, 3]","[14, 15, 14, 9, 11, 10, 11, 12, 8, 15, 15, 13, 11, 14, 11, 14]",0.20702411883927835,0.5473341482781496,0.09311286923884157,0.20480263093726123,0.26703602685003014,-1.0,0.04263959390862944,0.25025380710659895,0.2680203045685279,0.25314285714285717,0.38636363636363635,-1.0
vitb,30,3,0.5,-3.7986743993372,4.756574397610112,30.24319430569431,0.6975680569430569,0.21327666588839586,"[9, 14, 14, 9, 8, 7, 6, 11, 4, 6, 12, 11, 7, 8, 8, 3]","[14, 15, 14, 9, 11, 10, 11, 12, 8, 15, 15, 13, 11, 14, 11, 14]",0.19357919530003617,0.5024169838966829,0.09078322450966275,0.19132745904681298,0.24950622178550874,-1.0,0.04263959390862944,0.23857868020304568,0.24619289340101522,0.23314285714285718,0.35,-1.0
vitb,30,3,0.6,-8.067108533554267,6.5383484153110105,46.442377067377066,0.5355762293262293,0.21136578044175802,"[8, 14, 10, 7, 5, 6, 6, 8, 4, 4, 9, 9, 4, 6, 5, 0]","[14, 15, 14, 9, 11, 10, 11, 12, 8, 15, 15, 13, 11, 14, 11, 14]",0.17252763695004525,0.42993306941362963,0.08802393218698787,0.17077516698797127,0.2269126172242039,-1.0,0.0401015228426396,0.21269035532994923,0.21522842639593906,0.20342857142857146,0.3090909090909091,-1.0
vitb,30,3,0.7,-11.606462303231151,7.709571972554637,58.20034132534132,0.4179965867465868,0.1859146987580306,"[5, 12, 8, 6, 5, 2, 5, 6, 4, 4, 8, 6, 3, 4, 4, 0]","[14, 15, 14, 9, 11, 10, 11, 12, 8, 15, 15, 13, 11, 14, 11, 14]",0.15012083336006796,0.3610513673811665,0.0810768829919429,0.1488844615976303,0.1917296641462874,-1.0,0.0401015228426396,0.18071065989847715,0.18121827411167513,0.17200000000000001,0.2545454545454545,-1.0
vitb,30,3,0.8,-19.414250207125104,9.810708435174291,77.31109168609169,0.22688908313908315,0.1524288069417707,"[1, 5, 5, 4, 5, 1, 3, 2, 0, 3, 5, 6, 2, 1, 2, 0]","[14, 15, 14, 9, 11, 10, 11, 12, 8, 15, 15, 13, 11, 14, 11, 14]",0.09971225547147362,0.2146628948609147,0.06520055851739019,0.0972207500405381,0.13385645707427887,-1.0,0.03756345177664975,0.11522842639593908,0.11522842639593908,0.10914285714285714,0.16363636363636364,-1.0
vitb,30,3,0.9,-27.129246064623032,11.51629280628102,91.0560273060273,0.08943972693972693,0.09924103478175478,"[0, 1, 4, 3, 2, 1, 1, 0, 0, 0, 2, 1, 1, 1, 0, 0]","[14, 15, 14, 9, 11, 10, 11, 12, 8, 15, 15, 13, 11, 14, 11, 14]",0.04391485649857811,0.0891089108910891,0.03424092409240924,0.04366066276957367,0.05874587458745874,-1.0,0.026395939086294416,0.047208121827411166,0.047208121827411166,0.04514285714285714,0.06363636363636363,-1.0
vitb,50,1,0,-795.9304347826085,71.35474756454542,547.7869352869352,-4.4778693528693525,1.5417592897564352,"[86, 75, 79, 86, 88, 81, 79, 90, 87, 83, 92, 92]","[16, 9, 16, 8, 15, 13, 16, 15, 14, 13, 14, 15]",0.1822429619653767,0.4717442797620063,0.10347716422113815,0.18846272620520915,0.3757425742574257,-1.0,0.043292682926829265,0.21036585365853658,0.2432926829268293,0.23888888888888887,0.6,-1.0
vitb,50,1,0.05,-18.408695652173908,11.135528725660043,70.84007427757429,0.2915992572242572,0.5573995934624593,"[21, 22, 13, 20, 21, 21, 19, 27, 20, 21, 16, 43]","[16, 9, 16, 8, 15, 13, 16, 15, 14, 13, 14, 15]",0.18180478978995024,0.47071017635166523,0.10347716422113815,0.18747875646666207,0.3757425742574257,-1.0,0.043292682926829265,0.21036585365853658,0.23963414634146343,0.23518518518518522,0.6,-1.0
vitb,50,1,0.1,-2.5739130434782598,4.7784237289438165,29.35426841676842,0.7064573158323157,0.18801405305754826,"[20, 10, 8, 13, 16, 11, 9, 21, 12, 16, 13, 23]","[16, 9, 16, 8, 15, 13, 16, 15, 14, 13, 14, 15]",0.17561864957224493,0.45076790575399484,0.10197049181476704,0.18025168808987618,0.3757425742574257,-1.0,0.043292682926829265,0.20670731707317075,0.22073170731707314,0.21604938271604937,0.6,-1.0
vitb,50,1,0.15,-1.3608695652173908,3.8837267325770144,19.516814204314205,0.804831857956858,0.16773611004974737,"[14, 8, 6, 10, 15, 10, 9, 17, 12, 14, 12, 14]","[16, 9, 16, 8, 15, 13, 16, 15, 14, 13, 14, 15]",0.1710455082551637,0.4298721769238174,0.10197049181476704,0.17516563485067613,0.3757425742574257,-1.0,0.043292682926829265,0.20365853658536587,0.21158536585365853,0.2067901234567901,0.6,-1.0
vitb,50,1,0.2,-2.5869565217391295,4.7871355387816905,28.14178876678877,0.7185821123321124,0.16586461709903869,"[13, 6, 5, 10, 11, 8, 8, 12, 11, 14, 12, 13]","[16, 9, 16, 8, 15, 13, 16, 15, 14, 13, 14, 15]",0.1673957334701633,0.4179085821403055,0.10197049181476704,0.1721684972388088,0.3757425742574257,-1.0,0.043292682926829265,0.2,0.20548780487804877,0.2006172839506173,0.6,-1.0
vitb,50,1,0.25,-3.1999999999999993,5.180090089306685,30.693554131054128,0.6930644586894587,0.1761900303565503,"[10, 5, 5, 9, 11, 8, 8, 12, 10, 13, 11, 12]","[16, 9, 16, 8, 15, 13, 16, 15, 14, 13, 14, 15]",0.1673957334701633,0.4179085821403055,0.10197049181476704,0.1721684972388088,0.3757425742574257,-1.0,0.043292682926829265,0.2,0.20548780487804877,0.2006172839506173,0.6,-1.0
vitb,50,1,0.3,-4.856521739130433,6.1169164345008555,38.03164428164429,0.6196835571835572,0.18259919710807532,"[8, 4, 5, 8, 11, 7, 7, 10, 9, 11, 10, 9]","[16, 9, 16, 8, 15, 13, 16, 15, 14, 13, 14, 15]",0.16294710185509503,0.39708673479872186,0.0994485415065287,0.16633322870295955,0.3757425742574257,-1.0,0.043292682926829265,0.19817073170731708,0.19817073170731708,0.19320987654320984,0.6,-1.0
vitb,50,1,0.4,-8.56086956521739,7.815582725128904,50.74074074074074,0.49259259259259264,0.17596469041534693,"[6, 4, 4, 8, 8, 6, 6, 8, 6, 7, 8, 6]","[16, 9, 16, 8, 15, 13, 16, 15, 14, 13, 14, 15]",0.15588362099781064,0.38201458923375164,0.0994485415065287,0.15911163964207292,0.3757425742574257,-1.0,0.043292682926829265,0.18658536585365854,0.18658536585365854,0.18148148148148147,0.6,-1.0
vitb,50,1,0.5,-11.613043478260867,8.976822006330154,59.3327737077737,0.406672262922263,0.17658934205566654,"[4, 4, 4, 7, 7, 2, 4, 6, 6, 6, 7, 6]","[16, 9, 16, 8, 15, 13, 16, 15, 14, 13, 14, 15]",0.1413065789833175,0.32174281306828095,0.09592235403998557,0.1423876490091081,0.3757425742574257,-1.0,0.043292682926829265,0.1652439024390244,0.1652439024390244,0.15987654320987654,0.6,-1.0
vitb,50,1,0.6,-13.986956521739126,9.785192895390463,68.12970594220596,0.31870294057794063,0.10946892864400364,"[4, 4, 2, 3, 7, 2, 3, 6, 5, 4, 5, 6]","[16, 9, 16, 8, 15, 13, 16, 15, 14, 13, 14, 15]",0.12517819385165374,0.2772598691259213,0.08821566939302626,0.12459140984932685,0.3757425742574257,-1.0,0.043292682926829265,0.14329268292682928,0.14329268292682928,0.13765432098765432,0.6,-1.0
vitb,50,1,0.7,-16.373913043478257,10.535653752852738,73.8363603988604,0.261636396011396,0.12231414051015174,"[3, 4, 1, 2, 6, 1, 3, 6, 4, 3, 3, 6]","[16, 9, 16, 8, 15, 13, 16, 15, 14, 13, 14, 15]",0.11097146770055838,0.23146964421716898,0.0839108910891089,0.11067863081898863,0.3757425742574257,-1.0,0.043292682926829265,0.1268292682926829,0.1268292682926829,0.12098765432098765,0.6,-1.0
vitb,50,1,0.8,-19.80434782608695,11.528949070347508,79.96731277981279,0.20032687220187215,0.134166246541188,"[1, 4, 0, 2, 5, 1, 2, 5, 1, 3, 2, 5]","[16, 9, 16, 8, 15, 13, 16, 15, 14, 13, 14, 15]",0.08586357616619514,0.1761786600496278,0.07409773235388055,0.08442620392306692,0.3757425742574257,-1.0,0.039634146341463415,0.0951219512195122,0.0951219512195122,0.08888888888888888,0.6,-1.0
vitb,50,1,0.9,-25.778260869565212,13.079882772155619,92.49720187220188,0.07502798127798126,0.07215000036870463,"[0, 2, 0, 1, 1, 0, 0, 1, 1, 1, 1, 3]","[16, 9, 16, 8, 15, 13, 16, 15, 14, 13, 14, 15]",0.039900990099009895,0.06930693069306931,0.050405040504050404,0.03685368536853685,0.201980198019802,-1.0,0.031097560975609756,0.039634146341463415,0.039634146341463415,0.03518518518518519,0.4,-1.0
vitb,50,2,0,-1610.8750000000002,82.67012761572344,690.3932595182596,-5.903932595182597,1.5601211073286927,"[95, 87, 94, 91, 100, 93, 93, 97, 100, 93, 100, 93, 96, 97, 98, 98, 85, 98, 95, 96]","[8, 12, 15, 15, 13, 12, 15, 13, 11, 13, 9, 9, 12, 12, 15, 14, 11, 12, 12, 15]",0.2038445725203695,0.4874709231407806,0.09422465184423849,0.21573665118759291,0.19470161012677029,-1.0,0.047580645161290326,0.24798387096774194,0.3084677419354839,0.30333333333333334,0.4625,-1.0
vitb,50,2,0.05,-201.66509433962267,29.31381926668717,222.3306277056277,-1.223306277056277,1.0307619565104231,"[49, 34, 42, 26, 33, 34, 49, 66, 26, 31, 19, 32, 40, 43, 48, 36, 25, 42, 51, 62]","[8, 12, 15, 15, 13, 12, 15, 13, 11, 13, 9, 9, 12, 12, 15, 14, 11, 12, 12, 15]",0.2023432768230427,0.4847725109949163,0.09370087933046833,0.21411206998909557,0.19470161012677029,-1.0,0.047580645161290326,0.24798387096774194,0.29475806451612907,0.2891666666666667,0.4625,-1.0
vitb,50,2,0.1,-55.98113207547171,15.543487382180357,108.78546453546454,-0.08785464535464535,0.74410880782987,"[34, 24, 21, 17, 18, 17, 37, 39, 17, 23, 13, 20, 25, 26, 32, 22, 18, 25, 35, 47]","[8, 12, 15, 15, 13, 12, 15, 13, 11, 13, 9, 9, 12, 12, 15, 14, 11, 12, 12, 15]",0.2010905574174713,0.47966936119158254,0.09260885836366578,0.2124143483119383,0.19470161012677029,-1.0,0.047580645161290326,0.24798387096774194,0.28911290322580646,0.2833333333333333,0.4625,-1.0
vitb,50,2,0.15,-21.54716981132076,9.777525249264253,60.31385281385282,0.39686147186147186,0.4815472873910125,"[20, 17, 12, 13, 16, 11, 31, 28, 11, 21, 10, 14, 23, 20, 24, 17, 13, 19, 26, 40]","[8, 12, 15, 15, 13, 12, 15, 13, 11, 13, 9, 9, 12, 12, 15, 14, 11, 12, 12, 15]",0.19791523584956108,0.4700330053193259,0.09129175417618281,0.20908684765161847,0.19470161012677029,-1.0,0.047580645161290326,0.24798387096774194,0.27661290322580645,0.27041666666666664,0.4625,-1.0
vitb,50,2,0.2,-9.530660377358492,6.682065548915245,39.04050116550116,0.6095949883449883,0.3337202419787477,"[13, 12, 11, 12, 16, 8, 27, 24, 9, 17, 8, 11, 22, 15, 19, 14, 11, 15, 25, 30]","[8, 12, 15, 15, 13, 12, 15, 13, 11, 13, 9, 9, 12, 12, 15, 14, 11, 12, 12, 15]",0.19532039546686586,0.4620439792064535,0.08965135344971964,0.20610859846176682,0.19470161012677029,-1.0,0.047580645161290326,0.24556451612903224,0.26854838709677414,0.26208333333333333,0.4625,-1.0
vitb,50,2,0.25,-4.058962264150945,4.631414470763764,27.957195582195578,0.7204280441780442,0.22292216633260759,"[11, 12, 9, 8, 14, 7, 23, 22, 9, 11, 5, 9, 18, 12, 16, 12, 10, 12, 19, 22]","[8, 12, 15, 15, 13, 12, 15, 13, 11, 13, 9, 9, 12, 12, 15, 14, 11, 12, 12, 15]",0.19319385600945063,0.4524775137768753,0.08965135344971964,0.2030851965889275,0.19470161012677029,-1.0,0.047580645161290326,0.24435483870967745,0.2625,0.2558333333333333,0.4625,-1.0
vitb,50,2,0.3,-2.856132075471699,4.043513323831146,25.47614885114885,0.7452385114885114,0.19411171616124898,"[11, 11, 8, 7, 13, 5, 19, 20, 8, 11, 5, 7, 18, 12, 16, 11, 10, 12, 13, 18]","[8, 12, 15, 15, 13, 12, 15, 13, 11, 13, 9, 9, 12, 12, 15, 14, 11, 12, 12, 15]",0.19218782198274614,0.44730655133650166,0.08965135344971964,0.20251437420056626,0.19470161012677029,-1.0,0.047580645161290326,0.24274193548387096,0.26048387096774195,0.25375000000000003,0.4625,-1.0
vitb,50,2,0.4,-3.221698113207548,4.230839160261236,29.6691502941503,0.7033084970584971,0.18081339153640086,"[9, 8, 7, 7, 10, 5, 16, 15, 7, 9, 3, 5, 15, 11, 16, 10, 8, 7, 11, 13]","[8, 12, 15, 15, 13, 12, 15, 13, 11, 13, 9, 9, 12, 12, 15, 14, 11, 12, 12, 15]",0.18746945066681892,0.4358551015456734,0.08740882150421739,0.19685195795009708,0.18787516986992817,-1.0,0.047580645161290326,0.23790322580645165,0.24919354838709676,0.24333333333333335,0.425,-1.0
vitb,50,2,0.5,-5.3443396226415105,5.186520991955976,37.79960317460318,0.6220039682539682,0.2065271251206886,"[9, 8, 5, 7, 7, 5, 12, 15, 5, 8, 1, 4, 15, 10, 13, 9, 6, 7, 11, 11]","[8, 12, 15, 15, 13, 12, 15, 13, 11, 13, 9, 9, 12, 12, 15, 14, 11, 12, 12, 15]",0.1814007706770013,0.42286332617766037,0.08473659023841389,0.18982607744786986,0.18787516986992817,-1.0,0.047580645161290326,0.22943548387096774,0.23911290322580644,0.23291666666666666,0.425,-1.0
vitb,50,2,0.6,-7.773584905660378,6.099180272790763,43.80301642801642,0.5619698357198357,0.23184971026612747,"[9, 7, 5, 6, 3, 5, 12, 14, 4, 8, 1, 4, 12, 10, 10, 8, 5, 5, 8, 8]","[8, 12, 15, 15, 13, 12, 15, 13, 11, 13, 9, 9, 12, 12, 15, 14, 11, 12, 12, 15]",0.17042014776006542,0.3876255631997423,0.08189079667702182,0.17753154685324138,0.18787516986992817,-1.0,0.047580645161290326,0.2149193548387097,0.22016129032258064,0.21333333333333337,0.425,-1.0
vitb,50,2,0.7,-10.698113207547172,7.042726744663604,51.014097014097004,0.48985902985902985,0.23040174981450057,"[8, 6, 5, 4, 3, 4, 10, 10, 4, 6, 1, 4, 12, 8, 7, 6, 5, 3, 7, 7]","[8, 12, 15, 15, 13, 12, 15, 13, 11, 13, 9, 9, 12, 12, 15, 14, 11, 12, 12, 15]",0.16210078820178025,0.3643859066386241,0.07528513105484787,0.16936791937202447,0.14734480590916235,-1.0,0.047580645161290326,0.20201612903225805,0.20483870967741935,0.20208333333333334,0.2875,-1.0
vitb,50,2,0.8,-16.759433962264154,8.677557259966655,64.21421633921634,0.35785783660783665,0.2154761528751748,"[7, 4, 2, 2, 2, 4, 8, 7, 3, 2, 0, 4, 7, 8, 3, 3, 5, 2, 6, 7]","[8, 12, 15, 15, 13, 12, 15, 13, 11, 13, 9, 9, 12, 12, 15, 14, 11, 12, 12, 15]",0.1324367363412411,0.2893944236806816,0.06102169040433455,0.1393866484484858,0.12735266383781232,-1.0,0.044354838709677415,0.16048387096774194,0.16048387096774194,0.15874999999999997,0.2125,-1.0
vitb,50,2,0.9,-25.084905660377363,10.516653460107925,80.19043456543457,0.1980956543456543,0.15688472575612555,"[5, 2, 0, 1, 0, 2, 3, 3, 3, 1, 0, 3, 2, 4, 0, 2, 4, 2, 3, 6]","[8, 12, 15, 15, 13, 12, 15, 13, 11, 13, 9, 9, 12, 12, 15, 14, 11, 12, 12, 15]",0.0821909172234671,0.16848423972832066,0.04121971020631475,0.08665993366542014,0.10447194719471944,-1.0,0.038306451612903226,0.09758064516129031,0.09758064516129031,0.09624999999999999,0.1375,-1.0
vitb,50,3,0,-1360.7630488815244,80.12802256389459,675.7785790598291,-5.757785790598291,1.5970386458711083,"[96, 96, 99, 94, 93, 100, 96, 99, 85, 89, 89, 85, 87, 81, 98, 88]","[14, 15, 14, 9, 11, 10, 11, 12, 8, 15, 15, 13, 11, 14, 11, 14]",0.2987054134092732,0.6667731256235578,0.20309342378142176,0.29594648998740397,0.37727401026427115,-1.0,0.029949238578680204,0.3395939086294416,0.40862944162436543,0.39885714285714285,0.48636363636363633,-1.0
vitb,50,3,0.05,-355.7191383595692,41.01066934347695,318.4150571650572,-2.1841505716505716,0.9352005235913045,"[55, 54, 47, 37, 31, 61, 57, 38, 24, 54, 60, 60, 44, 79, 57, 65]","[14, 15, 14, 9, 11, 10, 11, 12, 8, 15, 15, 13, 11, 14, 11, 14]",0.29842803276262125,0.6657034895740803,0.20309342378142176,0.2955201344685152,0.37727401026427115,-1.0,0.029949238578680204,0.3395939086294416,0.40609137055837563,0.396,0.48636363636363633,-1.0
vitb,50,3,0.1,-97.46561723280861,21.54646142641524,158.98734945609945,-0.5898734945609945,0.6265151869194318,"[39, 36, 28, 22, 17, 34, 28, 25, 19, 35, 29, 38, 27, 60, 33, 41]","[14, 15, 14, 9, 11, 10, 11, 12, 8, 15, 15, 13, 11, 14, 11, 14]",0.2970140220602741,0.6635252717522981,0.20309342378142176,0.29398057351074286,0.37727401026427115,-1.0,0.029949238578680204,0.3395939086294416,0.3994923857868021,0.38857142857142857,0.48636363636363633,-1.0
vitb,50,3,0.15,-44.428334714167356,14.635146053251399,101.53561716061716,-0.015356171606171642,0.5275617067275729,"[29, 28, 21, 17, 15, 23, 22, 23, 14, 25, 20, 35, 21, 50, 25, 30]","[14, 15, 14, 9, 11, 10, 11, 12, 8, 15, 15, 13, 11, 14, 11, 14]",0.296093020284751,0.6604413568034263,0.20309342378142176,0.29368565040141065,0.3739994640596506,-1.0,0.029949238578680204,0.3395939086294416,0.39746192893401017,0.38742857142857146,0.47727272727272724,-1.0
vitb,50,3,0.2,-22.31731565865783,10.485108487755385,64.01060744810745,0.3598939255189255,0.4765704332527225,"[25, 22, 18, 13, 14, 18, 19, 18, 10, 19, 19, 32, 18, 43, 15, 23]","[14, 15, 14, 9, 11, 10, 11, 12, 8, 15, 15, 13, 11, 14, 11, 14]",0.296093020284751,0.6604413568034263,0.20309342378142176,0.29242712005310706,0.3739994640596506,-1.0,0.029949238578680204,0.3395939086294416,0.3954314720812183,0.3851428571428571,0.47727272727272724,-1.0
vitb,50,3,0.25,-12.79950289975145,8.066132902450839,44.05932609057609,0.5594067390942391,0.4137694396371583,"[24, 20, 16, 9, 12, 15, 17, 17, 9, 19, 16, 29, 14, 36, 14, 21]","[14, 15, 14, 9, 11, 10, 11, 12, 8, 15, 15, 13, 11, 14, 11, 14]",0.29434200275123584,0.6556812654096714,0.20309342378142176,0.29167548209112387,0.3739994640596506,-1.0,0.029949238578680204,0.3395939086294416,0.3928934010152284,0.3822857142857143,0.47727272727272724,-1.0
vitb,50,3,0.3,-6.768019884009942,6.051859218455102,29.795343545343545,0.7020465645465646,0.3398454109421901,"[23, 17, 14, 8, 10, 12, 15, 16, 8, 16, 14, 27, 13, 29, 11, 20]","[14, 15, 14, 9, 11, 10, 11, 12, 8, 15, 15, 13, 11, 14, 11, 14]",0.2922863510894154,0.6502338805224839,0.20309342378142176,0.288621691079597,0.3739994640596506,-1.0,0.029949238578680204,0.3380710659898477,0.3878172588832488,0.37657142857142856,0.47727272727272724,-1.0
vitb,50,3,0.4,-0.895608947804474,2.9895651857753496,17.99426268176268,0.8200573731823732,0.15342555333517705,"[19, 15, 12, 7, 10, 7, 10, 12, 6, 15, 13, 20, 12, 20, 10, 16]","[14, 15, 14, 9, 11, 10, 11, 12, 8, 15, 15, 13, 11, 14, 11, 14]",0.2860942003421461,0.6315189308825903,0.20309342378142176,0.2820429043961173,0.3739994640596506,-1.0,0.029949238578680204,0.3380710659898477,0.3771573604060914,0.36457142857142855,0.47727272727272724,-1.0
vitb,50,3,0.5,-0.48467274233637125,2.6457513110645907,19.760465229215228,0.8023953477078477,0.14637738526778732,"[15, 14, 12, 7, 10, 4, 7, 9, 5, 13, 13, 15, 11, 17, 8, 15]","[14, 15, 14, 9, 11, 10, 11, 12, 8, 15, 15, 13, 11, 14, 11, 14]",0.278001980281051,0.6090559657821699,0.19918654660721782,0.2727922407892557,0.36399473196879456,-1.0,0.029949238578680204,0.3299492385786802,0.3634517766497462,0.35142857142857137,0.4590909090909091,-1.0
vitb,50,3,0.6,-2.327257663628832,3.960744879438715,29.26120754245754,0.7073879245754245,0.17644544996705352,"[13, 14, 9, 6, 10, 3, 7, 8, 5, 12, 8, 12, 8, 12, 5, 10]","[14, 15, 14, 9, 11, 10, 11, 12, 8, 15, 15, 13, 11, 14, 11, 14]",0.25474201358647014,0.5439078610180436,0.18586823273990294,0.2514066746892981,0.33745521594822697,-1.0,0.029949238578680204,0.31421319796954317,0.33096446700507615,0.3205714285714286,0.4136363636363637,-1.0
vitb,50,3,0.7,-5.296603148301574,5.448623679425842,41.88249250749251,0.5811750749250749,0.1619905536749815,"[12, 12, 7, 6, 7, 2, 6, 6, 4, 9, 5, 9, 8, 9, 5, 9]","[14, 15, 14, 9, 11, 10, 11, 12, 8, 15, 15, 13, 11, 14, 11, 14]",0.2261334529109898,0.46774173099130206,0.16622681215862226,0.2167748512702036,0.33745521594822697,-1.0,0.029949238578680204,0.28121827411167516,0.2903553299492386,0.2748571428571428,0.4136363636363637,-1.0
vitb,50,3,0.8,-12.017398508699255,7.834219807996199,62.7500104062604,0.3724998959373959,0.12914287607895777,"[9, 8, 7, 3, 3, 2, 3, 3, 3, 6, 3, 7, 5, 4, 3, 6]","[14, 15, 14, 9, 11, 10, 11, 12, 8, 15, 15, 13, 11, 14, 11, 14]",0.15526284537647836,0.3183026860146849,0.12050887051449352,0.14337567023537917,0.28351696918237396,-1.0,0.029949238578680204,0.19746192893401016,0.19746192893401016,0.18,0.33636363636363636,-1.0
vitb,50,3,0.9,-24.92874896437448,11.05667219374799,88.95616536241536,0.11043834637584637,0.10615469303284418,"[5, 1, 5, 1, 1, 0, 0, 0, 1, 1, 2, 2, 1, 1, 0, 2]","[14, 15, 14, 9, 11, 10, 11, 12, 8, 15, 15, 13, 11, 14, 11, 14]",0.04356620134063096,0.09470512268618166,0.029057253551442102,0.039402926360747534,0.09067656765676567,-1.0,0.02182741116751269,0.05736040609137057,0.05736040609137057,0.05257142857142858,0.09545454545454546,-1.0
vitb,50,3,0.98,-31.76884838442419,12.429802894656053,99.58333333333333,0.004166666666666666,0.01613743060919757,"[0, 0, 0, 0, 0, 0, 0, 0, 0, 1, 0, 0, 0, 0, 0, 0]","[14, 15, 14, 9, 11, 10, 11, 12, 8, 15, 15, 13, 11, 14, 11, 14]",0.0,0.0,0.0,0.0,0.0,-1.0,0.0,0.0,0.0,0.0,0.0,-1.0
vitl,1,1,0,-156.8260869565217,31.75426480542942,213.21415852665854,-1.132141585266585,0.9225174895042758,"[41, 37, 30, 21, 44, 28, 64, 40, 29, 60, 50, 66]","[16, 9, 16, 8, 15, 13, 16, 15, 14, 13, 14, 15]",0.03391847539048357,0.1575819659686028,0.0012743395322692642,0.0413517667401021,0.006269834516313106,-1.0,0.014024390243902441,0.062195121951219526,0.12499999999999997,0.12222222222222223,0.35,-1.0
vitl,1,1,0.05,-5.54782608695652,6.467869303977419,46.27861721611722,0.5372138278388278,0.14592569037529854,"[10, 3, 8, 4, 10, 6, 11, 6, 8, 8, 4, 12]","[16, 9, 16, 8, 15, 13, 16, 15, 14, 13, 14, 15]",0.023476236481510433,0.10519585162686959,0.00035360678925035356,0.02853500000593789,0.0,-1.0,0.014024390243902441,0.054268292682926836,0.054268292682926836,0.05493827160493827,0.0,-1.0
vitl,1,1,0.1,-10.869565217391301,8.708233651742088,63.07832214082213,0.3692167785917786,0.1235531005468823,"[7, 2, 6, 3, 9, 3, 8, 5, 3, 6, 3, 7]","[16, 9, 16, 8, 15, 13, 16, 15, 14, 13, 14, 15]",0.020717795483145625,0.09455950947806584,0.00035360678925035356,0.023919186856094583,0.0,-1.0,0.014024390243902441,0.04207317073170732,0.04207317073170732,0.04259259259259259,0.0,-1.0
vitl,1,1,0.15,-14.404347826086953,9.920517459622086,72.08969271469272,0.27910307285307284,0.09683922565454232,"[6, 2, 6, 2, 7, 2, 6, 4, 3, 4, 2, 3]","[16, 9, 16, 8, 15, 13, 16, 15, 14, 13, 14, 15]",0.019116057758352734,0.08568162168928697,0.00035360678925035356,0.022008102059907324,0.0,-1.0,0.014024390243902441,0.03780487804878049,0.03780487804878049,0.03827160493827161,0.0,-1.0
vitl,1,1,0.2,-16.073913043478257,10.444296689262199,75.88878713878714,0.24111212861212863,0.11722229928814401,"[6, 1, 5, 2, 7, 2, 5, 4, 3, 3, 0, 3]","[16, 9, 16, 8, 15, 13, 16, 15, 14, 13, 14, 15]",0.016315895389174644,0.07116016954407245,0.00035360678925035356,0.018416456922542908,0.0,-1.0,0.012195121951219513,0.031097560975609763,0.031097560975609763,0.03148148148148148,0.0,-1.0
vitl,1,1,0.25,-17.795652173913037,10.95825411885184,79.16870166870167,0.2083129833129833,0.10231799568928417,"[5, 1, 3, 2, 6, 1, 4, 4, 3, 3, 0, 3]","[16, 9, 16, 8, 15, 13, 16, 15, 14, 13, 14, 15]",0.016315895389174644,0.07116016954407245,0.00035360678925035356,0.018416456922542908,0.0,-1.0,0.012195121951219513,0.031097560975609763,0.031097560975609763,0.03148148148148148,0.0,-1.0
vitl,1,1,0.3,-18.59130434782608,11.18779096455894,81.37222730972731,0.18627772690272693,0.10566239783953449,"[5, 1, 2, 1, 6, 1, 4, 4, 3, 2, 0, 3]","[16, 9, 16, 8, 15, 13, 16, 15, 14, 13, 14, 15]",0.015639546919413053,0.07116016954407245,0.00035360678925035356,0.01744649255210056,0.0,-1.0,0.012195121951219513,0.029268292682926834,0.029268292682926834,0.029629629629629627,0.0,-1.0
vitl,1,1,0.4,-20.691304347826083,11.772142257606868,85.3515466015466,0.14648453398453395,0.08660841188502447,"[4, 1, 2, 1, 5, 1, 4, 2, 2, 1, 0, 2]","[16, 9, 16, 8, 15, 13, 16, 15, 14, 13, 14, 15]",0.01362626955481023,0.060301019112900305,0.0,0.014468228058984579,0.0,-1.0,0.012195121951219513,0.021951219512195124,0.021951219512195124,0.02222222222222222,0.0,-1.0
vitl,1,1,0.5,-22.54347826086956,12.264447262990153,89.18701668701668,0.10812983312983311,0.08815805201552873,"[3, 1, 1, 0, 4, 0, 4, 2, 2, 1, 0, 1]","[16, 9, 16, 8, 15, 13, 16, 15, 14, 13, 14, 15]",0.011645087585681644,0.0490987560294491,0.0,0.011984912776991987,0.0,-1.0,0.010975609756097562,0.018902439024390243,0.018902439024390243,0.0191358024691358,0.0,-1.0
vitl,1,1,0.6,-24.682608695652167,12.809501681694465,92.34673890923891,0.07653261090761089,0.07077126632853678,"[1, 1, 1, 0, 4, 0, 1, 1, 2, 1, 0, 1]","[16, 9, 16, 8, 15, 13, 16, 15, 14, 13, 14, 15]",0.010985021579080982,0.0424980959634425,0.0,0.011086570195481087,0.0,-1.0,0.010975609756097562,0.01707317073170732,0.01707317073170732,0.01728395061728395,0.0,-1.0
vitl,1,1,0.7,-24.682608695652167,12.809501681694465,92.34673890923891,0.07653261090761089,0.07077126632853678,"[1, 1, 1, 0, 4, 0, 1, 1, 2, 1, 0, 1]","[16, 9, 16, 8, 15, 13, 16, 15, 14, 13, 14, 15]",0.010985021579080982,0.0424980959634425,0.0,0.011086570195481087,0.0,-1.0,0.010975609756097562,0.01707317073170732,0.01707317073170732,0.01728395061728395,0.0,-1.0
vitl,1,1,0.8,-25.79130434782608,13.083067937860243,93.94396113146114,0.060560388685388676,0.06288575143143187,"[0, 1, 1, 0, 3, 0, 0, 1, 2, 1, 0, 1]","[16, 9, 16, 8, 15, 13, 16, 15, 14, 13, 14, 15]",0.00925192519251925,0.03564356435643564,0.0,0.009331683168316831,0.0,-1.0,0.007926829268292683,0.013414634146341465,0.013414634146341465,0.013580246913580247,0.0,-1.0
vitl,1,1,0.9,-28.126086956521732,13.641236503093602,98.28258547008546,0.017174145299145294,0.029900444543356695,"[0, 0, 1, 0, 1, 0, 0, 0, 0, 1, 0, 0]","[16, 9, 16, 8, 15, 13, 16, 15, 14, 13, 14, 15]",0.0039603960396039604,0.0132013201320132,0.0,0.0039603960396039604,0.0,-1.0,0.0036585365853658543,0.0036585365853658543,0.0036585365853658543,0.0037037037037037034,0.0,-1.0
vitl,1,2,0,-923.5165094339625,62.60950407086771,503.9491896991897,-4.039491896991897,1.7903560938235559,"[74, 47, 89, 87, 81, 36, 58, 80, 84, 74, 81, 86, 77, 70, 80, 83, 32, 66, 82, 90]","[8, 12, 15, 15, 13, 12, 15, 13, 11, 13, 9, 9, 12, 12, 15, 14, 11, 12, 12, 15]",0.02146470337714416,0.08941195442751768,0.0013201320132013201,0.02193550359433336,0.026986627523365406,-1.0,0.017338709677419357,0.0532258064516129,0.07096774193548387,0.06999999999999999,0.1,-1.0
vitl,1,2,0.05,-268.87028301886795,33.826764551165695,186.40717615717617,-0.8640717615717616,1.6726127826399984,"[28, 13, 65, 87, 17, 2, 6, 80, 9, 18, 38, 10, 37, 15, 50, 58, 3, 14, 44, 81]","[8, 12, 15, 15, 13, 12, 15, 13, 11, 13, 9, 9, 12, 12, 15, 14, 11, 12, 12, 15]",0.021334137019712117,0.08872600347948169,0.0013201320132013201,0.021766388981626573,0.026072689975764497,-1.0,0.017338709677419357,0.0532258064516129,0.06774193548387097,0.06708333333333334,0.0875,-1.0
vitl,1,2,0.1,-120.8985849056604,22.7343352662883,128.9782856032856,-0.28978285603285603,1.0123465548899822,"[19, 6, 45, 75, 11, 2, 2, 49, 5, 10, 25, 5, 26, 6, 38, 38, 2, 10, 28, 61]","[8, 12, 15, 15, 13, 12, 15, 13, 11, 13, 9, 9, 12, 12, 15, 14, 11, 12, 12, 15]",0.02115689852294489,0.08787686196155631,0.0013201320132013201,0.021567316724493576,0.026072689975764497,-1.0,0.017338709677419357,0.050806451612903224,0.06411290322580646,0.06333333333333332,0.0875,-1.0
vitl,1,2,0.15,-52.797169811320764,15.102979838429237,93.86888111888112,0.06131118881118882,0.563192121921837,"[14, 4, 32, 54, 8, 1, 2, 38, 5, 7, 16, 4, 22, 3, 29, 28, 1, 6, 16, 44]","[8, 12, 15, 15, 13, 12, 15, 13, 11, 13, 9, 9, 12, 12, 15, 14, 11, 12, 12, 15]",0.02064260459504258,0.08673444002705515,0.0013201320132013201,0.020830760040023134,0.026072689975764497,-1.0,0.017338709677419357,0.04838709677419355,0.056854838709677426,0.05583333333333333,0.0875,-1.0
vitl,1,2,0.2,-25.49764150943397,10.599528291391085,71.81460206460206,0.28185397935397943,0.34575510804269877,"[10, 3, 29, 37, 6, 1, 1, 30, 3, 4, 10, 1, 15, 3, 22, 22, 1, 5, 9, 31]","[8, 12, 15, 15, 13, 12, 15, 13, 11, 13, 9, 9, 12, 12, 15, 14, 11, 12, 12, 15]",0.019985401711725744,0.08401943678719107,0.0013201320132013201,0.020396020782052212,0.026072689975764497,-1.0,0.017338709677419357,0.046370967741935484,0.05161290322580645,0.050416666666666665,0.0875,-1.0
vitl,1,2,0.25,-15.698113207547173,8.414273587185052,59.54628704628704,0.40453712953712956,0.3046244843661709,"[8, 1, 23, 25, 6, 1, 1, 25, 3, 4, 8, 1, 11, 2, 19, 18, 1, 3, 8, 24]","[8, 12, 15, 15, 13, 12, 15, 13, 11, 13, 9, 9, 12, 12, 15, 14, 11, 12, 12, 15]",0.019985401711725744,0.08401943678719107,0.0013201320132013201,0.020396020782052212,0.026072689975764497,-1.0,0.017338709677419357,0.046370967741935484,0.05161290322580645,0.050416666666666665,0.0875,-1.0
vitl,1,2,0.3,-13.257075471698116,7.774959806970066,57.927086802086805,0.42072913197913203,0.2683968914121858,"[5, 0, 21, 20, 6, 1, 1, 19, 3, 4, 6, 1, 9, 2, 18, 16, 1, 3, 6, 21]","[8, 12, 15, 15, 13, 12, 15, 13, 11, 13, 9, 9, 12, 12, 15, 14, 11, 12, 12, 15]",0.019367273600572086,0.08177667107415566,0.0013201320132013201,0.01987492546890649,0.021452145214521448,-1.0,0.015725806451612902,0.04233870967741936,0.04758064516129032,0.04791666666666666,0.0375,-1.0
vitl,1,2,0.4,-14.90801886792453,8.212794895770866,60.21527084027084,0.3978472915972916,0.33119598893567853,"[3, 0, 14, 10, 3, 1, 0, 15, 2, 4, 4, 1, 9, 0, 12, 11, 1, 2, 3, 16]","[8, 12, 15, 15, 13, 12, 15, 13, 11, 13, 9, 9, 12, 12, 15, 14, 11, 12, 12, 15]",0.017897363487138853,0.07385495692426386,0.0013201320132013201,0.01828694421278102,0.021452145214521448,-1.0,0.015725806451612902,0.039919354838709675,0.04153225806451613,0.04166666666666667,0.0375,-1.0
vitl,1,2,0.5,-19.424528301886795,9.305912099305473,72.57595182595182,0.2742404817404817,0.2795646243279441,"[2, 0, 12, 8, 2, 0, 0, 11, 2, 3, 2, 0, 3, 0, 7, 7, 0, 1, 2, 12]","[8, 12, 15, 15, 13, 12, 15, 13, 11, 13, 9, 9, 12, 12, 15, 14, 11, 12, 12, 15]",0.016617410963584607,0.06718528995756719,0.0013201320132013201,0.01641216939700684,0.021452145214521448,-1.0,0.00967741935483871,0.03346774193548387,0.03387096774193549,0.033749999999999995,0.0375,-1.0
vitl,1,2,0.6,-22.24292452830189,9.927235264664578,79.68416305916305,0.2031583694083694,0.20160758861673883,"[1, 0, 6, 8, 2, 0, 0, 8, 2, 3, 1, 0, 2, 0, 4, 6, 0, 1, 2, 9]","[8, 12, 15, 15, 13, 12, 15, 13, 11, 13, 9, 9, 12, 12, 15, 14, 11, 12, 12, 15]",0.015014524027653601,0.05938800401779309,0.0013201320132013201,0.015281539477989608,0.021452145214521448,-1.0,0.00967741935483871,0.029435483870967744,0.029435483870967744,0.029166666666666667,0.0375,-1.0
vitl,1,2,0.7,-26.79481132075472,10.855873986004074,87.17271617271619,0.12827283827283828,0.158877202896736,"[0, 0, 3, 6, 1, 0, 0, 6, 2, 1, 1, 0, 1, 0, 1, 5, 0, 1, 0, 7]","[8, 12, 15, 15, 13, 12, 15, 13, 11, 13, 9, 9, 12, 12, 15, 14, 11, 12, 12, 15]",0.012043133720921065,0.04991749174917491,0.00043047783039173483,0.012135515547353053,0.021452145214521448,-1.0,0.006854838709677419,0.01975806451612903,0.01975806451612903,0.019166666666666665,0.0375,-1.0
vitl,1,2,0.8,-30.81603773584906,11.61464592658769,92.60619935619937,0.07393800643800645,0.12846804567206035,"[0, 0, 0, 2, 0, 0, 0, 4, 1, 0, 1, 0, 1, 0, 0, 4, 0, 0, 0, 7]","[8, 12, 15, 15, 13, 12, 15, 13, 11, 13, 9, 9, 12, 12, 15, 14, 11, 12, 12, 15]",0.010203097232800202,0.0396039603960396,0.0,0.01034889203206035,0.0,-1.0,0.004435483870967742,0.012903225806451613,0.012903225806451613,0.013333333333333332,0.0,-1.0
vitl,1,2,0.9,-35.06132075471699,12.365273955719704,98.54545454545456,0.014545454545454545,0.046921774183868864,"[0, 0, 0, 0, 0, 0, 0, 0, 1, 0, 0, 0, 0, 0, 0, 0, 0, 0, 0, 3]","[8, 12, 15, 15, 13, 12, 15, 13, 11, 13, 9, 9, 12, 12, 15, 14, 11, 12, 12, 15]",0.005610561056105611,0.019801980198019802,0.0,0.005610561056105611,0.0,-1.0,0.0020161290322580645,0.004032258064516128,0.004032258064516128,0.0041666666666666675,0.0,-1.0
vitl,1,3,0,-8.385252692626347,6.652067347825035,45.059818653568655,0.5494018134643135,0.25939712758641276,"[9, 4, 6, 5, 5, 5, 9, 8, 9, 5, 12, 12, 2, 13, 3, 2]","[14, 15, 14, 9, 11, 10, 11, 12, 8, 15, 15, 13, 11, 14, 11, 14]",0.011961169793323933,0.0745454271435988,0.0,0.013739337962064366,0.0172013629934422,-1.0,0.006091370558375634,0.029441624365482234,0.030456852791878174,0.026857142857142857,0.0590909090909091,-1.0
vitl,1,3,0.05,-30.46975973487987,12.180927715079832,97.68429487179486,0.023157051282051283,0.049881658008106934,"[0, 0, 0, 0, 0, 0, 0, 1, 0, 0, 2, 2, 0, 0, 0, 0]","[14, 15, 14, 9, 11, 10, 11, 12, 8, 15, 15, 13, 11, 14, 11, 14]",0.0038613861386138618,0.023762376237623766,0.0,0.00561056105610561,0.0,-1.0,0.0025380710659898475,0.0035532994923857864,0.0035532994923857864,0.004,0.0,-1.0
vitl,1,3,0.1,-31.463960231980117,12.371843031658623,99.0625,0.009375000000000001,0.02497828918392042,"[0, 0, 0, 0, 0, 0, 0, 1, 0, 0, 1, 0, 0, 0, 0, 0]","[14, 15, 14, 9, 11, 10, 11, 12, 8, 15, 15, 13, 11, 14, 11, 14]",0.0014851485148514852,0.0049504950495049506,0.0,0.0029702970297029695,0.0,-1.0,0.0015228426395939086,0.0015228426395939086,0.0015228426395939086,0.0017142857142857144,0.0,-1.0
vitl,1,3,0.15,-31.76884838442419,12.429802894656053,99.58333333333333,0.004166666666666666,0.01613743060919757,"[0, 0, 0, 0, 0, 0, 0, 0, 0, 0, 1, 0, 0, 0, 0, 0]","[14, 15, 14, 9, 11, 10, 11, 12, 8, 15, 15, 13, 11, 14, 11, 14]",0.0,0.0,0.0,0.0,0.0,-1.0,0.0,0.0,0.0,0.0,0.0,-1.0
vitl,1,3,0.2,-31.76884838442419,12.429802894656053,99.58333333333333,0.004166666666666666,0.01613743060919757,"[0, 0, 0, 0, 0, 0, 0, 0, 0, 0, 1, 0, 0, 0, 0, 0]","[14, 15, 14, 9, 11, 10, 11, 12, 8, 15, 15, 13, 11, 14, 11, 14]",0.0,0.0,0.0,0.0,0.0,-1.0,0.0,0.0,0.0,0.0,0.0,-1.0
vitl,5,1,0,-127.20434782608692,28.619631956636574,199.70085470085473,-0.997008547008547,1.0132889378997734,"[42, 45, 27, 23, 42, 36, 37, 46, 18, 58, 45, 58]","[16, 9, 16, 8, 15, 13, 16, 15, 14, 13, 14, 15]",0.12496986663219527,0.362767732187484,0.0356666945093472,0.13915913473242197,0.06533180687445428,-1.0,0.03231707317073171,0.15365853658536585,0.19207317073170732,0.18580246913580245,0.7,-1.0
vitl,5,1,0.05,-9.226086956521737,8.082903768654761,50.499592999593,0.49500407000407004,0.22680113714063857,"[12, 7, 4, 5, 5, 10, 6, 7, 3, 10, 2, 7]","[16, 9, 16, 8, 15, 13, 16, 15, 14, 13, 14, 15]",0.09951944451504134,0.26257161809797547,0.033433410624493905,0.10851824965155406,0.04864319261596489,-1.0,0.03231707317073171,0.12439024390243902,0.12439024390243902,0.12098765432098765,0.4,-1.0
vitl,5,1,0.1,-11.678260869565214,9.0,60.958994708994695,0.39041005291005293,0.1599688485308789,"[9, 4, 4, 5, 5, 9, 5, 6, 3, 4, 2, 6]","[16, 9, 16, 8, 15, 13, 16, 15, 14, 13, 14, 15]",0.09461495745022512,0.24230465213012364,0.033433410624493905,0.10330444053860079,0.04864319261596489,-1.0,0.03231707317073171,0.11646341463414633,0.11646341463414633,0.11296296296296296,0.4,-1.0
vitl,5,1,0.15,-14.013043478260865,9.793705461502642,66.58628408628408,0.33413715913715913,0.17507588817353073,"[9, 4, 4, 4, 4, 9, 3, 6, 2, 2, 2, 4]","[16, 9, 16, 8, 15, 13, 16, 15, 14, 13, 14, 15]",0.08906607749382653,0.22783973711561978,0.03172634336604392,0.0971621127627464,0.04864319261596489,-1.0,0.03231707317073171,0.10731707317073172,0.10731707317073172,0.1037037037037037,0.4,-1.0
vitl,5,1,0.2,-15.721739130434777,10.336021155809101,71.4523555148555,0.2854764448514448,0.17700566590704514,"[8, 4, 4, 2, 3, 9, 3, 6, 2, 2, 1, 2]","[16, 9, 16, 8, 15, 13, 16, 15, 14, 13, 14, 15]",0.08377623976029318,0.2122798040081764,0.03172634336604392,0.09062841483514594,0.04864319261596489,-1.0,0.03231707317073171,0.09939024390243903,0.09939024390243903,0.09567901234567902,0.4,-1.0
vitl,5,1,0.25,-17.965217391304343,11.007573150638912,76.03797822547821,0.23962021774521772,0.1694525035695725,"[8, 4, 4, 2, 2, 7, 1, 5, 1, 2, 1, 1]","[16, 9, 16, 8, 15, 13, 16, 15, 14, 13, 14, 15]",0.0782283732026936,0.19635212428368223,0.029552955295529554,0.08508595370644198,0.0,-1.0,0.03231707317073171,0.08780487804878048,0.08780487804878048,0.08888888888888888,0.0,-1.0
vitl,5,1,0.3,-18.59130434782608,11.18779096455894,77.14908933658933,0.2285091066341066,0.17167161518171717,"[8, 4, 4, 2, 1, 7, 1, 4, 1, 2, 1, 1]","[16, 9, 16, 8, 15, 13, 16, 15, 14, 13, 14, 15]",0.07324160760884098,0.1790832921373097,0.029552955295529554,0.08120798607774633,0.0,-1.0,0.03231707317073171,0.08231707317073171,0.08231707317073171,0.08333333333333333,0.0,-1.0
vitl,5,1,0.4,-20.886956521739126,11.825114516711174,81.85986467236468,0.1814013532763533,0.16457620118386201,"[7, 4, 3, 2, 1, 5, 1, 4, 0, 1, 0, 0]","[16, 9, 16, 8, 15, 13, 16, 15, 14, 13, 14, 15]",0.06491869999629363,0.1531191193653527,0.029552955295529554,0.07014646168709388,0.0,-1.0,0.029268292682926828,0.06951219512195123,0.06951219512195123,0.07037037037037037,0.0,-1.0
vitl,5,1,0.5,-22.49130434782608,12.2508503106247,86.59099002849003,0.13409009971509972,0.10663631730782382,"[5, 2, 3, 2, 1, 3, 1, 3, 0, 1, 0, 0]","[16, 9, 16, 8, 15, 13, 16, 15, 14, 13, 14, 15]",0.0547450637920935,0.12541254125412543,0.0264026402640264,0.05940866818284592,0.0,-1.0,0.029268292682926828,0.05731707317073172,0.05731707317073172,0.058024691358024696,0.0,-1.0
vitl,5,1,0.6,-23.613043478260863,12.539936203984453,89.35007122507123,0.10649928774928774,0.0903225966535626,"[5, 2, 2, 1, 1, 2, 1, 2, 0, 1, 0, 0]","[16, 9, 16, 8, 15, 13, 16, 15, 14, 13, 14, 15]",0.04824921462734509,0.09668025626092022,0.02599009900990099,0.05136701170117012,0.0,-1.0,0.029268292682926828,0.04939024390243903,0.04939024390243903,0.049999999999999996,0.0,-1.0
vitl,5,1,0.7,-25.595652173913038,13.035208731227385,92.9050925925926,0.07094907407407407,0.08711972468496336,"[4, 2, 2, 1, 1, 0, 1, 0, 0, 0, 0, 0]","[16, 9, 16, 8, 15, 13, 16, 15, 14, 13, 14, 15]",0.03596309630963096,0.06840684068406841,0.019801980198019802,0.03762376237623762,0.0,-1.0,0.018902439024390243,0.03231707317073171,0.03231707317073171,0.03271604938271605,0.0,-1.0
vitl,5,1,0.8,-27.03043478260869,13.382202110763883,95.02314814814815,0.04976851851851852,0.06995376498269248,"[2, 2, 1, 1, 0, 0, 1, 0, 0, 0, 0, 0]","[16, 9, 16, 8, 15, 13, 16, 15, 14, 13, 14, 15]",0.027736916548797737,0.04950495049504951,0.019801980198019802,0.028712871287128714,0.0,-1.0,0.01524390243902439,0.023170731707317073,0.023170731707317073,0.023456790123456788,0.0,-1.0
vitl,5,1,0.9,-27.813043478260862,13.567731325956206,96.06481481481482,0.03935185185185185,0.0672293320900815,"[0, 2, 1, 1, 0, 0, 1, 0, 0, 0, 0, 0]","[16, 9, 16, 8, 15, 13, 16, 15, 14, 13, 14, 15]",0.02306930693069307,0.039603960396039604,0.019801980198019802,0.023762376237623763,0.0,-1.0,0.012804878048780489,0.01768292682926829,0.01768292682926829,0.017901234567901235,0.0,-1.0
vitl,5,2,0,-872.8443396226417,60.86953260868692,464.29645354645356,-3.642964535464536,1.8653091447834196,"[58, 57, 99, 95, 85, 51, 16, 93, 66, 74, 81, 33, 72, 55, 55, 51, 46, 93, 100, 96]","[8, 12, 15, 15, 13, 12, 15, 13, 11, 13, 9, 9, 12, 12, 15, 14, 11, 12, 12, 15]",0.1256885957273003,0.342108205911044,0.0480386756709412,0.13474161188276484,0.14964824759059855,-1.0,0.03669354838709678,0.1741935483870968,0.23629032258064514,0.22875000000000006,0.4625,-1.0
vitl,5,2,0.05,-8.363207547169813,6.300793600809346,43.26966089466088,0.5673033910533911,0.23105218686153636,"[9, 5, 16, 3, 11, 4, 4, 17, 5, 6, 6, 4, 7, 5, 11, 4, 7, 4, 10, 14]","[8, 12, 15, 15, 13, 12, 15, 13, 11, 13, 9, 9, 12, 12, 15, 14, 11, 12, 12, 15]",0.10697008959791035,0.27931638249776936,0.04486219827904597,0.11211541922312995,0.14521766462360522,-1.0,0.03669354838709678,0.14879032258064517,0.15161290322580645,0.14583333333333334,0.325,-1.0
vitl,5,2,0.1,-12.51415094339623,7.569676347110224,56.00781163281163,0.4399218836718837,0.20803622611069378,"[7, 5, 8, 2, 7, 4, 4, 13, 4, 5, 2, 3, 6, 3, 7, 4, 6, 3, 6, 9]","[8, 12, 15, 15, 13, 12, 15, 13, 11, 13, 9, 9, 12, 12, 15, 14, 11, 12, 12, 15]",0.10166867297195091,0.259846364615455,0.04486219827904597,0.10663663266499902,0.14521766462360522,-1.0,0.03669354838709678,0.13991935483870965,0.14193548387096772,0.1358333333333333,0.325,-1.0
vitl,5,2,0.15,-16.040094339622645,8.5,64.40417915417916,0.35595820845820847,0.18604357989304818,"[6, 4, 6, 2, 4, 4, 2, 10, 4, 3, 1, 2, 6, 2, 6, 4, 6, 2, 6, 7]","[8, 12, 15, 15, 13, 12, 15, 13, 11, 13, 9, 9, 12, 12, 15, 14, 11, 12, 12, 15]",0.09141095601948451,0.22365482672717485,0.04214427942833737,0.09401594399000919,0.14521766462360522,-1.0,0.03669354838709678,0.12459677419354838,0.12459677419354838,0.11791666666666667,0.325,-1.0
vitl,5,2,0.2,-18.905660377358494,9.186947262284681,70.81909756909756,0.29180902430902433,0.16486178454192968,"[4, 3, 6, 1, 4, 4, 0, 9, 2, 3, 1, 2, 5, 1, 5, 4, 5, 2, 4, 7]","[8, 12, 15, 15, 13, 12, 15, 13, 11, 13, 9, 9, 12, 12, 15, 14, 11, 12, 12, 15]",0.0795486551472223,0.19364070899269972,0.03630281506411511,0.0818544813700994,0.12732673267326733,-1.0,0.035483870967741936,0.10524193548387095,0.10524193548387095,0.1,0.2625,-1.0
vitl,5,2,0.25,-21.063679245283023,9.67212489580237,75.3211371961372,0.24678862803862808,0.14042848525984108,"[3, 2, 4, 1, 4, 3, 0, 8, 2, 3, 1, 2, 5, 1, 3, 4, 3, 2, 3, 7]","[8, 12, 15, 15, 13, 12, 15, 13, 11, 13, 9, 9, 12, 12, 15, 14, 11, 12, 12, 15]",0.07185408050923946,0.17098267395842703,0.03027612543863082,0.07226577123187664,0.12732673267326733,-1.0,0.035483870967741936,0.09112903225806451,0.09112903225806451,0.08541666666666667,0.2625,-1.0
vitl,5,2,0.3,-22.136792452830193,9.904544411531507,77.19751082251082,0.2280248917748918,0.1268807865523391,"[3, 2, 4, 1, 3, 3, 0, 7, 2, 3, 1, 2, 4, 1, 2, 3, 3, 2, 3, 7]","[8, 12, 15, 15, 13, 12, 15, 13, 11, 13, 9, 9, 12, 12, 15, 14, 11, 12, 12, 15]",0.07045144024521305,0.17098267395842703,0.03027612543863082,0.07013263451394953,0.12732673267326733,-1.0,0.035483870967741936,0.08709677419354839,0.08709677419354839,0.08125,0.2625,-1.0
vitl,5,2,0.4,-24.57783018867925,10.413932974625869,81.54249916749917,0.1845750083250083,0.10983723945645947,"[3, 1, 4, 1, 3, 2, 0, 5, 2, 3, 1, 2, 3, 0, 1, 3, 1, 2, 3, 5]","[8, 12, 15, 15, 13, 12, 15, 13, 11, 13, 9, 9, 12, 12, 15, 14, 11, 12, 12, 15]",0.060480766767653966,0.13866115712765495,0.027182066032690227,0.062186168352098566,0.12217821782178219,-1.0,0.03387096774193549,0.07419354838709677,0.07419354838709677,0.06833333333333333,0.25,-1.0
vitl,5,2,0.5,-26.28773584905661,10.756393447619885,84.30776168276168,0.1569223831723832,0.10189474850854192,"[3, 1, 4, 0, 3, 2, 0, 3, 2, 3, 1, 1, 3, 0, 1, 2, 1, 1, 3, 4]","[8, 12, 15, 15, 13, 12, 15, 13, 11, 13, 9, 9, 12, 12, 15, 14, 11, 12, 12, 15]",0.05696991734384115,0.13037195611453037,0.027182066032690227,0.05791769576679429,0.08623762376237623,-1.0,0.03225806451612904,0.06774193548387097,0.06774193548387097,0.06458333333333334,0.1625,-1.0
vitl,5,2,0.6,-28.49292452830189,11.18257573191436,88.05883005883007,0.11941169941169942,0.08609074505791378,"[2, 1, 3, 0, 2, 1, 0, 2, 2, 2, 0, 1, 3, 0, 0, 2, 1, 1, 3, 3]","[8, 12, 15, 15, 13, 12, 15, 13, 11, 13, 9, 9, 12, 12, 15, 14, 11, 12, 12, 15]",0.04628270492502238,0.10358484124274495,0.023281675993686326,0.04856633065829465,0.03003300330033003,-1.0,0.029435483870967737,0.05120967741935484,0.05120967741935484,0.05083333333333333,0.0625,-1.0
vitl,5,2,0.7,-30.83962264150944,11.61895003862225,91.66722166722167,0.08332778332778333,0.07918838037753331,"[2, 1, 2, 0, 1, 1, 0, 2, 2, 0, 0, 1, 1, 0, 0, 2, 0, 0, 2, 3]","[8, 12, 15, 15, 13, 12, 15, 13, 11, 13, 9, 9, 12, 12, 15, 14, 11, 12, 12, 15]",0.03591423428057091,0.07623762376237624,0.018976897689768978,0.040054107309992724,0.0,-1.0,0.025,0.039919354838709675,0.039919354838709675,0.041249999999999995,0.0,-1.0
vitl,5,2,0.8,-32.57311320754717,11.931051923447487,94.75620213120214,0.052437978687978684,0.05788491526032233,"[1, 0, 2, 0, 1, 1, 0, 1, 2, 0, 0, 0, 1, 0, 0, 1, 0, 0, 1, 2]","[8, 12, 15, 15, 13, 12, 15, 13, 11, 13, 9, 9, 12, 12, 15, 14, 11, 12, 12, 15]",0.024947494749474948,0.04950495049504951,0.014401440144014403,0.02674167416741674,0.0,-1.0,0.018951612903225806,0.024193548387096774,0.024193548387096774,0.024999999999999998,0.0,-1.0
vitl,5,2,0.9,-34.95518867924529,12.34706442843804,97.79924242424244,0.02200757575757576,0.05327943374461598,"[1, 0, 0, 0, 0, 0, 0, 0, 2, 0, 0, 0, 0, 0, 0, 0, 0, 0, 0, 2]","[8, 12, 15, 15, 13, 12, 15, 13, 11, 13, 9, 9, 12, 12, 15, 14, 11, 12, 12, 15]",0.014702970297029702,0.0297029702970297,0.0049504950495049506,0.01617161716171617,0.0,-1.0,0.0064516129032258064,0.011693548387096773,0.011693548387096773,0.012083333333333333,0.0,-1.0
vitl,5,3,0,-340.6603148301574,40.135707294129006,286.83536949161953,-1.8683536949161952,1.4672639044698368,"[48, 52, 81, 38, 32, 54, 50, 88, 19, 49, 39, 56, 14, 41, 32, 72]","[14, 15, 14, 9, 11, 10, 11, 12, 8, 15, 15, 13, 11, 14, 11, 14]",0.06909406134133851,0.25617594215244827,0.006547066979002906,0.07491698463935438,0.06307096525988558,-1.0,0.015228426395939085,0.10913705583756346,0.21116751269035533,0.20800000000000002,0.23636363636363633,-1.0
vitl,5,3,0.05,-3.202154101077051,4.451123453691214,29.55303377178377,0.7044696622821622,0.25697123448455605,"[13, 12, 19, 8, 14, 15, 10, 24, 3, 12, 13, 15, 4, 13, 10, 17]","[14, 15, 14, 9, 11, 10, 11, 12, 8, 15, 15, 13, 11, 14, 11, 14]",0.056159884627724706,0.21148106444947695,0.005713460003094341,0.060526003558859974,0.052151066204534226,-1.0,0.015228426395939085,0.10406091370558375,0.13401015228426397,0.13257142857142856,0.14545454545454545,-1.0
vitl,5,3,0.1,-4.434962717481358,5.062114182829147,37.033053751803756,0.6296694624819624,0.23558968754716866,"[7, 8, 17, 5, 9, 11, 7, 19, 1, 8, 10, 13, 3, 13, 6, 12]","[14, 15, 14, 9, 11, 10, 11, 12, 8, 15, 15, 13, 11, 14, 11, 14]",0.047679812670531514,0.17984947216982494,0.004397523527538331,0.05187463943532315,0.04610683962169111,-1.0,0.015228426395939085,0.09086294416243655,0.09949238578680203,0.09999999999999999,0.09545454545454546,-1.0
vitl,5,3,0.15,-5.177299088649544,5.3967582862307255,40.66098831723831,0.5933901168276168,0.20424473037244142,"[6, 8, 13, 5, 8, 8, 7, 16, 1, 6, 9, 11, 3, 10, 6, 10]","[14, 15, 14, 9, 11, 10, 11, 12, 8, 15, 15, 13, 11, 14, 11, 14]",0.04523998040822583,0.1721141673893469,0.003823553087016018,0.04824416124587987,0.04610683962169111,-1.0,0.015228426395939085,0.08629441624365483,0.08934010152284264,0.08857142857142856,0.09545454545454546,-1.0
vitl,5,3,0.2,-6.237779618889809,5.841660722773962,45.62175671550671,0.5437824328449329,0.17410941378973116,"[6, 8, 9, 5, 7, 6, 7, 15, 1, 6, 8, 11, 3, 8, 5, 10]","[14, 15, 14, 9, 11, 10, 11, 12, 8, 15, 15, 13, 11, 14, 11, 14]",0.044035527410232825,0.16818520306434298,0.003823553087016018,0.046618991790914034,0.04610683962169111,-1.0,0.015228426395939085,0.08477157360406092,0.08477157360406092,0.08342857142857144,0.09545454545454546,-1.0
vitl,5,3,0.25,-8.27920463960232,6.614378277661476,50.48526126651126,0.4951473873348873,0.2049345809730582,"[5, 8, 8, 4, 6, 6, 7, 12, 1, 4, 8, 9, 3, 6, 3, 9]","[14, 15, 14, 9, 11, 10, 11, 12, 8, 15, 15, 13, 11, 14, 11, 14]",0.04207531909166634,0.15921380592462903,0.003823553087016018,0.04489341470292567,0.04362171931478862,-1.0,0.015228426395939085,0.08071065989847717,0.08071065989847717,0.08057142857142857,0.08181818181818182,-1.0
vitl,5,3,0.3,-9.021541010770505,6.87386354243376,52.57130022755023,0.4742869977244977,0.2108850409536447,"[4, 8, 8, 4, 6, 5, 7, 12, 1, 4, 8, 9, 2, 6, 3, 8]","[14, 15, 14, 9, 11, 10, 11, 12, 8, 15, 15, 13, 11, 14, 11, 14]",0.04059017057681486,0.15467585212924947,0.003823553087016018,0.04303708804937211,0.04362171931478862,-1.0,0.015228426395939085,0.07563451776649746,0.07563451776649746,0.07485714285714286,0.08181818181818182,-1.0
vitl,5,3,0.4,-13.727423363711681,8.332916656249479,64.50325715950716,0.35496742840492845,0.16782595335026373,"[4, 5, 4, 3, 4, 4, 6, 10, 1, 2, 5, 7, 2, 5, 3, 5]","[14, 15, 14, 9, 11, 10, 11, 12, 8, 15, 15, 13, 11, 14, 11, 14]",0.03609078832040941,0.1399950737065796,0.0030397776619767235,0.037527018150918946,0.04362171931478862,-1.0,0.015228426395939085,0.06040609137055838,0.06040609137055838,0.057714285714285704,0.08181818181818182,-1.0
vitl,5,3,0.5,-16.405136702568353,9.058835465996719,71.00614663114663,0.2899385336885337,0.18119430014187377,"[4, 4, 4, 1, 4, 4, 4, 10, 0, 2, 2, 5, 2, 5, 2, 5]","[14, 15, 14, 9, 11, 10, 11, 12, 8, 15, 15, 13, 11, 14, 11, 14]",0.03462471290307902,0.13424611171360612,0.0030397776619767235,0.035855825279268644,0.04362171931478862,-1.0,0.015228426395939085,0.05736040609137055,0.05736040609137055,0.054285714285714284,0.08181818181818182,-1.0
vitl,5,3,0.6,-20.67357083678542,10.108783309577865,79.67685092685093,0.20323149073149074,0.12615707372429985,"[4, 1, 2, 1, 3, 3, 4, 6, 0, 2, 1, 4, 2, 3, 1, 3]","[14, 15, 14, 9, 11, 10, 11, 12, 8, 15, 15, 13, 11, 14, 11, 14]",0.026710709821705134,0.10468405140109152,0.0023102310231023103,0.02697049331899361,0.03762376237623762,-1.0,0.015228426395939085,0.0365482233502538,0.0365482233502538,0.03371428571428572,0.05909090909090908,-1.0
vitl,5,3,0.7,-21.68102734051367,10.341058939973218,81.72012015762016,0.18279879842379843,0.11418145488937731,"[4, 0, 2, 1, 3, 2, 4, 5, 0, 2, 1, 3, 2, 3, 1, 3]","[14, 15, 14, 9, 11, 10, 11, 12, 8, 15, 15, 13, 11, 14, 11, 14]",0.025522591009823944,0.09874345734168559,0.0023102310231023103,0.024822419216711585,0.03762376237623762,-1.0,0.015228426395939085,0.03350253807106599,0.03350253807106599,0.030285714285714284,0.05909090909090908,-1.0
vitl,5,3,0.8,-24.438276719138358,10.951598056904755,86.85449966699967,0.13145500333000332,0.10971152661916604,"[1, 0, 1, 0, 2, 1, 3, 5, 0, 2, 1, 3, 2, 3, 1, 1]","[14, 15, 14, 9, 11, 10, 11, 12, 8, 15, 15, 13, 11, 14, 11, 14]",0.0222762663773607,0.0855421372096724,0.00165016501650165,0.02086506194252263,0.03762376237623762,-1.0,0.015228426395939085,0.025380710659898477,0.025380710659898477,0.021142857142857147,0.05909090909090908,-1.0
vitl,5,3,0.9,-26.612261806130903,11.409973707244026,90.90940309690309,0.09090596903096904,0.07862596460697235,"[1, 0, 1, 0, 2, 0, 2, 3, 0, 2, 1, 2, 2, 1, 1, 0]","[14, 15, 14, 9, 11, 10, 11, 12, 8, 15, 15, 13, 11, 14, 11, 14]",0.018998899889988995,0.06419141914191419,0.00165016501650165,0.017729300402567733,0.0297029702970297,-1.0,0.014720812182741117,0.01979695431472081,0.01979695431472081,0.017714285714285717,0.03636363636363636,-1.0
vitl,5,3,0.98,-30.323943661971832,12.152674602736633,96.8947718947719,0.03105228105228105,0.04993620770571625,"[1, 0, 0, 0, 1, 0, 0, 2, 0, 0, 0, 1, 1, 0, 0, 0]","[14, 15, 14, 9, 11, 10, 11, 12, 8, 15, 15, 13, 11, 14, 11, 14]",0.013283828382838283,0.039603960396039604,0.00165016501650165,0.010561056105610561,0.0297029702970297,-1.0,0.01015228426395939,0.01116751269035533,0.01116751269035533,0.008,0.03636363636363636,-1.0
vitl,5,3,0.99,-30.933719966859982,12.270391191808027,97.94372294372295,0.02056277056277056,0.04635396482000445,"[1, 0, 0, 0, 1, 0, 0, 2, 0, 0, 0, 0, 0, 0, 0, 0]","[14, 15, 14, 9, 11, 10, 11, 12, 8, 15, 15, 13, 11, 14, 11, 14]",0.010148514851485149,0.0297029702970297,0.0,0.008580858085808581,0.009900990099009898,-1.0,0.006091370558375634,0.007106598984771574,0.007106598984771574,0.006857142857142858,0.00909090909090909,-1.0
vitl,10,1,0,-201.10869565217385,35.9339672176619,238.59724765974767,-1.3859724765974768,1.5789587897692874,"[36, 34, 25, 50, 44, 38, 36, 43, 25, 64, 37, 97]","[16, 9, 16, 8, 15, 13, 16, 15, 14, 13, 14, 15]",0.11820076783478407,0.36750817439409855,0.03263371692236097,0.13106586477834506,0.12941073545156356,-1.0,0.03170731707317073,0.16280487804878047,0.20304878048780486,0.19938271604938274,0.5,-1.0
vitl,10,1,0.05,-4.126086956521738,5.722761571129799,38.49905881155881,0.6150094118844119,0.20838434567522643,"[12, 11, 13, 14, 15, 10, 10, 9, 7, 19, 5, 24]","[16, 9, 16, 8, 15, 13, 16, 15, 14, 13, 14, 15]",0.11231757986707289,0.3438273061800974,0.031230393762509828,0.12478105170779266,0.11782178217821779,-1.0,0.03170731707317073,0.15853658536585366,0.17439024390243904,0.17469135802469138,0.15,-1.0
vitl,10,1,0.1,-6.252173913043476,6.8068592855540455,44.86810643060644,0.5513189356939358,0.18705905093504,"[7, 11, 6, 13, 11, 7, 8, 9, 4, 16, 5, 17]","[16, 9, 16, 8, 15, 13, 16, 15, 14, 13, 14, 15]",0.10230702828757232,0.3138931275176442,0.02880226129409057,0.11173572186317622,0.11782178217821779,-1.0,0.03170731707317073,0.14329268292682926,0.1469512195121951,0.14691358024691356,0.15,-1.0
vitl,10,1,0.15,-9.617391304347823,8.23609940040389,53.54713573463573,0.46452864265364263,0.2082641196032676,"[7, 7, 5, 12, 9, 4, 5, 7, 2, 16, 3, 11]","[16, 9, 16, 8, 15, 13, 16, 15, 14, 13, 14, 15]",0.09636534093603988,0.29137046018009893,0.027456495649564955,0.10364563436987087,0.11782178217821779,-1.0,0.03170731707317073,0.12926829268292683,0.1323170731707317,0.13209876543209878,0.15,-1.0
vitl,10,1,0.2,-11.130434782608692,8.803408430829505,55.342134717134705,0.44657865282865283,0.24966983591225017,"[5, 5, 4, 10, 8, 4, 5, 7, 1, 14, 2, 11]","[16, 9, 16, 8, 15, 13, 16, 15, 14, 13, 14, 15]",0.09132454685943413,0.2724035032434415,0.027456495649564955,0.09828963231075075,0.11782178217821779,-1.0,0.03170731707317073,0.12195121951219515,0.1231707317073171,0.12283950617283952,0.15,-1.0
vitl,10,1,0.25,-12.747826086956518,9.371943946339698,56.68752543752543,0.4331247456247456,0.3041222456113947,"[4, 5, 3, 8, 8, 3, 5, 7, 1, 14, 0, 10]","[16, 9, 16, 8, 15, 13, 16, 15, 14, 13, 14, 15]",0.08785612648798521,0.26580284317743486,0.02561219357229841,0.09256673384862961,0.11782178217821779,-1.0,0.028048780487804882,0.11219512195121953,0.11341463414634148,0.11296296296296296,0.15,-1.0
vitl,10,1,0.3,-13.869565217391301,9.746794344808963,59.32641432641434,0.40673585673585677,0.3081572053096838,"[4, 5, 3, 7, 8, 2, 3, 6, 1, 13, 0, 10]","[16, 9, 16, 8, 15, 13, 16, 15, 14, 13, 14, 15]",0.08513335421075748,0.25240738598465673,0.024156165616561653,0.09053687433000628,0.11782178217821779,-1.0,0.028048780487804882,0.10670731707317074,0.1079268292682927,0.1074074074074074,0.15,-1.0
vitl,10,1,0.4,-14.599999999999996,9.983319421247959,64.00234025234025,0.35997659747659744,0.26723327161854227,"[4, 4, 3, 5, 8, 2, 3, 6, 1, 13, 0, 7]","[16, 9, 16, 8, 15, 13, 16, 15, 14, 13, 14, 15]",0.08513335421075748,0.25240738598465673,0.024156165616561653,0.0897484621554555,0.11782178217821779,-1.0,0.028048780487804882,0.10609756097560977,0.10731707317073172,0.1067901234567901,0.15,-1.0
vitl,10,1,0.5,-16.686956521739127,10.63014581273465,71.59849409849409,0.284015059015059,0.19406024269759667,"[4, 4, 2, 4, 6, 1, 2, 5, 1, 8, 0, 7]","[16, 9, 16, 8, 15, 13, 16, 15, 14, 13, 14, 15]",0.07650769477288766,0.22724701041532724,0.021995949594959492,0.07958033034302087,0.11782178217821779,-1.0,0.028048780487804882,0.09390243902439024,0.09390243902439024,0.09320987654320986,0.15,-1.0
vitl,10,1,0.6,-19.947826086956518,11.568635759385518,78.78332315832316,0.2121667684167684,0.1691230426319999,"[2, 4, 1, 3, 3, 1, 1, 3, 1, 6, 0, 7]","[16, 9, 16, 8, 15, 13, 16, 15, 14, 13, 14, 15]",0.06468445819098773,0.18260576057605762,0.020195769576957692,0.06812258272452346,0.11782178217821779,-1.0,0.028048780487804882,0.07682926829268293,0.07682926829268293,0.07592592592592592,0.15,-1.0
vitl,10,1,0.7,-21.38260869565217,11.958260743101398,82.65796703296702,0.17342032967032964,0.13401728574569982,"[2, 3, 1, 3, 2, 1, 1, 2, 1, 4, 0, 6]","[16, 9, 16, 8, 15, 13, 16, 15, 14, 13, 14, 15]",0.05598286339622972,0.1451914422211452,0.020195769576957692,0.059656854017657746,0.0,-1.0,0.028048780487804882,0.06585365853658535,0.06585365853658535,0.06666666666666667,0.0,-1.0
vitl,10,1,0.8,-22.726086956521733,12.311918344975057,86.007326007326,0.1399267399267399,0.11372651073059824,"[2, 3, 1, 2, 2, 0, 1, 1, 1, 4, 0, 4]","[16, 9, 16, 8, 15, 13, 16, 15, 14, 13, 14, 15]",0.049607192862143365,0.12682696841112684,0.020195769576957692,0.053708456980151795,0.0,-1.0,0.02378048780487805,0.05670731707317074,0.05670731707317074,0.05740740740740741,0.0,-1.0
vitl,10,1,0.9,-26.665217391304342,13.294735800308331,93.15081908831911,0.06849180911680912,0.0875847013840531,"[0, 2, 0, 2, 1, 0, 1, 0, 0, 2, 0, 1]","[16, 9, 16, 8, 15, 13, 16, 15, 14, 13, 14, 15]",0.023573785950023574,0.0594059405940594,0.013201320132013198,0.02495049504950495,0.0,-1.0,0.013414634146341465,0.025,0.025,0.025308641975308643,0.0,-1.0
vitl,10,1,0.98,-29.039130434782603,13.853399101544236,98.95833333333334,0.010416666666666666,0.03454817489953541,"[0, 0, 0, 1, 0, 0, 0, 0, 0, 0, 0, 0]","[16, 9, 16, 8, 15, 13, 16, 15, 14, 13, 14, 15]",0.006930693069306929,0.0099009900990099,0.0099009900990099,0.006930693069306929,0.0,-1.0,0.00426829268292683,0.00426829268292683,0.00426829268292683,0.004320987654320987,0.0,-1.0
vitl,10,2,0,-1418.8938679245286,77.59091441657328,629.563727938728,-5.29563727938728,1.2501442682594053,"[79, 93, 98, 95, 94, 84, 73, 95, 89, 98, 79, 68, 99, 98, 98, 99, 46, 95, 100, 99]","[8, 12, 15, 15, 13, 12, 15, 13, 11, 13, 9, 9, 12, 12, 15, 14, 11, 12, 12, 15]",0.17106938354243548,0.421722245212804,0.09430430139658573,0.18873382110652195,0.06170219019301371,-1.0,0.0375,0.22298387096774194,0.2745967741935484,0.26625000000000004,0.525,-1.0
vitl,10,2,0.05,-65.04952830188681,16.734694499751107,113.33327783327785,-0.1333327783327784,0.7177109311131528,"[26, 22, 39, 23, 35, 13, 16, 39, 6, 29, 24, 8, 31, 15, 35, 31, 7, 28, 36, 46]","[8, 12, 15, 15, 13, 12, 15, 13, 11, 13, 9, 9, 12, 12, 15, 14, 11, 12, 12, 15]",0.1682199731358699,0.4131417689556111,0.09268394484381066,0.1858222329590421,0.060596951192292456,-1.0,0.0375,0.22298387096774194,0.2524193548387097,0.2441666666666667,0.5,-1.0
vitl,10,2,0.1,-20.780660377358494,9.609890738192604,64.59126984126983,0.3540873015873016,0.40734431479982025,"[18, 15, 28, 16, 25, 8, 13, 32, 6, 21, 16, 6, 23, 13, 27, 19, 5, 17, 24, 35]","[8, 12, 15, 15, 13, 12, 15, 13, 11, 13, 9, 9, 12, 12, 15, 14, 11, 12, 12, 15]",0.16641204129133821,0.4105279075694725,0.09139475342466874,0.18305395472940786,0.060596951192292456,-1.0,0.0375,0.22298387096774194,0.2439516129032258,0.23541666666666666,0.5,-1.0
vitl,10,2,0.15,-8.174528301886795,6.23698645180507,41.15583028083029,0.5884416971916973,0.2819523563378219,"[13, 12, 21, 14, 21, 7, 12, 26, 6, 21, 9, 5, 19, 11, 22, 17, 5, 12, 22, 25]","[8, 12, 15, 15, 13, 12, 15, 13, 11, 13, 9, 9, 12, 12, 15, 14, 11, 12, 12, 15]",0.1657138211803098,0.40683649796608445,0.09139475342466874,0.18258913725529402,0.060596951192292456,-1.0,0.0375,0.22298387096774194,0.242741935483871,0.2341666666666667,0.5,-1.0
vitl,10,2,0.2,-5.014150943396228,5.049752469181039,35.92890442890443,0.6407109557109558,0.22140916734400537,"[12, 10, 17, 13, 19, 5, 8, 23, 6, 16, 8, 4, 18, 9, 20, 14, 4, 10, 20, 14]","[8, 12, 15, 15, 13, 12, 15, 13, 11, 13, 9, 9, 12, 12, 15, 14, 11, 12, 12, 15]",0.16268489234299602,0.3978944774841727,0.09139475342466874,0.17802980582860678,0.060596951192292456,-1.0,0.0375,0.21895161290322585,0.23306451612903228,0.2241666666666667,0.5,-1.0
vitl,10,2,0.25,-4.247641509433963,4.716990566028302,33.97077922077922,0.6602922077922079,0.20835637866819862,"[12, 9, 15, 12, 16, 5, 8, 22, 5, 14, 8, 4, 16, 7, 20, 13, 3, 10, 16, 12]","[8, 12, 15, 15, 13, 12, 15, 13, 11, 13, 9, 9, 12, 12, 15, 14, 11, 12, 12, 15]",0.1608593923271894,0.38805129411754213,0.09139475342466874,0.17526296037001407,0.060596951192292456,-1.0,0.0375,0.21774193548387094,0.2286290322580645,0.21958333333333338,0.5,-1.0
vitl,10,2,0.3,-5.3561320754717,5.191338940966964,39.42562992562993,0.6057437007437008,0.1810071556453432,"[12, 8, 10, 9, 15, 5, 8, 22, 4, 12, 6, 4, 15, 6, 19, 12, 3, 7, 15, 11]","[8, 12, 15, 15, 13, 12, 15, 13, 11, 13, 9, 9, 12, 12, 15, 14, 11, 12, 12, 15]",0.15768084760737897,0.3774161190816129,0.09139475342466874,0.17157602956052556,0.060596951192292456,-1.0,0.0375,0.21451612903225808,0.22298387096774194,0.21375000000000002,0.5,-1.0
vitl,10,2,0.4,-7.254716981132077,5.916079783099616,43.48197635697636,0.5651802364302364,0.2458462778099407,"[11, 6, 9, 7, 12, 2, 8, 20, 4, 11, 3, 3, 13, 5, 14, 11, 2, 4, 13, 10]","[8, 12, 15, 15, 13, 12, 15, 13, 11, 13, 9, 9, 12, 12, 15, 14, 11, 12, 12, 15]",0.14847056044151014,0.3537007607515963,0.08408449923260088,0.16175817556429176,0.043102947853294424,-1.0,0.0375,0.1967741935483871,0.20080645161290325,0.19624999999999998,0.3375,-1.0
vitl,10,2,0.5,-8.587264150943398,6.375735251718032,45.99131424131425,0.5400868575868576,0.2760425868597337,"[10, 5, 8, 6, 12, 2, 7, 14, 4, 9, 1, 3, 12, 5, 11, 10, 1, 3, 13, 9]","[8, 12, 15, 15, 13, 12, 15, 13, 11, 13, 9, 9, 12, 12, 15, 14, 11, 12, 12, 15]",0.14559242357121935,0.3473491821975144,0.0815936841133531,0.16054659165812263,0.034736445073078735,-1.0,0.0375,0.1907258064516129,0.19475806451612904,0.19249999999999998,0.2625,-1.0
vitl,10,2,0.6,-9.790094339622645,6.7638746292343415,48.714910089910084,0.5128508991008991,0.2779720859784656,"[9, 5, 6, 5, 11, 2, 6, 11, 4, 9, 1, 2, 11, 5, 10, 9, 1, 3, 12, 9]","[8, 12, 15, 15, 13, 12, 15, 13, 11, 13, 9, 9, 12, 12, 15, 14, 11, 12, 12, 15]",0.14257876959012705,0.3335706916724056,0.0815936841133531,0.15608881762960403,0.034736445073078735,-1.0,0.0375,0.1870967741935484,0.18951612903225806,0.18708333333333332,0.2625,-1.0
vitl,10,2,0.7,-11.653301886792455,7.3246160308919945,54.59848484848485,0.4540151515151515,0.246551703272069,"[8, 5, 6, 4, 10, 2, 6, 8, 4, 8, 1, 2, 10, 5, 9, 7, 0, 3, 8, 7]","[8, 12, 15, 15, 13, 12, 15, 13, 11, 13, 9, 9, 12, 12, 15, 14, 11, 12, 12, 15]",0.13074854230583322,0.30400544475137203,0.07872164118386932,0.14315693500254378,0.034736445073078735,-1.0,0.036290322580645164,0.16935483870967744,0.16935483870967744,0.16624999999999998,0.2625,-1.0
vitl,10,2,0.8,-16.924528301886795,8.717797887081348,65.85568598068599,0.3414431401931402,0.20439182867603164,"[5, 4, 3, 1, 8, 2, 2, 8, 3, 7, 1, 2, 9, 4, 5, 6, 0, 3, 6, 5]","[8, 12, 15, 15, 13, 12, 15, 13, 11, 13, 9, 9, 12, 12, 15, 14, 11, 12, 12, 15]",0.1145342168649811,0.24928294243369303,0.07211843946978184,0.12488319568620686,0.020365822296515367,-1.0,0.036290322580645164,0.14556451612903226,0.14556451612903226,0.14500000000000002,0.1625,-1.0
vitl,10,2,0.9,-23.41037735849057,10.173494974687902,80.03685203685205,0.19963147963147962,0.13892412033996193,"[2, 1, 1, 1, 4, 1, 2, 6, 3, 2, 0, 1, 6, 4, 2, 4, 0, 2, 3, 5]","[8, 12, 15, 15, 13, 12, 15, 13, 11, 13, 9, 9, 12, 12, 15, 14, 11, 12, 12, 15]",0.08005062231593431,0.16592370734178463,0.05575520145999562,0.08518150949221392,0.0,-1.0,0.034274193548387094,0.09274193548387097,0.09274193548387097,0.09583333333333333,0.0,-1.0
vitl,10,2,0.98,-32.86792452830189,11.983321743156194,95.25241425241427,0.04747585747585747,0.05802753851135453,"[0, 1, 0, 0, 0, 0, 0, 1, 1, 1, 0, 0, 2, 2, 0, 1, 0, 0, 1, 2]","[8, 12, 15, 15, 13, 12, 15, 13, 11, 13, 9, 9, 12, 12, 15, 14, 11, 12, 12, 15]",0.030564199277070565,0.04785478547854785,0.031494578029231494,0.030747074707470748,0.0,-1.0,0.02217741935483871,0.0282258064516129,0.0282258064516129,0.029166666666666664,0.0,-1.0
vitl,10,2,0.99,-34.47169811320755,12.263767773404714,97.75824175824177,0.02241758241758241,0.04823058993326417,"[0, 0, 0, 0, 0, 0, 0, 1, 0, 0, 0, 0, 0, 2, 0, 1, 0, 0, 0, 2]","[8, 12, 15, 15, 13, 12, 15, 13, 11, 13, 9, 9, 12, 12, 15, 14, 11, 12, 12, 15]",0.019405940594059406,0.0297029702970297,0.01782178217821782,0.019405940594059406,0.0,-1.0,0.012096774193548387,0.015725806451612902,0.015725806451612902,0.01625,0.0,-1.0
vitl,10,3,0,-762.1483015741508,59.9843729649648,484.14346070596076,-3.841434607059607,1.8883921018729481,"[41, 65, 82, 75, 53, 93, 85, 97, 56, 60, 83, 62, 39, 50, 78, 92]","[14, 15, 14, 9, 11, 10, 11, 12, 8, 15, 15, 13, 11, 14, 11, 14]",0.18804018535944497,0.5293014999242555,0.0698282669902617,0.2188145268875446,0.16867838881074787,-1.0,0.03553299492385787,0.234010152284264,0.3284263959390863,0.3142857142857143,0.4409090909090908,-1.0
vitl,10,3,0.05,-11.513670256835129,7.681145747868608,51.27133283383284,0.48728667166167167,0.4092069417508371,"[11, 21, 30, 15, 14, 27, 17, 16, 10, 12, 26, 15, 14, 19, 20, 16]","[14, 15, 14, 9, 11, 10, 11, 12, 8, 15, 15, 13, 11, 14, 11, 14]",0.17479568133000917,0.4874683840583977,0.06759734467877508,0.2043170434343411,0.1604041197660425,-1.0,0.03553299492385787,0.234010152284264,0.27918781725888325,0.26742857142857146,0.3727272727272727,-1.0
vitl,10,3,0.1,-4.474730737365369,5.080600358225394,30.01652861027861,0.6998347138972139,0.33887020326005207,"[10, 18, 23, 13, 10, 24, 12, 12, 7, 10, 20, 12, 12, 14, 17, 12]","[14, 15, 14, 9, 11, 10, 11, 12, 8, 15, 15, 13, 11, 14, 11, 14]",0.16797853009158867,0.4647791916309454,0.06457367273758376,0.1951953587126452,0.15707180587005903,-1.0,0.03553299492385787,0.234010152284264,0.25786802030456857,0.24571428571428572,0.35454545454545455,-1.0
vitl,10,3,0.15,-3.056338028169014,4.373213921133975,27.046339077589078,0.7295366092241092,0.278191926447115,"[8, 17, 19, 12, 10, 22, 11, 11, 7, 10, 18, 10, 11, 13, 16, 10]","[14, 15, 14, 9, 11, 10, 11, 12, 8, 15, 15, 13, 11, 14, 11, 14]",0.16655088266124593,0.45952655369109513,0.06457367273758376,0.19229928821060652,0.15707180587005903,-1.0,0.03553299492385787,0.234010152284264,0.25431472081218276,0.2417142857142857,0.35454545454545455,-1.0
vitl,10,3,0.2,-2.207953603976802,3.8890872965260113,27.00363872238872,0.7299636127761128,0.18625568112050103,"[7, 16, 18, 11, 10, 18, 10, 11, 5, 10, 17, 8, 9, 12, 14, 9]","[14, 15, 14, 9, 11, 10, 11, 12, 8, 15, 15, 13, 11, 14, 11, 14]",0.16443586549151276,0.44815845331830484,0.06457367273758376,0.19055493496329898,0.1533658754058493,-1.0,0.03553299492385787,0.23147208121827414,0.249746192893401,0.2382857142857143,0.34090909090909094,-1.0
vitl,10,3,0.25,-2.1019055509527753,3.824264635194589,24.35933857808858,0.7564066142191143,0.19569827728395445,"[7, 15, 18, 9, 10, 17, 9, 11, 5, 10, 14, 8, 9, 9, 11, 9]","[14, 15, 14, 9, 11, 10, 11, 12, 8, 15, 15, 13, 11, 14, 11, 14]",0.16388208129953424,0.44815845331830484,0.06457367273758376,0.18988958842864553,0.1533658754058493,-1.0,0.03553299492385787,0.23147208121827414,0.2487309644670051,0.23714285714285716,0.34090909090909094,-1.0
vitl,10,3,0.3,-2.327257663628832,3.960744879438715,27.053016428016424,0.7294698357198357,0.1631023237746056,"[7, 15, 17, 7, 10, 14, 9, 10, 4, 10, 13, 8, 9, 9, 10, 6]","[14, 15, 14, 9, 11, 10, 11, 12, 8, 15, 15, 13, 11, 14, 11, 14]",0.16324001709311362,0.44173781125409833,0.06457367273758376,0.18913245389166244,0.1533658754058493,-1.0,0.03553299492385787,0.23147208121827414,0.2482233502538071,0.2365714285714286,0.34090909090909094,-1.0
vitl,10,3,0.4,-3.4805302402651197,4.596194077712559,32.21497252747253,0.6778502747252747,0.16474186193653323,"[5, 11, 13, 6, 10, 11, 8, 9, 4, 10, 11, 7, 6, 9, 9, 6]","[14, 15, 14, 9, 11, 10, 11, 12, 8, 15, 15, 13, 11, 14, 11, 14]",0.15197425146524696,0.4080866269302448,0.06231438640626606,0.17369144172023548,0.1533658754058493,-1.0,0.03553299492385787,0.22284263959390865,0.22741116751269036,0.21314285714285716,0.34090909090909094,-1.0
vitl,10,3,0.5,-5.071251035625518,5.350233639758174,39.26635864135864,0.6073364135864137,0.1490688918971734,"[5, 11, 10, 6, 10, 7, 7, 8, 4, 9, 11, 6, 6, 8, 7, 4]","[14, 15, 14, 9, 11, 10, 11, 12, 8, 15, 15, 13, 11, 14, 11, 14]",0.1416185701440235,0.37941175175041914,0.05713353887832315,0.15945348688224287,0.1533658754058493,-1.0,0.03553299492385787,0.20406091370558377,0.20761421319796955,0.19085714285714286,0.34090909090909094,-1.0
vitl,10,3,0.6,-7.76222038111019,6.427480066091221,47.3864676989677,0.526135323010323,0.1560934527375756,"[4, 8, 8, 6, 10, 5, 7, 7, 4, 7, 10, 5, 5, 7, 6, 3]","[14, 15, 14, 9, 11, 10, 11, 12, 8, 15, 15, 13, 11, 14, 11, 14]",0.13039231263789053,0.3494435763614516,0.0521057832079751,0.1450408389827632,0.1455423614430561,-1.0,0.03553299492385787,0.18527918781725888,0.18527918781725888,0.1685714285714286,0.3181818181818182,-1.0
vitl,10,3,0.7,-11.381110190555095,7.640353394968063,56.96017524142525,0.43039824758574763,0.17418780593364208,"[3, 7, 7, 6, 9, 3, 7, 5, 3, 4, 9, 4, 5, 5, 4, 2]","[14, 15, 14, 9, 11, 10, 11, 12, 8, 15, 15, 13, 11, 14, 11, 14]",0.11050648329848362,0.2934947166896631,0.047400362170821886,0.12931659644514037,0.10890189748740463,-1.0,0.03553299492385787,0.15431472081218273,0.15431472081218273,0.1462857142857143,0.21818181818181817,-1.0
vitl,10,3,0.8,-15.543496271748136,8.831760866327848,67.0257867132867,0.32974213286713283,0.16717400585238062,"[2, 4, 6, 6, 7, 1, 6, 4, 2, 2, 6, 4, 4, 4, 3, 2]","[14, 15, 14, 9, 11, 10, 11, 12, 8, 15, 15, 13, 11, 14, 11, 14]",0.09144951139596542,0.23766431942733446,0.04218931475029035,0.10370554258199224,0.10368137543519941,-1.0,0.03553299492385787,0.1218274111675127,0.1218274111675127,0.11142857142857143,0.20454545454545453,-1.0
vitl,10,3,0.9,-23.04639602319801,10.647769719523428,83.87544746919747,0.1612455253080253,0.10665480036576869,"[2, 3, 2, 3, 1, 1, 5, 3, 1, 2, 3, 2, 1, 1, 1, 0]","[14, 15, 14, 9, 11, 10, 11, 12, 8, 15, 15, 13, 11, 14, 11, 14]",0.05087488773691265,0.12007675421920072,0.033521923620933515,0.062225388445693135,0.050165016501650166,-1.0,0.03299492385786802,0.05989847715736041,0.05989847715736041,0.06,0.05909090909090908,-1.0
vitl,10,3,0.98,-31.49047224523612,12.376893794486563,99.01515151515153,0.00984848484848485,0.026406704633232393,"[0, 0, 0, 0, 0, 0, 1, 0, 0, 1, 0, 0, 0, 0, 0, 0]","[14, 15, 14, 9, 11, 10, 11, 12, 8, 15, 15, 13, 11, 14, 11, 14]",0.011881188118811881,0.019801980198019802,0.0099009900990099,0.011881188118811881,0.0,-1.0,0.006091370558375634,0.006091370558375634,0.006091370558375634,0.006857142857142858,0.0,-1.0
vitl,30,1,0,-634.2043478260867,63.704395452747214,469.7097578347578,-3.6970975783475786,1.3375600638559981,"[84, 56, 41, 66, 75, 68, 81, 86, 71, 93, 90, 96]","[16, 9, 16, 8, 15, 13, 16, 15, 14, 13, 14, 15]",0.19365754349033043,0.49946262183440876,0.12823708174551732,0.20128001588273592,0.21012524244193348,-1.0,0.04207317073170732,0.21890243902439024,0.2628048780487805,0.2574074074074074,0.7,-1.0
vitl,30,1,0.05,-11.847826086956518,9.059985283284588,57.32638888888889,0.42673611111111115,0.36245277626831496,"[20, 9, 11, 15, 21, 21, 22, 24, 21, 31, 21, 31]","[16, 9, 16, 8, 15, 13, 16, 15, 14, 13, 14, 15]",0.19024391018113268,0.48269282178066386,0.12823708174551732,0.19647878273170166,0.21012524244193348,-1.0,0.04207317073170732,0.21890243902439024,0.2451219512195122,0.23950617283950618,0.7,-1.0
vitl,30,1,0.1,-2.130434782608695,4.47213595499958,25.415521978021978,0.7458447802197803,0.24587886446091478,"[15, 9, 10, 13, 14, 12, 20, 18, 15, 24, 12, 20]","[16, 9, 16, 8, 15, 13, 16, 15, 14, 13, 14, 15]",0.18682928047411562,0.4654450140177139,0.12678714595695936,0.192981137754234,0.21012524244193348,-1.0,0.04207317073170732,0.21890243902439024,0.23475609756097562,0.22901234567901235,0.7,-1.0
vitl,30,1,0.15,-1.4782608695652169,3.9791121287711073,25.154278591778596,0.7484572140822142,0.15614667755310555,"[11, 7, 9, 11, 12, 8, 15, 15, 13, 20, 11, 18]","[16, 9, 16, 8, 15, 13, 16, 15, 14, 13, 14, 15]",0.1826925717145404,0.4507577876228761,0.12678714595695936,0.18710245696323377,0.21012524244193348,-1.0,0.04207317073170732,0.2176829268292683,0.2231707317073171,0.21728395061728395,0.7,-1.0
vitl,30,1,0.2,-2.691304347826086,4.856267428111155,30.817816442816444,0.6918218355718356,0.17372330933708527,"[9, 4, 8, 8, 10, 8, 13, 11, 9, 19, 11, 15]","[16, 9, 16, 8, 15, 13, 16, 15, 14, 13, 14, 15]",0.17906015563012262,0.4399470543756384,0.12678714595695936,0.1838921900401142,0.21012524244193348,-1.0,0.04207317073170732,0.21524390243902441,0.21707317073170734,0.2111111111111111,0.7,-1.0
vitl,30,1,0.25,-3.9043478260869557,5.597618541248888,36.983872608872595,0.630161273911274,0.13443298571990162,"[8, 4, 7, 7, 10, 8, 9, 10, 8, 15, 9, 11]","[16, 9, 16, 8, 15, 13, 16, 15, 14, 13, 14, 15]",0.174352689762907,0.4332879813886937,0.12134838483848384,0.18013365703761258,0.1809405940594059,-1.0,0.04207317073170732,0.20487804878048782,0.20548780487804877,0.20493827160493824,0.25,-1.0
vitl,30,1,0.3,-5.926086956521737,6.652067347825035,43.08620777370778,0.5691379222629223,0.15641516741112665,"[8, 4, 6, 7, 8, 8, 5, 9, 7, 10, 8, 11]","[16, 9, 16, 8, 15, 13, 16, 15, 14, 13, 14, 15]",0.1722073352387668,0.41183443614729165,0.12134838483848384,0.1769316616462576,0.1809405940594059,-1.0,0.04207317073170732,0.20243902439024392,0.20243902439024392,0.20185185185185187,0.25,-1.0
vitl,30,1,0.4,-8.469565217391303,7.7781745930520225,52.21166564916565,0.47788334350834355,0.1277717065145132,"[8, 4, 4, 6, 7, 7, 5, 8, 5, 8, 7, 7]","[16, 9, 16, 8, 15, 13, 16, 15, 14, 13, 14, 15]",0.1677395134565886,0.39475522822649967,0.12134838483848384,0.173099417602702,0.1809405940594059,-1.0,0.04207317073170732,0.19695121951219513,0.19695121951219513,0.1962962962962963,0.25,-1.0
vitl,30,1,0.5,-11.273913043478258,8.855318552523487,60.52248677248676,0.3947751322751323,0.12047933895936842,"[6, 4, 3, 4, 7, 6, 3, 7, 3, 7, 6, 7]","[16, 9, 16, 8, 15, 13, 16, 15, 14, 13, 14, 15]",0.15703929155055088,0.34989089886432245,0.12134838483848384,0.162122801063774,0.1809405940594059,-1.0,0.04207317073170732,0.18292682926829268,0.18292682926829268,0.18209876543209877,0.25,-1.0
vitl,30,1,0.6,-15.395652173913039,10.23474474522936,69.73837505087505,0.3026162494912495,0.13317812336639,"[2, 4, 3, 4, 5, 4, 2, 7, 2, 5, 3, 6]","[16, 9, 16, 8, 15, 13, 16, 15, 14, 13, 14, 15]",0.12593707037520283,0.2671067106710671,0.1019016187333019,0.12950192422305173,0.1809405940594059,-1.0,0.04207317073170732,0.14268292682926828,0.14268292682926828,0.14135802469135803,0.25,-1.0
vitl,30,1,0.7,-18.69565217391304,11.217545780309226,77.86795380545381,0.22132046194546193,0.10856052648002043,"[2, 4, 3, 3, 3, 3, 2, 4, 2, 2, 1, 5]","[16, 9, 16, 8, 15, 13, 16, 15, 14, 13, 14, 15]",0.10053971793555579,0.2079207920792079,0.07899311670297464,0.10289486184274188,0.1809405940594059,-1.0,0.04207317073170732,0.1103658536585366,0.1103658536585366,0.10864197530864197,0.25,-1.0
vitl,30,1,0.8,-22.973913043478255,12.376052143824648,86.44230769230771,0.13557692307692307,0.11808298691242147,"[2, 3, 3, 3, 2, 0, 1, 3, 0, 1, 0, 2]","[16, 9, 16, 8, 15, 13, 16, 15, 14, 13, 14, 15]",0.0626984126984127,0.12871287128712872,0.05852585258525853,0.0632881964667055,0.0,-1.0,0.031097560975609756,0.06280487804878049,0.06280487804878049,0.06358024691358025,0.0,-1.0
vitl,30,1,0.9,-26.573913043478253,13.272779161376365,94.68304843304844,0.053169515669515666,0.04999882685249645,"[1, 1, 0, 1, 2, 0, 1, 0, 0, 1, 0, 1]","[16, 9, 16, 8, 15, 13, 16, 15, 14, 13, 14, 15]",0.02920792079207921,0.04950495049504951,0.039603960396039604,0.02937293729372937,0.0,-1.0,0.026219512195121954,0.028048780487804882,0.028048780487804882,0.02839506172839506,0.0,-1.0
vitl,30,2,0,-1644.672169811321,83.53232907084538,696.3913863913864,-5.963913863913864,1.4823139346066765,"[98, 94, 94, 95, 99, 99, 99, 95, 98, 98, 83, 98, 98, 95, 96, 96, 91, 97, 98, 96]","[8, 12, 15, 15, 13, 12, 15, 13, 11, 13, 9, 9, 12, 12, 15, 14, 11, 12, 12, 15]",0.2090935803332236,0.48242554148658856,0.14182787126331284,0.20977815209307718,0.3711980694512264,-1.0,0.04314516129032258,0.2411290322580645,0.28911290322580646,0.28250000000000003,0.4875,-1.0
vitl,30,2,0.05,-167.34905660377362,26.71703576372199,174.17091242091243,-0.7417091242091243,1.0170681631994551,"[18, 29, 38, 20, 51, 23, 32, 60, 8, 37, 24, 21, 32, 23, 63, 33, 18, 36, 49, 71]","[8, 12, 15, 15, 13, 12, 15, 13, 11, 13, 9, 9, 12, 12, 15, 14, 11, 12, 12, 15]",0.20707284337717888,0.4746842653582528,0.1414935665891763,0.2080769299019068,0.3711980694512264,-1.0,0.04314516129032258,0.2411290322580645,0.27338709677419354,0.26625,0.4875,-1.0
vitl,30,2,0.1,-40.8867924528302,13.326664999166145,78.70865245865247,0.21291347541347544,0.6140737950619577,"[12, 22, 19, 13, 34, 16, 25, 43, 6, 23, 10, 12, 28, 14, 42, 23, 10, 22, 25, 37]","[8, 12, 15, 15, 13, 12, 15, 13, 11, 13, 9, 9, 12, 12, 15, 14, 11, 12, 12, 15]",0.2054468048002555,0.4691348907398789,0.1414935665891763,0.20621694720357314,0.36391352580636216,-1.0,0.04314516129032258,0.2411290322580645,0.2641129032258065,0.25833333333333336,0.4375,-1.0
vitl,30,2,0.15,-17.750000000000004,8.916277250063503,50.159687534687535,0.4984031246531247,0.4381614115767253,"[11, 17, 17, 8, 29, 11, 18, 33, 6, 17, 8, 10, 24, 10, 33, 15, 9, 17, 18, 31]","[8, 12, 15, 15, 13, 12, 15, 13, 11, 13, 9, 9, 12, 12, 15, 14, 11, 12, 12, 15]",0.20438250633293803,0.4660741631214496,0.1414935665891763,0.20529052061637476,0.36391352580636216,-1.0,0.04314516129032258,0.2411290322580645,0.2612903225806452,0.2554166666666667,0.4375,-1.0
vitl,30,2,0.2,-9.129716981132077,6.553624951124378,40.0785742035742,0.599214257964258,0.302159671046661,"[11, 15, 14, 7, 23, 9, 17, 29, 6, 15, 6, 8, 21, 9, 28, 14, 6, 14, 16, 23]","[8, 12, 15, 15, 13, 12, 15, 13, 11, 13, 9, 9, 12, 12, 15, 14, 11, 12, 12, 15]",0.20361315216979897,0.46220377608274577,0.1414935665891763,0.20446762135199856,0.36391352580636216,-1.0,0.04314516129032258,0.23911290322580644,0.25806451612903225,0.2520833333333333,0.4375,-1.0
vitl,30,2,0.25,-5.1792452830188696,5.118593556827891,32.37075424575425,0.6762924575424576,0.2477457403829944,"[9, 12, 12, 7, 20, 9, 15, 26, 5, 14, 5, 7, 19, 8, 21, 12, 5, 12, 16, 18]","[8, 12, 15, 15, 13, 12, 15, 13, 11, 13, 9, 9, 12, 12, 15, 14, 11, 12, 12, 15]",0.20203675923638797,0.45727269473931725,0.1414935665891763,0.20304207809356087,0.36391352580636216,-1.0,0.04314516129032258,0.2366935483870968,0.2556451612903226,0.24958333333333335,0.4375,-1.0
vitl,30,2,0.3,-4.81367924528302,4.964876634922564,32.991813741813736,0.6700818625818626,0.23032563724910463,"[8, 12, 10, 7, 16, 8, 14, 25, 4, 13, 5, 5, 17, 7, 19, 9, 5, 9, 16, 14]","[8, 12, 15, 15, 13, 12, 15, 13, 11, 13, 9, 9, 12, 12, 15, 14, 11, 12, 12, 15]",0.20058457051590475,0.45195787754331196,0.1414935665891763,0.20091828251789448,0.36391352580636216,-1.0,0.04314516129032258,0.2342741935483871,0.25120967741935485,0.24500000000000002,0.4375,-1.0
vitl,30,2,0.4,-5.1792452830188696,5.118593556827891,36.16595904095904,0.6383404095904097,0.20796285744493678,"[7, 7, 8, 6, 14, 7, 12, 22, 4, 13, 4, 5, 14, 6, 15, 9, 5, 6, 16, 12]","[8, 12, 15, 15, 13, 12, 15, 13, 11, 13, 9, 9, 12, 12, 15, 14, 11, 12, 12, 15]",0.19864499194266286,0.4457634119429057,0.13854865671357336,0.19874380735169547,0.36391352580636216,-1.0,0.04314516129032258,0.2342741935483871,0.24798387096774194,0.2416666666666667,0.4375,-1.0
vitl,30,2,0.5,-7.4551886792452855,5.987486951969082,44.453657453657456,0.5554634254634254,0.20655396325323477,"[6, 6, 6, 5, 10, 6, 10, 17, 4, 10, 1, 4, 12, 4, 10, 8, 5, 5, 10, 8]","[8, 12, 15, 15, 13, 12, 15, 13, 11, 13, 9, 9, 12, 12, 15, 14, 11, 12, 12, 15]",0.18738246902327538,0.4115531068124715,0.1351663309033526,0.1860338016960977,0.36391352580636216,-1.0,0.04314516129032258,0.2254032258064516,0.2270161290322581,0.22000000000000003,0.4375,-1.0
vitl,30,2,0.6,-9.29481132075472,6.606814663663572,49.778749028749026,0.5022125097125097,0.18735822429487223,"[6, 6, 5, 4, 7, 5, 9, 14, 4, 9, 1, 4, 10, 4, 8, 7, 5, 5, 6, 8]","[8, 12, 15, 15, 13, 12, 15, 13, 11, 13, 9, 9, 12, 12, 15, 14, 11, 12, 12, 15]",0.18214456747375224,0.39671349691445024,0.13122082357066445,0.1802167055844322,0.36391352580636216,-1.0,0.04314516129032258,0.21693548387096775,0.217741935483871,0.2104166666666667,0.4375,-1.0
vitl,30,2,0.7,-12.3372641509434,7.519973404208288,56.44816294816294,0.43551837051837045,0.1793145628139388,"[6, 5, 3, 3, 6, 5, 8, 12, 4, 6, 1, 4, 7, 4, 5, 5, 5, 4, 6, 8]","[8, 12, 15, 15, 13, 12, 15, 13, 11, 13, 9, 9, 12, 12, 15, 14, 11, 12, 12, 15]",0.17063782996431173,0.36402780681647334,0.12718121961026838,0.16891876404559752,0.3413342762847713,-1.0,0.04314516129032258,0.1991935483870968,0.2,0.19416666666666665,0.375,-1.0
vitl,30,2,0.8,-15.603773584905664,8.390470785361213,64.07212232212231,0.35927877677877684,0.14841516358255938,"[4, 5, 2, 2, 6, 5, 7, 10, 4, 4, 1, 4, 5, 4, 4, 3, 4, 3, 5, 6]","[8, 12, 15, 15, 13, 12, 15, 13, 11, 13, 9, 9, 12, 12, 15, 14, 11, 12, 12, 15]",0.15535907887806114,0.3197836345519299,0.11787722329341647,0.1534975041617943,0.3413342762847713,-1.0,0.04314516129032258,0.17983870967741936,0.17983870967741936,0.17333333333333334,0.375,-1.0
vitl,30,2,0.9,-24.106132075471702,10.31746092796091,80.47791097791098,0.19522089022089023,0.08369920006683547,"[2, 3, 0, 1, 3, 3, 4, 3, 2, 2, 1, 3, 3, 2, 1, 3, 2, 2, 4, 3]","[8, 12, 15, 15, 13, 12, 15, 13, 11, 13, 9, 9, 12, 12, 15, 14, 11, 12, 12, 15]",0.09986549967969804,0.18643353697071835,0.08012956298521696,0.09461846948925949,0.30554455445544554,-1.0,0.04314516129032258,0.10967741935483873,0.10967741935483873,0.1025,0.325,-1.0
vitl,30,3,0,-1252.6072908036454,76.8801827521241,649.0133997946499,-5.490133997946498,1.6149322332982365,"[80, 95, 93, 86, 88, 98, 98, 96, 87, 80, 83, 82, 91, 85, 84, 96]","[14, 15, 14, 9, 11, 10, 11, 12, 8, 15, 15, 13, 11, 14, 11, 14]",0.2654217212463423,0.6911448755667742,0.11430030542040583,0.2708369654639212,0.3013333143979537,-1.0,0.05177664974619289,0.3045685279187817,0.3395939086294416,0.32971428571428574,0.41818181818181815,-1.0
vitl,30,3,0.05,-229.3628831814416,32.9564106055256,235.52182192807192,-1.3552182192807192,1.0837744161182976,"[33, 78, 53, 33, 30, 50, 18, 44, 11, 38, 56, 50, 36, 58, 49, 32]","[14, 15, 14, 9, 11, 10, 11, 12, 8, 15, 15, 13, 11, 14, 11, 14]",0.2650458060021474,0.6892892029464912,0.11430030542040583,0.2708369654639212,0.2972595787276834,-1.0,0.05177664974619289,0.3045685279187817,0.3365482233502538,0.32857142857142857,0.4,-1.0
vitl,30,3,0.1,-82.07539353769677,19.79109648301478,140.65679112554113,-0.40656791125541125,0.7547385538314408,"[23, 50, 36, 24, 24, 41, 16, 28, 9, 26, 37, 39, 25, 43, 32, 23]","[14, 15, 14, 9, 11, 10, 11, 12, 8, 15, 15, 13, 11, 14, 11, 14]",0.26453150658260555,0.6892892029464912,0.11430030542040583,0.2699430142688077,0.2972595787276834,-1.0,0.05177664974619289,0.3045685279187817,0.33248730964467005,0.32400000000000007,0.4,-1.0
vitl,30,3,0.15,-43.84507042253521,14.540890619215867,100.51330613830613,-0.0051330613830613825,0.6280153063136801,"[21, 42, 27, 20, 16, 35, 14, 26, 8, 21, 31, 28, 22, 36, 28, 21]","[14, 15, 14, 9, 11, 10, 11, 12, 8, 15, 15, 13, 11, 14, 11, 14]",0.26453150658260555,0.6892892029464912,0.11430030542040583,0.2699430142688077,0.2972595787276834,-1.0,0.05177664974619289,0.3045685279187817,0.33248730964467005,0.32400000000000007,0.4,-1.0
vitl,30,3,0.2,-26.453189726594864,11.377060252982753,76.00073537573539,0.23999264624264627,0.5392520122637666,"[19, 36, 22, 20, 14, 28, 14, 22, 8, 17, 30, 21, 19, 33, 27, 16]","[14, 15, 14, 9, 11, 10, 11, 12, 8, 15, 15, 13, 11, 14, 11, 14]",0.26453150658260555,0.6892892029464912,0.11430030542040583,0.2699430142688077,0.2972595787276834,-1.0,0.05177664974619289,0.3045685279187817,0.33248730964467005,0.32400000000000007,0.4,-1.0
vitl,30,3,0.25,-15.225352112676056,8.74642784226795,59.23524392274392,0.40764756077256076,0.436257581137657,"[19, 29, 20, 18, 13, 27, 13, 20, 6, 15, 26, 20, 16, 29, 21, 15]","[14, 15, 14, 9, 11, 10, 11, 12, 8, 15, 15, 13, 11, 14, 11, 14]",0.2636342293548828,0.6846481138375804,0.11430030542040583,0.2690247924878863,0.2972595787276834,-1.0,0.05177664974619289,0.3045685279187817,0.3309644670050761,0.32228571428571434,0.4,-1.0
vitl,30,3,0.3,-9.339685169842586,6.98212002188447,45.41746447996448,0.5458253552003552,0.3944502177051495,"[16, 24, 17, 17, 13, 25, 11, 20, 6, 15, 24, 18, 16, 27, 16, 14]","[14, 15, 14, 9, 11, 10, 11, 12, 8, 15, 15, 13, 11, 14, 11, 14]",0.2636342293548828,0.6846481138375804,0.11430030542040583,0.2690247924878863,0.2972595787276834,-1.0,0.05177664974619289,0.3045685279187817,0.3309644670050761,0.32228571428571434,0.4,-1.0
vitl,30,3,0.4,-2.7779618889809443,4.220485754033533,29.508755133755134,0.7049124486624487,0.23445005414641523,"[13, 20, 14, 13, 12, 20, 9, 16, 4, 13, 19, 17, 12, 21, 13, 10]","[14, 15, 14, 9, 11, 10, 11, 12, 8, 15, 15, 13, 11, 14, 11, 14]",0.26267704792245383,0.6793195809842951,0.11430030542040583,0.2684723767312892,0.2955920435531133,-1.0,0.05177664974619289,0.3045685279187817,0.3284263959390863,0.32000000000000006,0.39545454545454545,-1.0
vitl,30,3,0.5,-0.47141673570836784,2.6339134382131846,17.495941558441558,0.8250405844155845,0.15634287908259162,"[12, 16, 13, 9, 11, 15, 9, 15, 4, 11, 16, 13, 10, 18, 10, 10]","[14, 15, 14, 9, 11, 10, 11, 12, 8, 15, 15, 13, 11, 14, 11, 14]",0.2607970750527812,0.6726580853416432,0.11430030542040583,0.266529579429581,0.2955920435531133,-1.0,0.05177664974619289,0.3045685279187817,0.32588832487309644,0.31714285714285717,0.39545454545454545,-1.0
vitl,30,3,0.6,-1.0016570008285006,3.072051431861127,21.029317904317903,0.789706820956821,0.1379235144174246,"[11, 15, 11, 8, 11, 11, 8, 14, 4, 11, 13, 9, 9, 11, 9, 7]","[14, 15, 14, 9, 11, 10, 11, 12, 8, 15, 15, 13, 11, 14, 11, 14]",0.24941324574933693,0.626231802310806,0.11430030542040583,0.2533451406152187,0.2955920435531133,-1.0,0.05177664974619289,0.29644670050761424,0.31015228426395935,0.2994285714285715,0.39545454545454545,-1.0
vitl,30,3,0.7,-2.075393537696769,3.8078865529319543,26.255688755688755,0.7374431124431124,0.15362338154887098,"[10, 13, 8, 7, 11, 9, 7, 12, 4, 9, 12, 9, 9, 11, 7, 7]","[14, 15, 14, 9, 11, 10, 11, 12, 8, 15, 15, 13, 11, 14, 11, 14]",0.24295350581661518,0.6005178239177362,0.11154638764452227,0.24707374011526698,0.2955920435531133,-1.0,0.05177664974619289,0.2903553299492386,0.3020304568527919,0.2902857142857143,0.39545454545454545,-1.0
vitl,30,3,0.8,-7.338028169014084,6.269968101992227,48.64722083472083,0.5135277916527916,0.15006843071119655,"[8, 11, 8, 5, 9, 4, 5, 8, 2, 6, 9, 6, 6, 5, 6, 4]","[14, 15, 14, 9, 11, 10, 11, 12, 8, 15, 15, 13, 11, 14, 11, 14]",0.19311282378983388,0.44890354142903066,0.09565405911300513,0.1965569154237919,0.23890103263720036,-1.0,0.05177664974619289,0.2299492385786802,0.23248730964467007,0.22514285714285717,0.2909090909090909,-1.0
vitl,30,3,0.9,-19.864954432477216,9.918417212438687,79.75628538128538,0.20243714618714614,0.10356321881404645,"[2, 5, 4, 3, 3, 1, 2, 4, 0, 2, 5, 3, 2, 3, 1, 1]","[14, 15, 14, 9, 11, 10, 11, 12, 8, 15, 15, 13, 11, 14, 11, 14]",0.0901807349949399,0.1777201182472436,0.07216649296508598,0.08257463259671664,0.1899186841761099,-1.0,0.04771573604060914,0.10558375634517767,0.10558375634517767,0.09142857142857143,0.21818181818181817,-1.0
vitl,50,1,0,-801.3956521739128,71.59899906190496,536.4512108262109,-4.364512108262109,1.2071477200486085,"[96, 59, 68, 78, 97, 83, 86, 93, 83, 87, 92, 93]","[16, 9, 16, 8, 15, 13, 16, 15, 14, 13, 14, 15]",0.20370988222928713,0.4678175882051764,0.1455072297468482,0.2061792634291378,0.38914191419141914,-1.0,0.039634146341463415,0.23963414634146338,0.26951219512195124,0.2660493827160494,0.55,-1.0
vitl,50,1,0.05,-21.982608695652168,12.11748048619569,85.17933455433456,0.14820665445665443,0.3683935845825857,"[35, 18, 14, 19, 25, 27, 27, 31, 19, 30, 22, 27]","[16, 9, 16, 8, 15, 13, 16, 15, 14, 13, 14, 15]",0.20162701701808985,0.4603835372876906,0.14438211723559707,0.20357437275943704,0.38914191419141914,-1.0,0.039634146341463415,0.23963414634146338,0.2573170731707317,0.2537037037037037,0.55,-1.0
vitl,50,1,0.1,-3.0565217391304333,5.090841449767088,31.167836792836795,0.6883216320716321,0.24405857641210102,"[25, 10, 13, 14, 19, 16, 18, 23, 14, 22, 11, 16]","[16, 9, 16, 8, 15, 13, 16, 15, 14, 13, 14, 15]",0.19938841936741242,0.4505147018959493,0.14438211723559707,0.20095713754144637,0.38914191419141914,-1.0,0.039634146341463415,0.23963414634146338,0.25,0.2462962962962963,0.55,-1.0
vitl,50,1,0.15,-1.6869565217391296,4.143267631552018,26.277345339845336,0.7372265466015465,0.2243028005315099,"[18, 10, 10, 14, 17, 13, 15, 17, 10, 21, 8, 13]","[16, 9, 16, 8, 15, 13, 16, 15, 14, 13, 14, 15]",0.19896992390961923,0.44632974731801733,0.14438211723559707,0.20046516287814153,0.38914191419141914,-1.0,0.039634146341463415,0.23963414634146338,0.249390243902439,0.245679012345679,0.55,-1.0
vitl,50,1,0.2,-1.9478260869565212,4.339738855430512,28.88431013431013,0.7111568986568986,0.19068063362362295,"[16, 6, 9, 13, 14, 10, 13, 15, 8, 19, 8, 11]","[16, 9, 16, 8, 15, 13, 16, 15, 14, 13, 14, 15]",0.19794740481779316,0.44118884861276214,0.14438211723559707,0.1998473410959633,0.38914191419141914,-1.0,0.039634146341463415,0.23963414634146338,0.2475609756097561,0.2438271604938272,0.55,-1.0
vitl,50,1,0.25,-3.1999999999999993,5.180090089306685,34.15547415547415,0.6584452584452584,0.1806070569775377,"[15, 5, 9, 12, 14, 9, 8, 15, 7, 18, 8, 8]","[16, 9, 16, 8, 15, 13, 16, 15, 14, 13, 14, 15]",0.19647121094739858,0.43564148536579916,0.14438211723559707,0.19805765757465982,0.38914191419141914,-1.0,0.039634146341463415,0.23963414634146338,0.2451219512195122,0.24135802469135803,0.55,-1.0
vitl,50,1,0.3,-4.8434782608695635,6.110100926607787,39.11960724460724,0.6088039275539275,0.18693847457743765,"[15, 5, 7, 11, 12, 8, 6, 13, 5, 16, 7, 7]","[16, 9, 16, 8, 15, 13, 16, 15, 14, 13, 14, 15]",0.18729215563495502,0.4107975769742587,0.1381624069055178,0.1875724091231713,0.38914191419141914,-1.0,0.039634146341463415,0.22073170731707314,0.2262195121951219,0.22222222222222224,0.55,-1.0
vitl,50,1,0.4,-5.926086956521737,6.652067347825035,41.14557895807896,0.5885442104192105,0.21488901914100195,"[14, 4, 5, 9, 12, 8, 6, 11, 5, 11, 6, 6]","[16, 9, 16, 8, 15, 13, 16, 15, 14, 13, 14, 15]",0.1854195805989455,0.40434830819416967,0.1381624069055178,0.18546967906003245,0.38914191419141914,-1.0,0.039634146341463415,0.22073170731707314,0.223780487804878,0.21975308641975314,0.55,-1.0
vitl,50,1,0.5,-12.278260869565214,9.210501253098732,62.165496540496534,0.3783450345950346,0.16844112058559532,"[9, 4, 3, 5, 8, 6, 4, 6, 1, 6, 2, 6]","[16, 9, 16, 8, 15, 13, 16, 15, 14, 13, 14, 15]",0.1550991541797684,0.3194406838507702,0.11950049966108141,0.15573264244628884,0.2272277227722772,-1.0,0.039634146341463415,0.1798780487804878,0.1798780487804878,0.17901234567901234,0.25,-1.0
vitl,50,1,0.6,-13.986956521739126,9.785192895390463,66.12611925111925,0.3387388074888075,0.16650128179012022,"[6, 4, 3, 5, 8, 5, 3, 6, 1, 5, 1, 6]","[16, 9, 16, 8, 15, 13, 16, 15, 14, 13, 14, 15]",0.14141808312582724,0.2921372703604296,0.10931929286115614,0.1414947785251095,0.2272277227722772,-1.0,0.039634146341463415,0.15853658536585363,0.15853658536585363,0.1574074074074074,0.25,-1.0
vitl,50,1,0.7,-16.491304347826084,10.571187255932987,72.13802401302401,0.27861975986975984,0.14683155866339934,"[5, 4, 3, 4, 5, 5, 2, 5, 1, 5, 0, 4]","[16, 9, 16, 8, 15, 13, 16, 15, 14, 13, 14, 15]",0.12424516050958677,0.2559969771574653,0.0996985194630616,0.123532787605586,0.2272277227722772,-1.0,0.03597560975609756,0.13597560975609757,0.13597560975609757,0.1345679012345679,0.25,-1.0
vitl,50,1,0.8,-20.691304347826083,11.772142257606868,82.64690170940172,0.1735309829059829,0.10395676240623894,"[4, 3, 2, 2, 3, 3, 1, 4, 0, 3, 0, 2]","[16, 9, 16, 8, 15, 13, 16, 15, 14, 13, 14, 15]",0.08543103901279114,0.16831683168316833,0.07638399288845292,0.0882121384701986,0.0,-1.0,0.03414634146341463,0.09207317073170732,0.09207317073170732,0.09320987654320986,0.0,-1.0
vitl,50,1,0.9,-26.247826086956515,13.194064322009854,94.07674501424502,0.05923254985754986,0.05624167894228403,"[2, 1, 1, 1, 1, 0, 0, 1, 0, 2, 0, 0]","[16, 9, 16, 8, 15, 13, 16, 15, 14, 13, 14, 15]",0.032421813609932425,0.0594059405940594,0.031117397454031113,0.033111739745403115,0.0,-1.0,0.025609756097560978,0.032926829268292684,0.032926829268292684,0.03333333333333333,0.0,-1.0
vitl,50,2,0,-1728.6933962264154,85.63819241436615,715.4660339660338,-6.15466033966034,1.5679705381750206,"[100, 95, 99, 99, 100, 98, 98, 99, 99, 99, 95, 100, 99, 94, 97, 100, 96, 96, 98, 99]","[8, 12, 15, 15, 13, 12, 15, 13, 11, 13, 9, 9, 12, 12, 15, 14, 11, 12, 12, 15]",0.20900279624249618,0.4959436902825359,0.1283705943457643,0.21798351450968279,0.2534480044333935,-1.0,0.04112903225806451,0.25564516129032266,0.30201612903225805,0.29625,0.475,-1.0
vitl,50,2,0.05,-246.78301886792457,32.41296037081463,233.6445637695638,-1.3364456376956375,1.0956296501202532,"[39, 28, 57, 31, 56, 26, 34, 65, 24, 30, 29, 22, 44, 30, 39, 52, 32, 46, 64, 78]","[8, 12, 15, 15, 13, 12, 15, 13, 11, 13, 9, 9, 12, 12, 15, 14, 11, 12, 12, 15]",0.20708213576360263,0.4904023984905594,0.1283705943457643,0.21592182318208167,0.2534480044333935,-1.0,0.04112903225806451,0.25564516129032266,0.28750000000000003,0.28125,0.475,-1.0
vitl,50,2,0.1,-71.74764150943398,17.562744660217547,112.83660783660783,-0.12836607836607838,0.8117329249133384,"[28, 21, 39, 15, 34, 11, 25, 46, 14, 18, 14, 14, 34, 20, 28, 33, 16, 27, 37, 53]","[8, 12, 15, 15, 13, 12, 15, 13, 11, 13, 9, 9, 12, 12, 15, 14, 11, 12, 12, 15]",0.20577184366280746,0.4858186794622689,0.1274812838578293,0.21434884674786425,0.2534480044333935,-1.0,0.04112903225806451,0.25564516129032266,0.27903225806451615,0.2725,0.475,-1.0
vitl,50,2,0.15,-31.405660377358494,11.721774609674084,70.22406759906761,0.297759324009324,0.632475616649925,"[23, 12, 30, 13, 27, 7, 17, 41, 8, 14, 8, 11, 31, 17, 20, 28, 14, 19, 23, 37]","[8, 12, 15, 15, 13, 12, 15, 13, 11, 13, 9, 9, 12, 12, 15, 14, 11, 12, 12, 15]",0.2046225012960958,0.4824036977655881,0.1274812838578293,0.21341455883139854,0.2534480044333935,-1.0,0.04112903225806451,0.2540322580645161,0.27580645161290324,0.26916666666666667,0.475,-1.0
vitl,50,2,0.2,-16.853773584905664,8.700574693662482,50.277153402153395,0.497228465978466,0.4964509453015021,"[19, 11, 21, 12, 24, 6, 14, 33, 8, 13, 7, 9, 30, 14, 18, 25, 13, 16, 15, 32]","[8, 12, 15, 15, 13, 12, 15, 13, 11, 13, 9, 9, 12, 12, 15, 14, 11, 12, 12, 15]",0.2033192061663154,0.4784258806290358,0.1274812838578293,0.2124571758172264,0.24842121351900795,-1.0,0.04112903225806451,0.2540322580645161,0.2725806451612903,0.2670833333333333,0.4375,-1.0
vitl,50,2,0.25,-8.457547169811322,6.332456079595025,36.87190587190587,0.6312809412809413,0.36493609078488615,"[16, 10, 18, 11, 17, 6, 13, 26, 8, 11, 6, 8, 27, 12, 16, 22, 10, 12, 13, 28]","[8, 12, 15, 15, 13, 12, 15, 13, 11, 13, 9, 9, 12, 12, 15, 14, 11, 12, 12, 15]",0.20104907549876355,0.47411830701453145,0.12574110984042755,0.20962523090387394,0.24842121351900795,-1.0,0.04112903225806451,0.25201612903225806,0.2653225806451613,0.2595833333333334,0.4375,-1.0
vitl,50,2,0.3,-5.025943396226416,5.054700782440045,32.658771783771776,0.6734122821622821,0.2540479259933128,"[13, 9, 16, 8, 15, 6, 12, 25, 8, 10, 6, 7, 23, 10, 15, 19, 7, 12, 11, 21]","[8, 12, 15, 15, 13, 12, 15, 13, 11, 13, 9, 9, 12, 12, 15, 14, 11, 12, 12, 15]",0.19832117496008994,0.4597877429317486,0.12574110984042755,0.20683589446653985,0.24842121351900795,-1.0,0.04112903225806451,0.25161290322580643,0.25927419354838716,0.25333333333333335,0.4375,-1.0
vitl,50,2,0.4,-4.28301886792453,4.732863826479693,34.95143745143746,0.6504856254856256,0.1698792954958633,"[12, 8, 12, 4, 14, 6, 12, 18, 6, 10, 5, 5, 18, 7, 10, 14, 6, 7, 10, 18]","[8, 12, 15, 15, 13, 12, 15, 13, 11, 13, 9, 9, 12, 12, 15, 14, 11, 12, 12, 15]",0.19647868840728716,0.4597877429317486,0.12574110984042755,0.20411566908365636,0.24842121351900795,-1.0,0.04112903225806451,0.24758064516129036,0.255241935483871,0.24916666666666668,0.4375,-1.0
vitl,50,2,0.5,-5.674528301886793,5.319774431308154,39.4751776001776,0.6052482239982241,0.17922694689362645,"[11, 7, 9, 4, 11, 6, 11, 16, 4, 7, 4, 4, 13, 6, 8, 11, 5, 6, 10, 13]","[8, 12, 15, 15, 13, 12, 15, 13, 11, 13, 9, 9, 12, 12, 15, 14, 11, 12, 12, 15]",0.19133225540306878,0.44077266817708016,0.12574110984042755,0.19904091425004936,0.24842121351900795,-1.0,0.04112903225806451,0.24314516129032265,0.24637096774193554,0.24,0.4375,-1.0
vitl,50,2,0.6,-7.490566037735851,6.0,44.40313852813853,0.5559686147186147,0.18581252682109173,"[9, 7, 6, 4, 9, 6, 11, 14, 4, 5, 2, 4, 9, 6, 8, 9, 5, 6, 9, 9]","[8, 12, 15, 15, 13, 12, 15, 13, 11, 13, 9, 9, 12, 12, 15, 14, 11, 12, 12, 15]",0.18854928577957583,0.43289228830235804,0.12574110984042755,0.1944762781012453,0.24842121351900795,-1.0,0.04112903225806451,0.23911290322580644,0.24193548387096775,0.23541666666666666,0.4375,-1.0
vitl,50,2,0.7,-11.42924528301887,7.259476565152615,53.368492618492624,0.46631507381507376,0.2106756726120128,"[8, 4, 4, 3, 8, 5, 9, 11, 4, 4, 1, 4, 7, 6, 5, 7, 5, 3, 8, 8]","[8, 12, 15, 15, 13, 12, 15, 13, 11, 13, 9, 9, 12, 12, 15, 14, 11, 12, 12, 15]",0.17124711321897143,0.39055202876882317,0.11381655972118206,0.1770761449836242,0.2127018416127327,-1.0,0.04112903225806451,0.2149193548387097,0.2153225806451613,0.21208333333333332,0.3125,-1.0
vitl,50,2,0.8,-16.051886792452834,8.502940667792526,63.399503274503274,0.36600496725496723,0.1921241649341322,"[7, 2, 4, 2, 7, 5, 5, 10, 4, 3, 1, 4, 6, 4, 3, 5, 4, 2, 5, 5]","[8, 12, 15, 15, 13, 12, 15, 13, 11, 13, 9, 9, 12, 12, 15, 14, 11, 12, 12, 15]",0.14103365276363083,0.31816681668166813,0.10054281571529139,0.1448376695854197,0.19061763319189062,-1.0,0.04112903225806451,0.17379032258064517,0.17379032258064517,0.17124999999999999,0.25,-1.0
vitl,50,2,0.9,-24.554245283018872,10.409130607308182,79.15770340770341,0.20842296592296589,0.190190315192572,"[6, 0, 1, 1, 3, 2, 3, 8, 3, 1, 0, 2, 4, 3, 0, 2, 1, 1, 4, 4]","[8, 12, 15, 15, 13, 12, 15, 13, 11, 13, 9, 9, 12, 12, 15, 14, 11, 12, 12, 15]",0.08460502816750046,0.17841988280460702,0.07053343632235563,0.086240337334009,0.16303630363036303,-1.0,0.035483870967741936,0.10201612903225805,0.10201612903225805,0.1,0.1625,-1.0
vitl,50,2,0.98,-35.79245283018869,12.489995996796797,99.02777777777779,0.009722222222222226,0.02949550080777127,"[0, 0, 0, 0, 0, 0, 0, 0, 0, 0, 0, 1, 0, 1, 0, 0, 0, 0, 0, 0]","[8, 12, 15, 15, 13, 12, 15, 13, 11, 13, 9, 9, 12, 12, 15, 14, 11, 12, 12, 15]",0.006435643564356435,0.009900990099009901,0.009900990099009901,0.006435643564356435,0.0,-1.0,0.005241935483870967,0.005241935483870967,0.005241935483870967,0.005416666666666667,0.0,-1.0
vitl,50,3,0,-1356.6801988400994,80.00781211856753,674.6050824175823,-5.746050824175824,1.6625335246390605,"[99, 88, 98, 81, 95, 95, 97, 97, 100, 83, 94, 86, 85, 93, 86, 96]","[14, 15, 14, 9, 11, 10, 11, 12, 8, 15, 15, 13, 11, 14, 11, 14]",0.33758503853034505,0.7473481830076478,0.2388482258192971,0.33864339726767756,0.3957451559005952,-1.0,0.05025380710659898,0.3771573604060914,0.41218274111675124,0.40285714285714286,0.48636363636363633,-1.0
vitl,50,3,0.05,-288.5642087821044,36.94928957368463,295.8204295704296,-1.9582042957042955,0.8989922786130894,"[49, 58, 48, 42, 44, 54, 30, 54, 28, 37, 63, 48, 49, 56, 66, 41]","[14, 15, 14, 9, 11, 10, 11, 12, 8, 15, 15, 13, 11, 14, 11, 14]",0.337002994897236,0.7458307898890254,0.2388482258192971,0.3381330073810943,0.3957451559005952,-1.0,0.05025380710659898,0.3771573604060914,0.40862944162436554,0.39885714285714285,0.48636363636363633,-1.0
vitl,50,3,0.1,-106.51946975973487,22.515272594396897,173.73985389610388,-0.7373985389610389,0.7615634160175517,"[40, 35, 32, 27, 16, 43, 22, 36, 19, 29, 41, 39, 34, 42, 48, 29]","[14, 15, 14, 9, 11, 10, 11, 12, 8, 15, 15, 13, 11, 14, 11, 14]",0.33662301950429596,0.7434497298652148,0.2388482258192971,0.3375511149233826,0.3957451559005952,-1.0,0.05025380710659898,0.3771573604060914,0.40558375634517774,0.3954285714285714,0.48636363636363633,-1.0
vitl,50,3,0.15,-53.52195526097763,16.033168744823964,123.17810661560662,-0.23178106615606622,0.6216582074313908,"[31, 28, 24, 22, 13, 37, 20, 27, 16, 23, 32, 31, 31, 33, 37, 27]","[14, 15, 14, 9, 11, 10, 11, 12, 8, 15, 15, 13, 11, 14, 11, 14]",0.33629647522196077,0.7401842870418629,0.2388482258192971,0.33722350863334183,0.3957451559005952,-1.0,0.05025380710659898,0.3771573604060914,0.40456852791878173,0.3942857142857143,0.48636363636363633,-1.0
vitl,50,3,0.2,-33.7970173985087,12.808688457449499,96.2024087024087,0.03797591297591296,0.5833598328891332,"[28, 24, 18, 20, 12, 34, 19, 23, 14, 19, 26, 29, 29, 28, 31, 24]","[14, 15, 14, 9, 11, 10, 11, 12, 8, 15, 15, 13, 11, 14, 11, 14]",0.3359516878020423,0.7401842870418629,0.2388482258192971,0.33722350863334183,0.3957451559005952,-1.0,0.05025380710659898,0.3771573604060914,0.4035532994923858,0.3931428571428571,0.48636363636363633,-1.0
vitl,50,3,0.25,-19.281690140845072,9.778803607803972,70.06614912864913,0.29933850871350876,0.5077181357386669,"[23, 22, 17, 17, 11, 29, 16, 22, 10, 17, 24, 24, 26, 23, 28, 20]","[14, 15, 14, 9, 11, 10, 11, 12, 8, 15, 15, 13, 11, 14, 11, 14]",0.33550323119167536,0.7356997209381937,0.2388482258192971,0.3359071945225586,0.3957451559005952,-1.0,0.05025380710659898,0.3771573604060914,0.40203045685279193,0.3914285714285714,0.48636363636363633,-1.0
vitl,50,3,0.3,-9.392709196354598,7.0,48.71003996003995,0.5128996003996005,0.38728937033803146,"[20, 19, 17, 15, 11, 24, 14, 20, 8, 14, 20, 22, 24, 20, 20, 19]","[14, 15, 14, 9, 11, 10, 11, 12, 8, 15, 15, 13, 11, 14, 11, 14]",0.33407199895954126,0.7307328876211986,0.2388482258192971,0.3349444895564098,0.3957451559005952,-1.0,0.05025380710659898,0.3771573604060914,0.40050761421319797,0.38971428571428574,0.48636363636363633,-1.0
vitl,50,3,0.4,-2.5658657829328915,4.100304866714182,27.12487165612166,0.7287512834387835,0.2670784999940141,"[16, 16, 14, 11, 11, 20, 12, 14, 5, 12, 16, 17, 19, 18, 17, 16]","[14, 15, 14, 9, 11, 10, 11, 12, 8, 15, 15, 13, 11, 14, 11, 14]",0.33407199895954126,0.7307328876211986,0.2388482258192971,0.33431043600327126,0.3957451559005952,-1.0,0.05025380710659898,0.3771573604060914,0.398984771573604,0.388,0.48636363636363633,-1.0
vitl,50,3,0.5,-0.6039768019884011,2.75,18.133637196137197,0.818663628038628,0.18710088197656266,"[13, 15, 11, 9, 11, 17, 12, 13, 4, 12, 13, 14, 15, 17, 13, 13]","[14, 15, 14, 9, 11, 10, 11, 12, 8, 15, 15, 13, 11, 14, 11, 14]",0.3320855964357938,0.7239822125536918,0.2388482258192971,0.33210974182731945,0.3957451559005952,-1.0,0.05025380710659898,0.3756345177664974,0.3964467005076142,0.3851428571428571,0.48636363636363633,-1.0
vitl,50,3,0.6,-0.5642087821043911,2.715695122800054,19.618194305694303,0.803818056943057,0.12263674125516394,"[11, 13, 10, 6, 11, 11, 9, 13, 4, 12, 12, 11, 11, 10, 9, 10]","[14, 15, 14, 9, 11, 10, 11, 12, 8, 15, 15, 13, 11, 14, 11, 14]",0.3232977999027093,0.6909817412677605,0.23492011561697254,0.32417666668443407,0.3893460784928544,-1.0,0.05025380710659898,0.37208121827411167,0.3852791878172589,0.3737142857142857,0.47727272727272724,-1.0
vitl,50,3,0.7,-2.4730737365368682,4.046603514059662,30.738011988011987,0.6926198801198802,0.12332005589426445,"[10, 13, 9, 6, 10, 8, 5, 10, 4, 10, 10, 9, 9, 8, 7, 9]","[14, 15, 14, 9, 11, 10, 11, 12, 8, 15, 15, 13, 11, 14, 11, 14]",0.3026548417786767,0.636655740662166,0.22993451067349946,0.30165934072269246,0.3893460784928544,-1.0,0.05025380710659898,0.35736040609137054,0.36142131979695435,0.34685714285714286,0.47727272727272724,-1.0
vitl,50,3,0.8,-7.285004142502071,6.25,48.501342407592404,0.5149865759240759,0.1506748054867076,"[10, 7, 7, 6, 8, 2, 5, 9, 3, 7, 9, 6, 7, 5, 4, 7]","[14, 15, 14, 9, 11, 10, 11, 12, 8, 15, 15, 13, 11, 14, 11, 14]",0.2418664703588116,0.48329362347999505,0.18808656476026514,0.23766936055641513,0.322779399469733,-1.0,0.05025380710659898,0.2852791878172589,0.2852791878172589,0.27314285714285713,0.3818181818181818,-1.0
vitl,50,3,0.9,-24.862468931234467,11.042531412678889,87.96522921522923,0.12034770784770785,0.10324014436344034,"[0, 1, 3, 1, 4, 0, 1, 2, 0, 1, 2, 2, 3, 3, 0, 1]","[14, 15, 14, 9, 11, 10, 11, 12, 8, 15, 15, 13, 11, 14, 11, 14]",0.07035203520352035,0.12871287128712872,0.07333019016187332,0.05559371184371184,0.19251532296086754,-1.0,0.03705583756345178,0.07258883248730966,0.07258883248730966,0.055428571428571424,0.20909090909090908,-1.0
